{"timestamp": "2026-02-19T08:26:31.911388+00:00", "level": "INFO", "action": "ACTIVATION_CODE_SET", "details": "New activation code configured", "operator": "system", "plugin": "", "engagement_id": "", "previous_hash": "GENESIS", "hash": "afb2f15532e2c879"}
{"timestamp": "2026-02-19T08:26:31.924974+00:00", "level": "INFO", "action": "ACTIVATION_CODE_SET", "details": "New activation code configured", "operator": "system", "plugin": "", "engagement_id": "", "previous_hash": "afb2f15532e2c879", "hash": "34d325758364f511"}
{"timestamp": "2026-02-19T08:26:31.934070+00:00", "level": "WARN", "action": "ACTIVATION_SET_FAILED", "details": "Code complexity failed \u2014 must contain letters, digits, and special characters", "operator": "system", "plugin": "", "engagement_id": "", "previous_hash": "34d325758364f511", "hash": "2b333ba26791e854"}
{"timestamp": "2026-02-19T08:26:31.937055+00:00", "level": "WARN", "action": "ACTIVATION_SET_FAILED", "details": "Code complexity failed \u2014 must contain letters, digits, and special characters", "operator": "system", "plugin": "", "engagement_id": "", "previous_hash": "2b333ba26791e854", "hash": "1ea2846bae3748c8"}
{"timestamp": "2026-02-19T08:26:31.939072+00:00", "level": "WARN", "action": "ACTIVATION_SET_FAILED", "details": "Code complexity failed \u2014 must contain letters, digits, and special characters", "operator": "system", "plugin": "", "engagement_id": "", "previous_hash": "1ea2846bae3748c8", "hash": "4bc0562c719e8b5a"}
{"timestamp": "2026-02-19T08:26:31.941488+00:00", "level": "WARN", "action": "ACTIVATION_SET_FAILED", "details": "Code too short \u2014 minimum 8 characters required", "operator": "system", "plugin": "", "engagement_id": "", "previous_hash": "4bc0562c719e8b5a", "hash": "2397423ea2ed97d4"}
{"timestamp": "2026-02-19T08:26:31.943479+00:00", "level": "INFO", "action": "ACTIVATION_CODE_SET", "details": "New activation code configured", "operator": "system", "plugin": "", "engagement_id": "", "previous_hash": "2397423ea2ed97d4", "hash": "edf593e4b0e0b4ee"}
{"timestamp": "2026-02-19T08:26:31.943479+00:00", "level": "INFO", "action": "ACTIVATION_CODE_CLEARED", "details": "Activation code removed", "operator": "system", "plugin": "", "engagement_id": "", "previous_hash": "edf593e4b0e0b4ee", "hash": "954b9fa7a37006a5"}
{"timestamp": "2026-02-19T08:26:31.945477+00:00", "level": "WARN", "action": "ACTIVATION_VERIFY_FAILED", "details": "No activation code configured", "operator": "system", "plugin": "", "engagement_id": "", "previous_hash": "954b9fa7a37006a5", "hash": "80aa306f77bd787e"}
{"timestamp": "2026-02-19T08:26:31.947036+00:00", "level": "INFO", "action": "ACTIVATION_CODE_SET", "details": "New activation code configured", "operator": "system", "plugin": "", "engagement_id": "", "previous_hash": "80aa306f77bd787e", "hash": "bf314d6d462eb88b"}
{"timestamp": "2026-02-19T08:26:31.957214+00:00", "level": "INFO", "action": "ACTIVATION_CODE_SET", "details": "New activation code configured", "operator": "system", "plugin": "", "engagement_id": "", "previous_hash": "bf314d6d462eb88b", "hash": "dc9c9567f1d7b6a3"}
{"timestamp": "2026-02-19T08:26:31.982038+00:00", "level": "INFO", "action": "ROE_VALIDATED", "details": "RoE TEST-001 validated successfully", "operator": "system", "plugin": "", "engagement_id": "TEST-001", "previous_hash": "dc9c9567f1d7b6a3", "hash": "636d4ecd6ab21af8"}
{"timestamp": "2026-02-19T08:26:32.006117+00:00", "level": "WARN", "action": "POLICY_DENIED", "details": "RoE has not been validated for this engagement", "operator": "system", "plugin": "test-plugin", "engagement_id": "", "previous_hash": "636d4ecd6ab21af8", "hash": "6152fe62f87af891"}
{"timestamp": "2026-02-19T08:26:32.007081+00:00", "level": "INFO", "action": "POLICY_AUTHORIZED", "details": "Plugin 'info-only' authorized", "operator": "system", "plugin": "info-only", "engagement_id": "", "previous_hash": "6152fe62f87af891", "hash": "95983de1d90b5e65"}
{"timestamp": "2026-02-19T08:26:32.008496+00:00", "level": "INFO", "action": "ACTIVATION_CODE_SET", "details": "New activation code configured", "operator": "system", "plugin": "", "engagement_id": "", "previous_hash": "95983de1d90b5e65", "hash": "a9413e66e3e3d3ec"}
{"timestamp": "2026-02-19T09:34:12.349732+00:00", "level": "INFO", "action": "ACTIVATION_CODE_SET", "details": "New activation code configured", "operator": "system", "plugin": "", "engagement_id": "", "previous_hash": "a9413e66e3e3d3ec", "hash": "58690a307d20e6a8"}
{"timestamp": "2026-02-19T09:34:12.364869+00:00", "level": "INFO", "action": "ACTIVATION_CODE_SET", "details": "New activation code configured", "operator": "system", "plugin": "", "engagement_id": "", "previous_hash": "58690a307d20e6a8", "hash": "6e0676cf424acfd6"}
{"timestamp": "2026-02-19T09:34:12.374815+00:00", "level": "WARN", "action": "ACTIVATION_SET_FAILED", "details": "Code complexity failed \u2014 must contain letters, digits, and special characters", "operator": "system", "plugin": "", "engagement_id": "", "previous_hash": "6e0676cf424acfd6", "hash": "4209b43c12f2fd53"}
{"timestamp": "2026-02-19T09:34:12.376815+00:00", "level": "WARN", "action": "ACTIVATION_SET_FAILED", "details": "Code complexity failed \u2014 must contain letters, digits, and special characters", "operator": "system", "plugin": "", "engagement_id": "", "previous_hash": "4209b43c12f2fd53", "hash": "4fe703c3c09a392e"}
{"timestamp": "2026-02-19T09:34:12.378487+00:00", "level": "WARN", "action": "ACTIVATION_SET_FAILED", "details": "Code complexity failed \u2014 must contain letters, digits, and special characters", "operator": "system", "plugin": "", "engagement_id": "", "previous_hash": "4fe703c3c09a392e", "hash": "32f33f11885775fd"}
{"timestamp": "2026-02-19T09:34:12.379490+00:00", "level": "WARN", "action": "ACTIVATION_SET_FAILED", "details": "Code too short \u2014 minimum 8 characters required", "operator": "system", "plugin": "", "engagement_id": "", "previous_hash": "32f33f11885775fd", "hash": "c767b6e0a4fde6c3"}
{"timestamp": "2026-02-19T09:34:12.381489+00:00", "level": "INFO", "action": "ACTIVATION_CODE_SET", "details": "New activation code configured", "operator": "system", "plugin": "", "engagement_id": "", "previous_hash": "c767b6e0a4fde6c3", "hash": "925e27e54f391b76"}
{"timestamp": "2026-02-19T09:34:12.382489+00:00", "level": "INFO", "action": "ACTIVATION_CODE_CLEARED", "details": "Activation code removed", "operator": "system", "plugin": "", "engagement_id": "", "previous_hash": "925e27e54f391b76", "hash": "5fb04956c58a70cd"}
{"timestamp": "2026-02-19T09:34:12.384000+00:00", "level": "WARN", "action": "ACTIVATION_VERIFY_FAILED", "details": "No activation code configured", "operator": "system", "plugin": "", "engagement_id": "", "previous_hash": "5fb04956c58a70cd", "hash": "bc5eb7fa478b87fc"}
{"timestamp": "2026-02-19T09:34:12.385007+00:00", "level": "INFO", "action": "ACTIVATION_CODE_SET", "details": "New activation code configured", "operator": "system", "plugin": "", "engagement_id": "", "previous_hash": "bc5eb7fa478b87fc", "hash": "198e6c6264da40b9"}
{"timestamp": "2026-02-19T09:34:12.392037+00:00", "level": "INFO", "action": "ACTIVATION_CODE_SET", "details": "New activation code configured", "operator": "system", "plugin": "", "engagement_id": "", "previous_hash": "198e6c6264da40b9", "hash": "33494267dac826d2"}
{"timestamp": "2026-02-19T09:34:12.422099+00:00", "level": "INFO", "action": "ROE_VALIDATED", "details": "RoE TEST-001 validated successfully", "operator": "system", "plugin": "", "engagement_id": "TEST-001", "previous_hash": "33494267dac826d2", "hash": "6da0d116a5a15b8b"}
{"timestamp": "2026-02-19T09:34:12.436189+00:00", "level": "WARN", "action": "POLICY_DENIED", "details": "RoE has not been validated for this engagement", "operator": "system", "plugin": "test-plugin", "engagement_id": "", "previous_hash": "6da0d116a5a15b8b", "hash": "6b9b1948f1a246eb"}
{"timestamp": "2026-02-19T09:34:12.436189+00:00", "level": "INFO", "action": "POLICY_AUTHORIZED", "details": "Plugin 'info-only' authorized", "operator": "system", "plugin": "info-only", "engagement_id": "", "previous_hash": "6b9b1948f1a246eb", "hash": "b0fb59f8b78f34e0"}
{"timestamp": "2026-02-19T09:34:12.441063+00:00", "level": "INFO", "action": "ACTIVATION_CODE_SET", "details": "New activation code configured", "operator": "system", "plugin": "", "engagement_id": "", "previous_hash": "b0fb59f8b78f34e0", "hash": "d62167b79aeb8b6e"}
{"timestamp": "2026-02-19T09:34:23.145615+00:00", "level": "INFO", "action": "ACTIVATION_CODE_SET", "details": "New activation code configured", "operator": "system", "plugin": "", "engagement_id": "", "previous_hash": "d62167b79aeb8b6e", "hash": "68a5a89c25d1b619"}
{"timestamp": "2026-02-19T09:34:23.159864+00:00", "level": "INFO", "action": "ACTIVATION_CODE_SET", "details": "New activation code configured", "operator": "system", "plugin": "", "engagement_id": "", "previous_hash": "68a5a89c25d1b619", "hash": "98901230a1c4a92a"}
{"timestamp": "2026-02-19T09:34:23.164234+00:00", "level": "WARN", "action": "ACTIVATION_SET_FAILED", "details": "Code complexity failed \u2014 must contain letters, digits, and special characters", "operator": "system", "plugin": "", "engagement_id": "", "previous_hash": "98901230a1c4a92a", "hash": "2baa85a1f87ada68"}
{"timestamp": "2026-02-19T09:34:23.168111+00:00", "level": "WARN", "action": "ACTIVATION_SET_FAILED", "details": "Code complexity failed \u2014 must contain letters, digits, and special characters", "operator": "system", "plugin": "", "engagement_id": "", "previous_hash": "2baa85a1f87ada68", "hash": "5c9452bc3a607bfb"}
{"timestamp": "2026-02-19T09:34:23.169662+00:00", "level": "WARN", "action": "ACTIVATION_SET_FAILED", "details": "Code complexity failed \u2014 must contain letters, digits, and special characters", "operator": "system", "plugin": "", "engagement_id": "", "previous_hash": "5c9452bc3a607bfb", "hash": "3da26ff30d064ae9"}
{"timestamp": "2026-02-19T09:34:23.170713+00:00", "level": "WARN", "action": "ACTIVATION_SET_FAILED", "details": "Code too short \u2014 minimum 8 characters required", "operator": "system", "plugin": "", "engagement_id": "", "previous_hash": "3da26ff30d064ae9", "hash": "0ecc85a877a0c8d4"}
{"timestamp": "2026-02-19T09:34:23.174147+00:00", "level": "INFO", "action": "ACTIVATION_CODE_SET", "details": "New activation code configured", "operator": "system", "plugin": "", "engagement_id": "", "previous_hash": "0ecc85a877a0c8d4", "hash": "0351907c01cdc31a"}
{"timestamp": "2026-02-19T09:34:23.174147+00:00", "level": "INFO", "action": "ACTIVATION_CODE_CLEARED", "details": "Activation code removed", "operator": "system", "plugin": "", "engagement_id": "", "previous_hash": "0351907c01cdc31a", "hash": "bc5bf2d568868acb"}
{"timestamp": "2026-02-19T09:34:23.175207+00:00", "level": "WARN", "action": "ACTIVATION_VERIFY_FAILED", "details": "No activation code configured", "operator": "system", "plugin": "", "engagement_id": "", "previous_hash": "bc5bf2d568868acb", "hash": "66024656c54eab1d"}
{"timestamp": "2026-02-19T09:34:23.177150+00:00", "level": "INFO", "action": "ACTIVATION_CODE_SET", "details": "New activation code configured", "operator": "system", "plugin": "", "engagement_id": "", "previous_hash": "66024656c54eab1d", "hash": "94d8f8f7d88d2515"}
{"timestamp": "2026-02-19T09:34:23.183134+00:00", "level": "INFO", "action": "ACTIVATION_CODE_SET", "details": "New activation code configured", "operator": "system", "plugin": "", "engagement_id": "", "previous_hash": "94d8f8f7d88d2515", "hash": "cef4703c62aef585"}
{"timestamp": "2026-02-19T09:34:23.203875+00:00", "level": "INFO", "action": "ROE_VALIDATED", "details": "RoE TEST-001 validated successfully", "operator": "system", "plugin": "", "engagement_id": "TEST-001", "previous_hash": "cef4703c62aef585", "hash": "4956df8a3d26f1b4"}
{"timestamp": "2026-02-19T09:34:23.217552+00:00", "level": "WARN", "action": "POLICY_DENIED", "details": "RoE has not been validated for this engagement", "operator": "system", "plugin": "test-plugin", "engagement_id": "", "previous_hash": "4956df8a3d26f1b4", "hash": "22d9e7bb3774ee9e"}
{"timestamp": "2026-02-19T09:34:23.217552+00:00", "level": "INFO", "action": "POLICY_AUTHORIZED", "details": "Plugin 'info-only' authorized", "operator": "system", "plugin": "info-only", "engagement_id": "", "previous_hash": "22d9e7bb3774ee9e", "hash": "dbe4bc2935a64b73"}
{"timestamp": "2026-02-19T09:34:23.219555+00:00", "level": "INFO", "action": "ACTIVATION_CODE_SET", "details": "New activation code configured", "operator": "system", "plugin": "", "engagement_id": "", "previous_hash": "dbe4bc2935a64b73", "hash": "6fe8563d8becd498"}
{"timestamp": "2026-02-19T10:23:00.424147+00:00", "level": "INFO", "action": "ACTIVATION_CODE_SET", "details": "New activation code configured", "operator": "system", "plugin": "", "engagement_id": "", "previous_hash": "6fe8563d8becd498", "hash": "cf41b86e4482cf3f"}
{"timestamp": "2026-02-19T10:23:00.435810+00:00", "level": "INFO", "action": "ACTIVATION_CODE_SET", "details": "New activation code configured", "operator": "system", "plugin": "", "engagement_id": "", "previous_hash": "cf41b86e4482cf3f", "hash": "0381342e521384c4"}
{"timestamp": "2026-02-19T10:23:00.443945+00:00", "level": "WARN", "action": "ACTIVATION_SET_FAILED", "details": "Code complexity failed \u2014 must contain letters, digits, and special characters", "operator": "system", "plugin": "", "engagement_id": "", "previous_hash": "0381342e521384c4", "hash": "08b719ee1be45c3b"}
{"timestamp": "2026-02-19T10:23:00.445948+00:00", "level": "WARN", "action": "ACTIVATION_SET_FAILED", "details": "Code complexity failed \u2014 must contain letters, digits, and special characters", "operator": "system", "plugin": "", "engagement_id": "", "previous_hash": "08b719ee1be45c3b", "hash": "601b11bfbb1531f6"}
{"timestamp": "2026-02-19T10:23:00.446949+00:00", "level": "WARN", "action": "ACTIVATION_SET_FAILED", "details": "Code complexity failed \u2014 must contain letters, digits, and special characters", "operator": "system", "plugin": "", "engagement_id": "", "previous_hash": "601b11bfbb1531f6", "hash": "0ea6b0af163e8d96"}
{"timestamp": "2026-02-19T10:23:00.448947+00:00", "level": "WARN", "action": "ACTIVATION_SET_FAILED", "details": "Code too short \u2014 minimum 8 characters required", "operator": "system", "plugin": "", "engagement_id": "", "previous_hash": "0ea6b0af163e8d96", "hash": "a20dcc59b7e293ad"}
{"timestamp": "2026-02-19T10:23:00.450949+00:00", "level": "INFO", "action": "ACTIVATION_CODE_SET", "details": "New activation code configured", "operator": "system", "plugin": "", "engagement_id": "", "previous_hash": "a20dcc59b7e293ad", "hash": "872272d11c2dcb01"}
{"timestamp": "2026-02-19T10:23:00.450949+00:00", "level": "INFO", "action": "ACTIVATION_CODE_CLEARED", "details": "Activation code removed", "operator": "system", "plugin": "", "engagement_id": "", "previous_hash": "872272d11c2dcb01", "hash": "0f439dbef31c795a"}
{"timestamp": "2026-02-19T10:23:00.452722+00:00", "level": "WARN", "action": "ACTIVATION_VERIFY_FAILED", "details": "No activation code configured", "operator": "system", "plugin": "", "engagement_id": "", "previous_hash": "0f439dbef31c795a", "hash": "91d5185eb52e5f38"}
{"timestamp": "2026-02-19T10:23:00.454927+00:00", "level": "INFO", "action": "ACTIVATION_CODE_SET", "details": "New activation code configured", "operator": "system", "plugin": "", "engagement_id": "", "previous_hash": "91d5185eb52e5f38", "hash": "7fb3b414d69f2f48"}
{"timestamp": "2026-02-19T10:23:00.462311+00:00", "level": "INFO", "action": "ACTIVATION_CODE_SET", "details": "New activation code configured", "operator": "system", "plugin": "", "engagement_id": "", "previous_hash": "7fb3b414d69f2f48", "hash": "a778e57820abf239"}
{"timestamp": "2026-02-19T10:23:00.483177+00:00", "level": "INFO", "action": "ROE_VALIDATED", "details": "RoE TEST-001 validated successfully", "operator": "system", "plugin": "", "engagement_id": "TEST-001", "previous_hash": "a778e57820abf239", "hash": "88a4951df1755af6"}
{"timestamp": "2026-02-19T10:23:00.496937+00:00", "level": "WARN", "action": "POLICY_DENIED", "details": "RoE has not been validated for this engagement", "operator": "system", "plugin": "test-plugin", "engagement_id": "", "previous_hash": "88a4951df1755af6", "hash": "89c9a8572c612c5f"}
{"timestamp": "2026-02-19T10:23:00.497930+00:00", "level": "INFO", "action": "POLICY_AUTHORIZED", "details": "Plugin 'info-only' authorized", "operator": "system", "plugin": "info-only", "engagement_id": "", "previous_hash": "89c9a8572c612c5f", "hash": "dcc4528c9cadb880"}
{"timestamp": "2026-02-19T10:23:00.500362+00:00", "level": "INFO", "action": "ACTIVATION_CODE_SET", "details": "New activation code configured", "operator": "system", "plugin": "", "engagement_id": "", "previous_hash": "dcc4528c9cadb880", "hash": "4f2f0d74641911fb"}
{"timestamp": "2026-02-19T10:25:08.685921+00:00", "level": "INFO", "action": "ACTIVATION_CODE_SET", "details": "New activation code configured", "operator": "system", "plugin": "", "engagement_id": "", "previous_hash": "4f2f0d74641911fb", "hash": "25bc4ba0b643fdf4"}
{"timestamp": "2026-02-19T10:25:08.694233+00:00", "level": "INFO", "action": "ACTIVATION_CODE_SET", "details": "New activation code configured", "operator": "system", "plugin": "", "engagement_id": "", "previous_hash": "25bc4ba0b643fdf4", "hash": "980d6dc3d6031d41"}
{"timestamp": "2026-02-19T10:25:08.704198+00:00", "level": "WARN", "action": "ACTIVATION_SET_FAILED", "details": "Code complexity failed \u2014 must contain letters, digits, and special characters", "operator": "system", "plugin": "", "engagement_id": "", "previous_hash": "980d6dc3d6031d41", "hash": "2cba7502ead12dac"}
{"timestamp": "2026-02-19T10:25:08.708488+00:00", "level": "WARN", "action": "ACTIVATION_SET_FAILED", "details": "Code complexity failed \u2014 must contain letters, digits, and special characters", "operator": "system", "plugin": "", "engagement_id": "", "previous_hash": "2cba7502ead12dac", "hash": "cde3d101202950a8"}
{"timestamp": "2026-02-19T10:25:08.708488+00:00", "level": "WARN", "action": "ACTIVATION_SET_FAILED", "details": "Code complexity failed \u2014 must contain letters, digits, and special characters", "operator": "system", "plugin": "", "engagement_id": "", "previous_hash": "cde3d101202950a8", "hash": "bedabf189931ac41"}
{"timestamp": "2026-02-19T10:25:08.708488+00:00", "level": "WARN", "action": "ACTIVATION_SET_FAILED", "details": "Code too short \u2014 minimum 8 characters required", "operator": "system", "plugin": "", "engagement_id": "", "previous_hash": "bedabf189931ac41", "hash": "81bafeebe2d6f3f6"}
{"timestamp": "2026-02-19T10:25:08.714180+00:00", "level": "INFO", "action": "ACTIVATION_CODE_SET", "details": "New activation code configured", "operator": "system", "plugin": "", "engagement_id": "", "previous_hash": "81bafeebe2d6f3f6", "hash": "8460545184059295"}
{"timestamp": "2026-02-19T10:25:08.714688+00:00", "level": "INFO", "action": "ACTIVATION_CODE_CLEARED", "details": "Activation code removed", "operator": "system", "plugin": "", "engagement_id": "", "previous_hash": "8460545184059295", "hash": "9e48025f68e9c7f7"}
{"timestamp": "2026-02-19T10:25:08.715693+00:00", "level": "WARN", "action": "ACTIVATION_VERIFY_FAILED", "details": "No activation code configured", "operator": "system", "plugin": "", "engagement_id": "", "previous_hash": "9e48025f68e9c7f7", "hash": "45e89555f59e77aa"}
{"timestamp": "2026-02-19T10:25:08.718422+00:00", "level": "INFO", "action": "ACTIVATION_CODE_SET", "details": "New activation code configured", "operator": "system", "plugin": "", "engagement_id": "", "previous_hash": "45e89555f59e77aa", "hash": "832d3cf1acde1ea8"}
{"timestamp": "2026-02-19T10:25:08.726191+00:00", "level": "INFO", "action": "ACTIVATION_CODE_SET", "details": "New activation code configured", "operator": "system", "plugin": "", "engagement_id": "", "previous_hash": "832d3cf1acde1ea8", "hash": "b4c1d2cb2b28c304"}
{"timestamp": "2026-02-19T10:25:08.746345+00:00", "level": "INFO", "action": "ROE_VALIDATED", "details": "RoE TEST-001 validated successfully", "operator": "system", "plugin": "", "engagement_id": "TEST-001", "previous_hash": "b4c1d2cb2b28c304", "hash": "e0eaf7c6f0cff79b"}
{"timestamp": "2026-02-19T10:25:08.767430+00:00", "level": "WARN", "action": "POLICY_DENIED", "details": "RoE has not been validated for this engagement", "operator": "system", "plugin": "test-plugin", "engagement_id": "", "previous_hash": "e0eaf7c6f0cff79b", "hash": "693d94eb044c5d6e"}
{"timestamp": "2026-02-19T10:25:08.767430+00:00", "level": "INFO", "action": "POLICY_AUTHORIZED", "details": "Plugin 'info-only' authorized", "operator": "system", "plugin": "info-only", "engagement_id": "", "previous_hash": "693d94eb044c5d6e", "hash": "02c1678bbbb3dbb2"}
{"timestamp": "2026-02-19T10:25:08.771439+00:00", "level": "INFO", "action": "ACTIVATION_CODE_SET", "details": "New activation code configured", "operator": "system", "plugin": "", "engagement_id": "", "previous_hash": "02c1678bbbb3dbb2", "hash": "8a6dd5dcdb7f0f1f"}
{"timestamp": "2026-02-20T04:34:48.908399+00:00", "level": "INFO", "action": "ACTIVATION_CODE_SET", "details": "New activation code configured", "operator": "system", "plugin": "", "engagement_id": "", "previous_hash": "8a6dd5dcdb7f0f1f", "hash": "ac6e3547ac21cc89"}
{"timestamp": "2026-02-20T04:34:48.981695+00:00", "level": "INFO", "action": "ACTIVATION_CODE_SET", "details": "New activation code configured", "operator": "system", "plugin": "", "engagement_id": "", "previous_hash": "ac6e3547ac21cc89", "hash": "f3340f3e27133dc1"}
{"timestamp": "2026-02-20T04:34:49.023236+00:00", "level": "WARN", "action": "ACTIVATION_SET_FAILED", "details": "Code must contain letters, digits, and special characters", "operator": "system", "plugin": "", "engagement_id": "", "previous_hash": "f3340f3e27133dc1", "hash": "e5f2cc98aa3ff4ff"}
{"timestamp": "2026-02-20T04:34:49.025241+00:00", "level": "WARN", "action": "ACTIVATION_SET_FAILED", "details": "Code must contain letters, digits, and special characters", "operator": "system", "plugin": "", "engagement_id": "", "previous_hash": "e5f2cc98aa3ff4ff", "hash": "f4ea1ef36f679463"}
{"timestamp": "2026-02-20T04:34:49.027246+00:00", "level": "WARN", "action": "ACTIVATION_SET_FAILED", "details": "Code must contain letters, digits, and special characters", "operator": "system", "plugin": "", "engagement_id": "", "previous_hash": "f4ea1ef36f679463", "hash": "594bba66af29e436"}
{"timestamp": "2026-02-20T04:34:49.029251+00:00", "level": "WARN", "action": "ACTIVATION_SET_FAILED", "details": "Code too short \u2014 minimum 8 characters required", "operator": "system", "plugin": "", "engagement_id": "", "previous_hash": "594bba66af29e436", "hash": "8ccf501a7aff63a1"}
{"timestamp": "2026-02-20T04:34:49.061074+00:00", "level": "INFO", "action": "ACTIVATION_CODE_SET", "details": "New activation code configured", "operator": "system", "plugin": "", "engagement_id": "", "previous_hash": "8ccf501a7aff63a1", "hash": "4ddce486e624415c"}
{"timestamp": "2026-02-20T04:34:49.061578+00:00", "level": "INFO", "action": "ACTIVATION_CODE_CLEARED", "details": "Activation code removed", "operator": "system", "plugin": "", "engagement_id": "", "previous_hash": "4ddce486e624415c", "hash": "2471c1ade2445006"}
{"timestamp": "2026-02-20T04:34:49.094449+00:00", "level": "INFO", "action": "ACTIVATION_CODE_SET", "details": "New activation code configured", "operator": "system", "plugin": "", "engagement_id": "", "previous_hash": "2471c1ade2445006", "hash": "4a89dfee08c1d03f"}
{"timestamp": "2026-02-20T04:34:49.159800+00:00", "level": "INFO", "action": "ROE_VALIDATED", "details": "RoE TEST-001 validated successfully", "operator": "system", "plugin": "", "engagement_id": "TEST-001", "previous_hash": "4a89dfee08c1d03f", "hash": "5e20816b230e5fc9"}
{"timestamp": "2026-02-20T04:34:49.173277+00:00", "level": "WARN", "action": "POLICY_DENIED", "details": "test-plugin: RoE has not been validated", "operator": "system", "plugin": "", "engagement_id": "", "previous_hash": "5e20816b230e5fc9", "hash": "2b64b34a850aaf03"}
{"timestamp": "2026-02-20T04:34:49.209424+00:00", "level": "INFO", "action": "ACTIVATION_CODE_SET", "details": "New activation code configured", "operator": "system", "plugin": "", "engagement_id": "", "previous_hash": "2b64b34a850aaf03", "hash": "16391cff5eab93e1"}
{"timestamp": "2026-02-20T04:36:14.128346+00:00", "level": "INFO", "action": "ACTIVATION_CODE_SET", "details": "New activation code configured", "operator": "system", "plugin": "", "engagement_id": "", "previous_hash": "16391cff5eab93e1", "hash": "a2f50b07d9d8b1a6"}
{"timestamp": "2026-02-20T04:36:14.201196+00:00", "level": "INFO", "action": "ACTIVATION_CODE_SET", "details": "New activation code configured", "operator": "system", "plugin": "", "engagement_id": "", "previous_hash": "a2f50b07d9d8b1a6", "hash": "6cac8f216c7bf0a9"}
{"timestamp": "2026-02-20T04:36:14.241227+00:00", "level": "WARN", "action": "ACTIVATION_SET_FAILED", "details": "Code must contain letters, digits, and special characters", "operator": "system", "plugin": "", "engagement_id": "", "previous_hash": "6cac8f216c7bf0a9", "hash": "faae06b86afadb9d"}
{"timestamp": "2026-02-20T04:36:14.243466+00:00", "level": "WARN", "action": "ACTIVATION_SET_FAILED", "details": "Code must contain letters, digits, and special characters", "operator": "system", "plugin": "", "engagement_id": "", "previous_hash": "faae06b86afadb9d", "hash": "31133c5e5caa85c2"}
{"timestamp": "2026-02-20T04:36:14.244466+00:00", "level": "WARN", "action": "ACTIVATION_SET_FAILED", "details": "Code must contain letters, digits, and special characters", "operator": "system", "plugin": "", "engagement_id": "", "previous_hash": "31133c5e5caa85c2", "hash": "7ffd18d8057fc968"}
{"timestamp": "2026-02-20T04:36:14.246467+00:00", "level": "WARN", "action": "ACTIVATION_SET_FAILED", "details": "Code too short \u2014 minimum 8 characters required", "operator": "system", "plugin": "", "engagement_id": "", "previous_hash": "7ffd18d8057fc968", "hash": "062b540009bb8c9b"}
{"timestamp": "2026-02-20T04:36:14.271234+00:00", "level": "INFO", "action": "ACTIVATION_CODE_SET", "details": "New activation code configured", "operator": "system", "plugin": "", "engagement_id": "", "previous_hash": "062b540009bb8c9b", "hash": "e7f98a1f5fec1972"}
{"timestamp": "2026-02-20T04:36:14.271234+00:00", "level": "INFO", "action": "ACTIVATION_CODE_CLEARED", "details": "Activation code removed", "operator": "system", "plugin": "", "engagement_id": "", "previous_hash": "e7f98a1f5fec1972", "hash": "348a7ef41d118359"}
{"timestamp": "2026-02-20T04:36:14.301236+00:00", "level": "INFO", "action": "ACTIVATION_CODE_SET", "details": "New activation code configured", "operator": "system", "plugin": "", "engagement_id": "", "previous_hash": "348a7ef41d118359", "hash": "dc99cb3c35fb5026"}
{"timestamp": "2026-02-20T04:36:14.346419+00:00", "level": "INFO", "action": "ACTIVATION_CODE_SET", "details": "New activation code configured", "operator": "system", "plugin": "", "engagement_id": "", "previous_hash": "dc99cb3c35fb5026", "hash": "96a8e590425d4e14"}
{"timestamp": "2026-02-20T04:36:14.361353+00:00", "level": "INFO", "action": "ROE_VALIDATED", "details": "RoE TEST-001 validated successfully", "operator": "system", "plugin": "", "engagement_id": "TEST-001", "previous_hash": "96a8e590425d4e14", "hash": "be533848c35a9185"}
{"timestamp": "2026-02-20T04:36:14.372237+00:00", "level": "WARN", "action": "POLICY_DENIED", "details": "test-plugin: RoE has not been validated", "operator": "system", "plugin": "", "engagement_id": "", "previous_hash": "be533848c35a9185", "hash": "9959843556ac5fad"}
{"timestamp": "2026-02-20T04:36:14.401992+00:00", "level": "INFO", "action": "ACTIVATION_CODE_SET", "details": "New activation code configured", "operator": "system", "plugin": "", "engagement_id": "", "previous_hash": "9959843556ac5fad", "hash": "cd4297a19cc3b7a7"}
{"timestamp": "2026-02-20T04:55:32.992766+00:00", "level": "INFO", "action": "ACTIVATION_CODE_SET", "details": "New activation code configured", "operator": "system", "plugin": "", "engagement_id": "", "previous_hash": "cd4297a19cc3b7a7", "hash": "b03ff6a7dbdb1067"}
{"timestamp": "2026-02-20T04:55:33.062866+00:00", "level": "INFO", "action": "ACTIVATION_CODE_SET", "details": "New activation code configured", "operator": "system", "plugin": "", "engagement_id": "", "previous_hash": "b03ff6a7dbdb1067", "hash": "84d3957badd20726"}
{"timestamp": "2026-02-20T04:55:33.103163+00:00", "level": "WARN", "action": "ACTIVATION_SET_FAILED", "details": "Code must contain letters, digits, and special characters", "operator": "system", "plugin": "", "engagement_id": "", "previous_hash": "84d3957badd20726", "hash": "b92c5977e5a1e0ac"}
{"timestamp": "2026-02-20T04:55:33.103163+00:00", "level": "WARN", "action": "ACTIVATION_SET_FAILED", "details": "Code must contain letters, digits, and special characters", "operator": "system", "plugin": "", "engagement_id": "", "previous_hash": "b92c5977e5a1e0ac", "hash": "b71bf0e8f820ce9a"}
{"timestamp": "2026-02-20T04:55:33.103163+00:00", "level": "WARN", "action": "ACTIVATION_SET_FAILED", "details": "Code must contain letters, digits, and special characters", "operator": "system", "plugin": "", "engagement_id": "", "previous_hash": "b71bf0e8f820ce9a", "hash": "404b49f1d08981b2"}
{"timestamp": "2026-02-20T04:55:33.103163+00:00", "level": "WARN", "action": "ACTIVATION_SET_FAILED", "details": "Code too short \u2014 minimum 8 characters required", "operator": "system", "plugin": "", "engagement_id": "", "previous_hash": "404b49f1d08981b2", "hash": "bc8beed26d6b8c9f"}
{"timestamp": "2026-02-20T04:55:33.142292+00:00", "level": "INFO", "action": "ACTIVATION_CODE_SET", "details": "New activation code configured", "operator": "system", "plugin": "", "engagement_id": "", "previous_hash": "bc8beed26d6b8c9f", "hash": "669736b1b37a9114"}
{"timestamp": "2026-02-20T04:55:33.143055+00:00", "level": "INFO", "action": "ACTIVATION_CODE_CLEARED", "details": "Activation code removed", "operator": "system", "plugin": "", "engagement_id": "", "previous_hash": "669736b1b37a9114", "hash": "e29148db8f44bf1d"}
{"timestamp": "2026-02-20T04:55:33.177390+00:00", "level": "INFO", "action": "ACTIVATION_CODE_SET", "details": "New activation code configured", "operator": "system", "plugin": "", "engagement_id": "", "previous_hash": "e29148db8f44bf1d", "hash": "04c1f8d883a8a189"}
{"timestamp": "2026-02-20T04:55:33.228582+00:00", "level": "INFO", "action": "ACTIVATION_CODE_SET", "details": "New activation code configured", "operator": "system", "plugin": "", "engagement_id": "", "previous_hash": "04c1f8d883a8a189", "hash": "4aa5ffdbf150b350"}
{"timestamp": "2026-02-20T04:55:33.247021+00:00", "level": "INFO", "action": "ENGAGEMENT_INIT", "details": "Created engagement: ENG-001", "operator": "system", "plugin": "", "engagement_id": "", "previous_hash": "4aa5ffdbf150b350", "hash": "be73db42f272e346"}
{"timestamp": "2026-02-20T04:55:33.253341+00:00", "level": "INFO", "action": "ENGAGEMENT_INIT", "details": "Created engagement: TMPL", "operator": "system", "plugin": "", "engagement_id": "", "previous_hash": "be73db42f272e346", "hash": "f5fd2e0b213f7934"}
{"timestamp": "2026-02-20T05:01:38.885036+00:00", "level": "INFO", "action": "ROE_VALIDATED", "details": "RoE TEST-001 validated successfully", "operator": "system", "plugin": "", "engagement_id": "TEST-001", "previous_hash": "f5fd2e0b213f7934", "hash": "6ba56e3839a51757"}
{"timestamp": "2026-02-20T05:01:38.885036+00:00", "level": "INFO", "action": "ENGAGEMENT_LOADED", "details": "RoE validated, authorizer: Test Admin", "operator": "system", "plugin": "", "engagement_id": "TEST-001", "previous_hash": "6ba56e3839a51757", "hash": "8e1d7c4f1895bfba"}
{"timestamp": "2026-02-20T05:01:38.891323+00:00", "level": "ERROR", "action": "ENGAGEMENT_LOAD_FAILED", "details": "Missing required RoE fields: authorizer, authorized_targets, allowed_tests, start_time_utc, end_time_utc", "operator": "system", "plugin": "", "engagement_id": "", "previous_hash": "8e1d7c4f1895bfba", "hash": "6b11c1f7a6c11b3e"}
{"timestamp": "2026-02-20T05:01:38.900467+00:00", "level": "ERROR", "action": "ENGAGEMENT_LOAD_FAILED", "details": "RoE has expired (end_time: 2026-02-19T05:01:38+00:00)", "operator": "system", "plugin": "", "engagement_id": "", "previous_hash": "6b11c1f7a6c11b3e", "hash": "8cd011810133c30e"}
{"timestamp": "2026-02-20T05:01:38.900467+00:00", "level": "ERROR", "action": "ENGAGEMENT_LOAD_FAILED", "details": "RoE file not found: \\nonexistent\\roe.yaml", "operator": "system", "plugin": "", "engagement_id": "", "previous_hash": "8cd011810133c30e", "hash": "277370ea45a08779"}
{"timestamp": "2026-02-20T05:01:38.903978+00:00", "level": "INFO", "action": "ROE_VALIDATED", "details": "RoE TEST-001 validated successfully", "operator": "system", "plugin": "", "engagement_id": "TEST-001", "previous_hash": "277370ea45a08779", "hash": "5a5232696f33b4a7"}
{"timestamp": "2026-02-20T05:01:38.903978+00:00", "level": "INFO", "action": "ENGAGEMENT_LOADED", "details": "RoE validated, authorizer: Test Admin", "operator": "system", "plugin": "", "engagement_id": "TEST-001", "previous_hash": "5a5232696f33b4a7", "hash": "7acd395f5786693d"}
{"timestamp": "2026-02-20T05:01:38.903978+00:00", "level": "INFO", "action": "PLUGIN_DRY_RUN", "details": "Dry run: stub-test", "operator": "system", "plugin": "stub-test", "engagement_id": "TEST-001", "previous_hash": "7acd395f5786693d", "hash": "57bb162b24a05a9e"}
{"timestamp": "2026-02-20T05:01:38.918919+00:00", "level": "INFO", "action": "ROE_VALIDATED", "details": "RoE TEST-001 validated successfully", "operator": "system", "plugin": "", "engagement_id": "TEST-001", "previous_hash": "57bb162b24a05a9e", "hash": "382e5b1c258c1517"}
{"timestamp": "2026-02-20T05:01:38.918919+00:00", "level": "INFO", "action": "ENGAGEMENT_LOADED", "details": "RoE validated, authorizer: Test Admin", "operator": "system", "plugin": "", "engagement_id": "TEST-001", "previous_hash": "382e5b1c258c1517", "hash": "5d7dcbf75fe831f4"}
{"timestamp": "2026-02-20T05:01:38.921371+00:00", "level": "INFO", "action": "ROE_VALIDATED", "details": "RoE TEST-001 validated successfully", "operator": "system", "plugin": "", "engagement_id": "TEST-001", "previous_hash": "5d7dcbf75fe831f4", "hash": "ddd30c76133538ab"}
{"timestamp": "2026-02-20T05:01:38.922983+00:00", "level": "INFO", "action": "ENGAGEMENT_LOADED", "details": "RoE validated, authorizer: Test Admin", "operator": "system", "plugin": "", "engagement_id": "TEST-001", "previous_hash": "ddd30c76133538ab", "hash": "e5d1402d64d8593a"}
{"timestamp": "2026-02-20T05:01:38.922983+00:00", "level": "INFO", "action": "PLUGIN_EXECUTE", "details": "Executing: stub-test", "operator": "system", "plugin": "stub-test", "engagement_id": "TEST-001", "previous_hash": "e5d1402d64d8593a", "hash": "9818069cd03b5882"}
{"timestamp": "2026-02-20T05:01:38.922983+00:00", "level": "INFO", "action": "PLUGIN_COMPLETE", "details": "stub-test: success=True, findings=1, 0ms", "operator": "system", "plugin": "stub-test", "engagement_id": "TEST-001", "previous_hash": "9818069cd03b5882", "hash": "883649407931b909"}
{"timestamp": "2026-02-20T05:01:38.926279+00:00", "level": "INFO", "action": "ROE_VALIDATED", "details": "RoE TEST-001 validated successfully", "operator": "system", "plugin": "", "engagement_id": "TEST-001", "previous_hash": "883649407931b909", "hash": "3228b7d7d40b1b0a"}
{"timestamp": "2026-02-20T05:01:38.926279+00:00", "level": "INFO", "action": "ENGAGEMENT_LOADED", "details": "RoE validated, authorizer: Test Admin", "operator": "system", "plugin": "", "engagement_id": "TEST-001", "previous_hash": "3228b7d7d40b1b0a", "hash": "2e90d888fc9c380f"}
{"timestamp": "2026-02-20T05:01:38.926279+00:00", "level": "INFO", "action": "PLUGIN_EXECUTE", "details": "Executing: fail-test", "operator": "system", "plugin": "fail-test", "engagement_id": "TEST-001", "previous_hash": "2e90d888fc9c380f", "hash": "c7c3063e40de1c38"}
{"timestamp": "2026-02-20T05:01:38.927278+00:00", "level": "INFO", "action": "PLUGIN_COMPLETE", "details": "fail-test: success=False, findings=0, 0ms", "operator": "system", "plugin": "fail-test", "engagement_id": "TEST-001", "previous_hash": "c7c3063e40de1c38", "hash": "76d017d3cc17aaaf"}
{"timestamp": "2026-02-20T05:01:38.930609+00:00", "level": "INFO", "action": "ROE_VALIDATED", "details": "RoE TEST-001 validated successfully", "operator": "system", "plugin": "", "engagement_id": "TEST-001", "previous_hash": "76d017d3cc17aaaf", "hash": "4b736ef4b72e808b"}
{"timestamp": "2026-02-20T05:01:38.930609+00:00", "level": "INFO", "action": "ENGAGEMENT_LOADED", "details": "RoE validated, authorizer: Test Admin", "operator": "system", "plugin": "", "engagement_id": "TEST-001", "previous_hash": "4b736ef4b72e808b", "hash": "8b6c681a746a977d"}
{"timestamp": "2026-02-20T05:01:38.930609+00:00", "level": "INFO", "action": "ENGAGEMENT_SHUTDOWN", "details": "", "operator": "system", "plugin": "", "engagement_id": "TEST-001", "previous_hash": "8b6c681a746a977d", "hash": "565a10dfb53800b0"}
{"timestamp": "2026-02-20T05:01:38.931925+00:00", "level": "WARN", "action": "ACTIVATION_FAILED", "details": "No engagement loaded", "operator": "system", "plugin": "", "engagement_id": "", "previous_hash": "565a10dfb53800b0", "hash": "c1c6d4a6a6646c49"}
{"timestamp": "2026-02-20T05:01:38.935126+00:00", "level": "INFO", "action": "ROE_VALIDATED", "details": "RoE TEST-001 validated successfully", "operator": "system", "plugin": "", "engagement_id": "TEST-001", "previous_hash": "c1c6d4a6a6646c49", "hash": "42bb55205c97eb5a"}
{"timestamp": "2026-02-20T05:01:38.935126+00:00", "level": "INFO", "action": "ENGAGEMENT_LOADED", "details": "RoE validated, authorizer: Test Admin", "operator": "system", "plugin": "", "engagement_id": "TEST-001", "previous_hash": "42bb55205c97eb5a", "hash": "e9553a4703d7d648"}
{"timestamp": "2026-02-20T05:01:38.943700+00:00", "level": "INFO", "action": "ROE_VALIDATED", "details": "RoE TEST-001 validated successfully", "operator": "system", "plugin": "", "engagement_id": "TEST-001", "previous_hash": "e9553a4703d7d648", "hash": "c9885e0e7f3d35bb"}
{"timestamp": "2026-02-20T05:01:38.957943+00:00", "level": "WARN", "action": "POLICY_DENIED", "details": "test-plugin: RoE has not been validated", "operator": "system", "plugin": "", "engagement_id": "", "previous_hash": "c9885e0e7f3d35bb", "hash": "be316a73a71fb908"}
{"timestamp": "2026-02-20T05:01:39.001561+00:00", "level": "INFO", "action": "ACTIVATION_CODE_SET", "details": "New activation code configured", "operator": "system", "plugin": "", "engagement_id": "", "previous_hash": "be316a73a71fb908", "hash": "00762f1f1121013d"}
{"timestamp": "2026-02-20T05:06:11.193453+00:00", "level": "INFO", "action": "ACTIVATION_CODE_SET", "details": "New activation code configured", "operator": "system", "plugin": "", "engagement_id": "", "previous_hash": "00762f1f1121013d", "hash": "742a46242b4bd3ef"}
{"timestamp": "2026-02-20T05:06:11.263388+00:00", "level": "INFO", "action": "ACTIVATION_CODE_SET", "details": "New activation code configured", "operator": "system", "plugin": "", "engagement_id": "", "previous_hash": "742a46242b4bd3ef", "hash": "7a38d9df932aa028"}
{"timestamp": "2026-02-20T05:06:11.303442+00:00", "level": "WARN", "action": "ACTIVATION_SET_FAILED", "details": "Code must contain letters, digits, and special characters", "operator": "system", "plugin": "", "engagement_id": "", "previous_hash": "7a38d9df932aa028", "hash": "525427cfc50f7b01"}
{"timestamp": "2026-02-20T05:06:11.303442+00:00", "level": "WARN", "action": "ACTIVATION_SET_FAILED", "details": "Code must contain letters, digits, and special characters", "operator": "system", "plugin": "", "engagement_id": "", "previous_hash": "525427cfc50f7b01", "hash": "73a23506a2f5b538"}
{"timestamp": "2026-02-20T05:06:11.303442+00:00", "level": "WARN", "action": "ACTIVATION_SET_FAILED", "details": "Code must contain letters, digits, and special characters", "operator": "system", "plugin": "", "engagement_id": "", "previous_hash": "73a23506a2f5b538", "hash": "45633fbfc9e25084"}
{"timestamp": "2026-02-20T05:06:11.303442+00:00", "level": "WARN", "action": "ACTIVATION_SET_FAILED", "details": "Code too short \u2014 minimum 8 characters required", "operator": "system", "plugin": "", "engagement_id": "", "previous_hash": "45633fbfc9e25084", "hash": "a9671eb1b5c374dd"}
{"timestamp": "2026-02-20T05:06:11.343435+00:00", "level": "INFO", "action": "ACTIVATION_CODE_SET", "details": "New activation code configured", "operator": "system", "plugin": "", "engagement_id": "", "previous_hash": "a9671eb1b5c374dd", "hash": "c5ee7d5ed9ba30e2"}
{"timestamp": "2026-02-20T05:06:11.343435+00:00", "level": "INFO", "action": "ACTIVATION_CODE_CLEARED", "details": "Activation code removed", "operator": "system", "plugin": "", "engagement_id": "", "previous_hash": "c5ee7d5ed9ba30e2", "hash": "f5c010826c5c23b7"}
{"timestamp": "2026-02-20T05:06:11.373494+00:00", "level": "INFO", "action": "ACTIVATION_CODE_SET", "details": "New activation code configured", "operator": "system", "plugin": "", "engagement_id": "", "previous_hash": "f5c010826c5c23b7", "hash": "569b5c964b33d79a"}
{"timestamp": "2026-02-20T05:06:11.417808+00:00", "level": "INFO", "action": "ACTIVATION_CODE_SET", "details": "New activation code configured", "operator": "system", "plugin": "", "engagement_id": "", "previous_hash": "569b5c964b33d79a", "hash": "ba421f783923dcb3"}
{"timestamp": "2026-02-20T05:06:11.422958+00:00", "level": "INFO", "action": "ENGAGEMENT_INIT", "details": "Created engagement: ENG-001", "operator": "system", "plugin": "", "engagement_id": "", "previous_hash": "ba421f783923dcb3", "hash": "09503e9fa356ffc3"}
{"timestamp": "2026-02-20T05:06:11.433237+00:00", "level": "INFO", "action": "ENGAGEMENT_INIT", "details": "Created engagement: TMPL", "operator": "system", "plugin": "", "engagement_id": "", "previous_hash": "09503e9fa356ffc3", "hash": "a73a9c4d4c74f786"}
{"timestamp": "2026-02-20T05:12:15.919770+00:00", "level": "INFO", "action": "ROE_VALIDATED", "details": "RoE TEST-001 validated successfully", "operator": "system", "plugin": "", "engagement_id": "TEST-001", "previous_hash": "a73a9c4d4c74f786", "hash": "0fa8fdfc1519a4dd"}
{"timestamp": "2026-02-20T05:12:15.919770+00:00", "level": "INFO", "action": "ENGAGEMENT_LOADED", "details": "RoE validated, authorizer: Test Admin", "operator": "system", "plugin": "", "engagement_id": "TEST-001", "previous_hash": "0fa8fdfc1519a4dd", "hash": "a8ec136aad6634e1"}
{"timestamp": "2026-02-20T05:12:15.922772+00:00", "level": "ERROR", "action": "ENGAGEMENT_LOAD_FAILED", "details": "Missing required RoE fields: authorizer, authorized_targets, allowed_tests, start_time_utc, end_time_utc", "operator": "system", "plugin": "", "engagement_id": "", "previous_hash": "a8ec136aad6634e1", "hash": "c186bf67856029dd"}
{"timestamp": "2026-02-20T05:12:15.929654+00:00", "level": "ERROR", "action": "ENGAGEMENT_LOAD_FAILED", "details": "RoE has expired (end_time: 2026-02-19T05:12:15+00:00)", "operator": "system", "plugin": "", "engagement_id": "", "previous_hash": "c186bf67856029dd", "hash": "4808f2ffbf899a79"}
{"timestamp": "2026-02-20T05:12:15.930654+00:00", "level": "ERROR", "action": "ENGAGEMENT_LOAD_FAILED", "details": "RoE file not found: \\nonexistent\\roe.yaml", "operator": "system", "plugin": "", "engagement_id": "", "previous_hash": "4808f2ffbf899a79", "hash": "b7247d091c9fc490"}
{"timestamp": "2026-02-20T05:12:15.933983+00:00", "level": "INFO", "action": "ROE_VALIDATED", "details": "RoE TEST-001 validated successfully", "operator": "system", "plugin": "", "engagement_id": "TEST-001", "previous_hash": "b7247d091c9fc490", "hash": "c2b3bcc70c2aba0e"}
{"timestamp": "2026-02-20T05:12:15.933983+00:00", "level": "INFO", "action": "ENGAGEMENT_LOADED", "details": "RoE validated, authorizer: Test Admin", "operator": "system", "plugin": "", "engagement_id": "TEST-001", "previous_hash": "c2b3bcc70c2aba0e", "hash": "9e4999e8dfcf1e09"}
{"timestamp": "2026-02-20T05:12:15.933983+00:00", "level": "INFO", "action": "PLUGIN_DRY_RUN", "details": "Dry run: stub-test", "operator": "system", "plugin": "stub-test", "engagement_id": "TEST-001", "previous_hash": "9e4999e8dfcf1e09", "hash": "595ed094ab1b273a"}
{"timestamp": "2026-02-20T05:12:15.949167+00:00", "level": "INFO", "action": "ROE_VALIDATED", "details": "RoE TEST-001 validated successfully", "operator": "system", "plugin": "", "engagement_id": "TEST-001", "previous_hash": "595ed094ab1b273a", "hash": "b9ecb58204390ea6"}
{"timestamp": "2026-02-20T05:12:15.950668+00:00", "level": "INFO", "action": "ENGAGEMENT_LOADED", "details": "RoE validated, authorizer: Test Admin", "operator": "system", "plugin": "", "engagement_id": "TEST-001", "previous_hash": "b9ecb58204390ea6", "hash": "317ffae61fbbae3d"}
{"timestamp": "2026-02-20T05:12:15.954008+00:00", "level": "INFO", "action": "ROE_VALIDATED", "details": "RoE TEST-001 validated successfully", "operator": "system", "plugin": "", "engagement_id": "TEST-001", "previous_hash": "317ffae61fbbae3d", "hash": "71e205cfa1362b89"}
{"timestamp": "2026-02-20T05:12:15.954008+00:00", "level": "INFO", "action": "ENGAGEMENT_LOADED", "details": "RoE validated, authorizer: Test Admin", "operator": "system", "plugin": "", "engagement_id": "TEST-001", "previous_hash": "71e205cfa1362b89", "hash": "4ef85cef37b1628c"}
{"timestamp": "2026-02-20T05:12:15.955009+00:00", "level": "INFO", "action": "PLUGIN_EXECUTE", "details": "Executing: stub-test", "operator": "system", "plugin": "stub-test", "engagement_id": "TEST-001", "previous_hash": "4ef85cef37b1628c", "hash": "aeb948c4672d5269"}
{"timestamp": "2026-02-20T05:12:15.955009+00:00", "level": "INFO", "action": "PLUGIN_COMPLETE", "details": "stub-test: success=True, findings=1, 0ms", "operator": "system", "plugin": "stub-test", "engagement_id": "TEST-001", "previous_hash": "aeb948c4672d5269", "hash": "ca85ce4043e5a81c"}
{"timestamp": "2026-02-20T05:12:15.960069+00:00", "level": "INFO", "action": "ROE_VALIDATED", "details": "RoE TEST-001 validated successfully", "operator": "system", "plugin": "", "engagement_id": "TEST-001", "previous_hash": "ca85ce4043e5a81c", "hash": "4fec83dee414e136"}
{"timestamp": "2026-02-20T05:12:15.960069+00:00", "level": "INFO", "action": "ENGAGEMENT_LOADED", "details": "RoE validated, authorizer: Test Admin", "operator": "system", "plugin": "", "engagement_id": "TEST-001", "previous_hash": "4fec83dee414e136", "hash": "35e27edece767682"}
{"timestamp": "2026-02-20T05:12:15.961073+00:00", "level": "INFO", "action": "PLUGIN_EXECUTE", "details": "Executing: fail-test", "operator": "system", "plugin": "fail-test", "engagement_id": "TEST-001", "previous_hash": "35e27edece767682", "hash": "f543c1aad4570909"}
{"timestamp": "2026-02-20T05:12:15.961073+00:00", "level": "INFO", "action": "PLUGIN_COMPLETE", "details": "fail-test: success=False, findings=0, 0ms", "operator": "system", "plugin": "fail-test", "engagement_id": "TEST-001", "previous_hash": "f543c1aad4570909", "hash": "f2b8e8990c946581"}
{"timestamp": "2026-02-20T05:12:15.965031+00:00", "level": "INFO", "action": "ROE_VALIDATED", "details": "RoE TEST-001 validated successfully", "operator": "system", "plugin": "", "engagement_id": "TEST-001", "previous_hash": "f2b8e8990c946581", "hash": "d0ceddbbd0180bd8"}
{"timestamp": "2026-02-20T05:12:15.965031+00:00", "level": "INFO", "action": "ENGAGEMENT_LOADED", "details": "RoE validated, authorizer: Test Admin", "operator": "system", "plugin": "", "engagement_id": "TEST-001", "previous_hash": "d0ceddbbd0180bd8", "hash": "f8fb1268a5338f5d"}
{"timestamp": "2026-02-20T05:12:15.965031+00:00", "level": "INFO", "action": "ENGAGEMENT_SHUTDOWN", "details": "", "operator": "system", "plugin": "", "engagement_id": "TEST-001", "previous_hash": "f8fb1268a5338f5d", "hash": "a8d502f41bb46eae"}
{"timestamp": "2026-02-20T05:12:15.966062+00:00", "level": "WARN", "action": "ACTIVATION_FAILED", "details": "No engagement loaded", "operator": "system", "plugin": "", "engagement_id": "", "previous_hash": "a8d502f41bb46eae", "hash": "316fe762eae96730"}
{"timestamp": "2026-02-20T05:12:15.971222+00:00", "level": "INFO", "action": "ROE_VALIDATED", "details": "RoE TEST-001 validated successfully", "operator": "system", "plugin": "", "engagement_id": "TEST-001", "previous_hash": "316fe762eae96730", "hash": "9c7ecf55edf27ebe"}
{"timestamp": "2026-02-20T05:12:15.971222+00:00", "level": "INFO", "action": "ENGAGEMENT_LOADED", "details": "RoE validated, authorizer: Test Admin", "operator": "system", "plugin": "", "engagement_id": "TEST-001", "previous_hash": "9c7ecf55edf27ebe", "hash": "eda50cdc53939410"}
{"timestamp": "2026-02-20T05:12:15.984336+00:00", "level": "INFO", "action": "ROE_VALIDATED", "details": "RoE TEST-001 validated successfully", "operator": "system", "plugin": "", "engagement_id": "TEST-001", "previous_hash": "eda50cdc53939410", "hash": "19a973bca9dcf222"}
{"timestamp": "2026-02-20T05:12:16.000080+00:00", "level": "WARN", "action": "POLICY_DENIED", "details": "test-plugin: RoE has not been validated", "operator": "system", "plugin": "", "engagement_id": "", "previous_hash": "19a973bca9dcf222", "hash": "f58c54924ca45820"}
{"timestamp": "2026-02-20T05:12:16.045837+00:00", "level": "INFO", "action": "ACTIVATION_CODE_SET", "details": "New activation code configured", "operator": "system", "plugin": "", "engagement_id": "", "previous_hash": "f58c54924ca45820", "hash": "05dacd0139cc75a7"}
{"timestamp": "2026-02-20T05:22:53.248005+00:00", "level": "INFO", "action": "ACTIVATION_CODE_SET", "details": "New activation code configured", "operator": "system", "plugin": "", "engagement_id": "", "previous_hash": "05dacd0139cc75a7", "hash": "de14b9422881033d"}
{"timestamp": "2026-02-20T05:22:53.317508+00:00", "level": "INFO", "action": "ACTIVATION_CODE_SET", "details": "New activation code configured", "operator": "system", "plugin": "", "engagement_id": "", "previous_hash": "de14b9422881033d", "hash": "f2f377e72c69ef5a"}
{"timestamp": "2026-02-20T05:22:53.357150+00:00", "level": "WARN", "action": "ACTIVATION_SET_FAILED", "details": "Code must contain letters, digits, and special characters", "operator": "system", "plugin": "", "engagement_id": "", "previous_hash": "f2f377e72c69ef5a", "hash": "f1c8d7212ebf29d7"}
{"timestamp": "2026-02-20T05:22:53.357150+00:00", "level": "WARN", "action": "ACTIVATION_SET_FAILED", "details": "Code must contain letters, digits, and special characters", "operator": "system", "plugin": "", "engagement_id": "", "previous_hash": "f1c8d7212ebf29d7", "hash": "6a6f8659c87aeed0"}
{"timestamp": "2026-02-20T05:22:53.362445+00:00", "level": "WARN", "action": "ACTIVATION_SET_FAILED", "details": "Code must contain letters, digits, and special characters", "operator": "system", "plugin": "", "engagement_id": "", "previous_hash": "6a6f8659c87aeed0", "hash": "8971d0e2fa716841"}
{"timestamp": "2026-02-20T05:22:53.365113+00:00", "level": "WARN", "action": "ACTIVATION_SET_FAILED", "details": "Code too short \u2014 minimum 8 characters required", "operator": "system", "plugin": "", "engagement_id": "", "previous_hash": "8971d0e2fa716841", "hash": "5970e2876c31230a"}
{"timestamp": "2026-02-20T05:22:53.397268+00:00", "level": "INFO", "action": "ACTIVATION_CODE_SET", "details": "New activation code configured", "operator": "system", "plugin": "", "engagement_id": "", "previous_hash": "5970e2876c31230a", "hash": "30f20994768ce608"}
{"timestamp": "2026-02-20T05:22:53.397268+00:00", "level": "INFO", "action": "ACTIVATION_CODE_CLEARED", "details": "Activation code removed", "operator": "system", "plugin": "", "engagement_id": "", "previous_hash": "30f20994768ce608", "hash": "fe9d4ab5f4a1351d"}
{"timestamp": "2026-02-20T05:22:53.432443+00:00", "level": "INFO", "action": "ACTIVATION_CODE_SET", "details": "New activation code configured", "operator": "system", "plugin": "", "engagement_id": "", "previous_hash": "fe9d4ab5f4a1351d", "hash": "1265b45c0580e463"}
{"timestamp": "2026-02-20T05:22:53.472455+00:00", "level": "INFO", "action": "ACTIVATION_CODE_SET", "details": "New activation code configured", "operator": "system", "plugin": "", "engagement_id": "", "previous_hash": "1265b45c0580e463", "hash": "b4a8e7aa663417bf"}
{"timestamp": "2026-02-20T05:22:53.500163+00:00", "level": "INFO", "action": "ENGAGEMENT_INIT", "details": "Created engagement: ENG-001", "operator": "system", "plugin": "", "engagement_id": "", "previous_hash": "b4a8e7aa663417bf", "hash": "b44dc268a6d54630"}
{"timestamp": "2026-02-20T05:22:53.512369+00:00", "level": "INFO", "action": "ENGAGEMENT_INIT", "details": "Created engagement: TMPL", "operator": "system", "plugin": "", "engagement_id": "", "previous_hash": "b44dc268a6d54630", "hash": "c6de7b29ca4f6ca1"}
{"timestamp": "2026-02-20T05:29:03.171335+00:00", "level": "INFO", "action": "ROE_VALIDATED", "details": "RoE TEST-001 validated successfully", "operator": "system", "plugin": "", "engagement_id": "TEST-001", "previous_hash": "c6de7b29ca4f6ca1", "hash": "3061364db0a90909"}
{"timestamp": "2026-02-20T05:29:03.171335+00:00", "level": "INFO", "action": "ENGAGEMENT_LOADED", "details": "RoE validated, authorizer: Test Admin", "operator": "system", "plugin": "", "engagement_id": "TEST-001", "previous_hash": "3061364db0a90909", "hash": "dd4bcf8000378534"}
{"timestamp": "2026-02-20T05:29:03.177095+00:00", "level": "ERROR", "action": "ENGAGEMENT_LOAD_FAILED", "details": "Missing required RoE fields: authorizer, authorized_targets, allowed_tests, start_time_utc, end_time_utc", "operator": "system", "plugin": "", "engagement_id": "", "previous_hash": "dd4bcf8000378534", "hash": "b06e833ac91a27ca"}
{"timestamp": "2026-02-20T05:29:03.190876+00:00", "level": "ERROR", "action": "ENGAGEMENT_LOAD_FAILED", "details": "RoE has expired (end_time: 2026-02-19T05:29:03+00:00)", "operator": "system", "plugin": "", "engagement_id": "", "previous_hash": "b06e833ac91a27ca", "hash": "80cb511b77a5d6c2"}
{"timestamp": "2026-02-20T05:29:03.192884+00:00", "level": "ERROR", "action": "ENGAGEMENT_LOAD_FAILED", "details": "RoE file not found: \\nonexistent\\roe.yaml", "operator": "system", "plugin": "", "engagement_id": "", "previous_hash": "80cb511b77a5d6c2", "hash": "8b5d2d64d7c17b06"}
{"timestamp": "2026-02-20T05:29:03.199254+00:00", "level": "INFO", "action": "ROE_VALIDATED", "details": "RoE TEST-001 validated successfully", "operator": "system", "plugin": "", "engagement_id": "TEST-001", "previous_hash": "8b5d2d64d7c17b06", "hash": "63598ac82412d04b"}
{"timestamp": "2026-02-20T05:29:03.199254+00:00", "level": "INFO", "action": "ENGAGEMENT_LOADED", "details": "RoE validated, authorizer: Test Admin", "operator": "system", "plugin": "", "engagement_id": "TEST-001", "previous_hash": "63598ac82412d04b", "hash": "245406b4a4a530ba"}
{"timestamp": "2026-02-20T05:29:03.200253+00:00", "level": "INFO", "action": "PLUGIN_DRY_RUN", "details": "Dry run: stub-test", "operator": "system", "plugin": "stub-test", "engagement_id": "TEST-001", "previous_hash": "245406b4a4a530ba", "hash": "4ecd681ec82a403b"}
{"timestamp": "2026-02-20T05:29:03.206772+00:00", "level": "INFO", "action": "ROE_VALIDATED", "details": "RoE TEST-001 validated successfully", "operator": "system", "plugin": "", "engagement_id": "TEST-001", "previous_hash": "4ecd681ec82a403b", "hash": "68c2fddd77fa223a"}
{"timestamp": "2026-02-20T05:29:03.207772+00:00", "level": "INFO", "action": "ENGAGEMENT_LOADED", "details": "RoE validated, authorizer: Test Admin", "operator": "system", "plugin": "", "engagement_id": "TEST-001", "previous_hash": "68c2fddd77fa223a", "hash": "6484279e809b1f2e"}
{"timestamp": "2026-02-20T05:29:03.212772+00:00", "level": "INFO", "action": "ROE_VALIDATED", "details": "RoE TEST-001 validated successfully", "operator": "system", "plugin": "", "engagement_id": "TEST-001", "previous_hash": "6484279e809b1f2e", "hash": "11841a608eaea4e1"}
{"timestamp": "2026-02-20T05:29:03.214011+00:00", "level": "INFO", "action": "ENGAGEMENT_LOADED", "details": "RoE validated, authorizer: Test Admin", "operator": "system", "plugin": "", "engagement_id": "TEST-001", "previous_hash": "11841a608eaea4e1", "hash": "9214dc76d4f2baa0"}
{"timestamp": "2026-02-20T05:29:03.214011+00:00", "level": "INFO", "action": "PLUGIN_EXECUTE", "details": "Executing: stub-test", "operator": "system", "plugin": "stub-test", "engagement_id": "TEST-001", "previous_hash": "9214dc76d4f2baa0", "hash": "d95d1c1e8f2146b7"}
{"timestamp": "2026-02-20T05:29:03.214720+00:00", "level": "INFO", "action": "PLUGIN_COMPLETE", "details": "stub-test: success=True, findings=1, 0ms", "operator": "system", "plugin": "stub-test", "engagement_id": "TEST-001", "previous_hash": "d95d1c1e8f2146b7", "hash": "5892d83a306c1c5d"}
{"timestamp": "2026-02-20T05:29:03.220306+00:00", "level": "INFO", "action": "ROE_VALIDATED", "details": "RoE TEST-001 validated successfully", "operator": "system", "plugin": "", "engagement_id": "TEST-001", "previous_hash": "5892d83a306c1c5d", "hash": "204c483f020a114a"}
{"timestamp": "2026-02-20T05:29:03.221334+00:00", "level": "INFO", "action": "ENGAGEMENT_LOADED", "details": "RoE validated, authorizer: Test Admin", "operator": "system", "plugin": "", "engagement_id": "TEST-001", "previous_hash": "204c483f020a114a", "hash": "a6a3df01d99ea1bc"}
{"timestamp": "2026-02-20T05:29:03.221334+00:00", "level": "INFO", "action": "PLUGIN_EXECUTE", "details": "Executing: fail-test", "operator": "system", "plugin": "fail-test", "engagement_id": "TEST-001", "previous_hash": "a6a3df01d99ea1bc", "hash": "6f476c4f74080fe3"}
{"timestamp": "2026-02-20T05:29:03.222334+00:00", "level": "INFO", "action": "PLUGIN_COMPLETE", "details": "fail-test: success=False, findings=0, 0ms", "operator": "system", "plugin": "fail-test", "engagement_id": "TEST-001", "previous_hash": "6f476c4f74080fe3", "hash": "1ea448cb1adf36e1"}
{"timestamp": "2026-02-20T05:29:03.228975+00:00", "level": "INFO", "action": "ROE_VALIDATED", "details": "RoE TEST-001 validated successfully", "operator": "system", "plugin": "", "engagement_id": "TEST-001", "previous_hash": "1ea448cb1adf36e1", "hash": "bf070851a5efaefd"}
{"timestamp": "2026-02-20T05:29:03.229984+00:00", "level": "INFO", "action": "ENGAGEMENT_LOADED", "details": "RoE validated, authorizer: Test Admin", "operator": "system", "plugin": "", "engagement_id": "TEST-001", "previous_hash": "bf070851a5efaefd", "hash": "7259f04d96a7f392"}
{"timestamp": "2026-02-20T05:29:03.229984+00:00", "level": "INFO", "action": "ENGAGEMENT_SHUTDOWN", "details": "", "operator": "system", "plugin": "", "engagement_id": "TEST-001", "previous_hash": "7259f04d96a7f392", "hash": "ea529fd6d0a59355"}
{"timestamp": "2026-02-20T05:29:03.231983+00:00", "level": "WARN", "action": "ACTIVATION_FAILED", "details": "No engagement loaded", "operator": "system", "plugin": "", "engagement_id": "", "previous_hash": "ea529fd6d0a59355", "hash": "685763c585c3b5fe"}
{"timestamp": "2026-02-20T05:29:03.238210+00:00", "level": "INFO", "action": "ROE_VALIDATED", "details": "RoE TEST-001 validated successfully", "operator": "system", "plugin": "", "engagement_id": "TEST-001", "previous_hash": "685763c585c3b5fe", "hash": "f70058b68c3330a3"}
{"timestamp": "2026-02-20T05:29:03.238210+00:00", "level": "INFO", "action": "ENGAGEMENT_LOADED", "details": "RoE validated, authorizer: Test Admin", "operator": "system", "plugin": "", "engagement_id": "TEST-001", "previous_hash": "f70058b68c3330a3", "hash": "5a3da696bdf913d7"}
{"timestamp": "2026-02-20T05:29:03.250463+00:00", "level": "INFO", "action": "ROE_VALIDATED", "details": "RoE TEST-001 validated successfully", "operator": "system", "plugin": "", "engagement_id": "TEST-001", "previous_hash": "5a3da696bdf913d7", "hash": "1ae1ae4b897b365b"}
{"timestamp": "2026-02-20T05:29:03.270279+00:00", "level": "WARN", "action": "POLICY_DENIED", "details": "test-plugin: RoE has not been validated", "operator": "system", "plugin": "", "engagement_id": "", "previous_hash": "1ae1ae4b897b365b", "hash": "e9fd4441fa71effc"}
{"timestamp": "2026-02-20T05:29:03.321891+00:00", "level": "INFO", "action": "ACTIVATION_CODE_SET", "details": "New activation code configured", "operator": "system", "plugin": "", "engagement_id": "", "previous_hash": "e9fd4441fa71effc", "hash": "eaf2f5a0661ea24f"}
{"timestamp": "2026-02-20T06:26:59.728113+00:00", "level": "INFO", "action": "ACTIVATION_CODE_SET", "details": "New activation code configured", "operator": "system", "plugin": "", "engagement_id": "", "previous_hash": "eaf2f5a0661ea24f", "hash": "bbd6ba6cac1a1776"}
{"timestamp": "2026-02-20T06:26:59.798869+00:00", "level": "INFO", "action": "ACTIVATION_CODE_SET", "details": "New activation code configured", "operator": "system", "plugin": "", "engagement_id": "", "previous_hash": "bbd6ba6cac1a1776", "hash": "c5275e7c0def3b57"}
{"timestamp": "2026-02-20T06:26:59.841475+00:00", "level": "WARN", "action": "ACTIVATION_SET_FAILED", "details": "Code must contain letters, digits, and special characters", "operator": "system", "plugin": "", "engagement_id": "", "previous_hash": "c5275e7c0def3b57", "hash": "2a7344f701072b0d"}
{"timestamp": "2026-02-20T06:26:59.846100+00:00", "level": "WARN", "action": "ACTIVATION_SET_FAILED", "details": "Code must contain letters, digits, and special characters", "operator": "system", "plugin": "", "engagement_id": "", "previous_hash": "2a7344f701072b0d", "hash": "3aef3e2ab9e2f042"}
{"timestamp": "2026-02-20T06:26:59.846100+00:00", "level": "WARN", "action": "ACTIVATION_SET_FAILED", "details": "Code must contain letters, digits, and special characters", "operator": "system", "plugin": "", "engagement_id": "", "previous_hash": "3aef3e2ab9e2f042", "hash": "2584bb0f37aae19b"}
{"timestamp": "2026-02-20T06:26:59.848116+00:00", "level": "WARN", "action": "ACTIVATION_SET_FAILED", "details": "Code too short \u2014 minimum 8 characters required", "operator": "system", "plugin": "", "engagement_id": "", "previous_hash": "2584bb0f37aae19b", "hash": "cc20e9e85ae40f61"}
{"timestamp": "2026-02-20T06:26:59.883609+00:00", "level": "INFO", "action": "ACTIVATION_CODE_SET", "details": "New activation code configured", "operator": "system", "plugin": "", "engagement_id": "", "previous_hash": "cc20e9e85ae40f61", "hash": "7f4df150412642e1"}
{"timestamp": "2026-02-20T06:26:59.883609+00:00", "level": "INFO", "action": "ACTIVATION_CODE_CLEARED", "details": "Activation code removed", "operator": "system", "plugin": "", "engagement_id": "", "previous_hash": "7f4df150412642e1", "hash": "6d241da8b1838198"}
{"timestamp": "2026-02-20T06:26:59.917810+00:00", "level": "INFO", "action": "ACTIVATION_CODE_SET", "details": "New activation code configured", "operator": "system", "plugin": "", "engagement_id": "", "previous_hash": "6d241da8b1838198", "hash": "c320c103371f38b9"}
{"timestamp": "2026-02-20T06:26:59.960347+00:00", "level": "INFO", "action": "ACTIVATION_CODE_SET", "details": "New activation code configured", "operator": "system", "plugin": "", "engagement_id": "", "previous_hash": "c320c103371f38b9", "hash": "1c43b01a3d28cd65"}
{"timestamp": "2026-02-20T06:26:59.979144+00:00", "level": "INFO", "action": "ENGAGEMENT_INIT", "details": "Created engagement: ENG-001", "operator": "system", "plugin": "", "engagement_id": "", "previous_hash": "1c43b01a3d28cd65", "hash": "72354aa1450dcf51"}
{"timestamp": "2026-02-20T06:26:59.989398+00:00", "level": "INFO", "action": "ENGAGEMENT_INIT", "details": "Created engagement: TMPL", "operator": "system", "plugin": "", "engagement_id": "", "previous_hash": "72354aa1450dcf51", "hash": "a4228384d1c907b9"}
{"timestamp": "2026-02-20T06:33:01.861653+00:00", "level": "INFO", "action": "ROE_VALIDATED", "details": "RoE TEST-001 validated successfully", "operator": "system", "plugin": "", "engagement_id": "TEST-001", "previous_hash": "a4228384d1c907b9", "hash": "fe4514d10d49966c"}
{"timestamp": "2026-02-20T06:33:01.861653+00:00", "level": "INFO", "action": "ENGAGEMENT_LOADED", "details": "RoE validated, authorizer: Test Admin", "operator": "system", "plugin": "", "engagement_id": "TEST-001", "previous_hash": "fe4514d10d49966c", "hash": "24d4f73b4af16b55"}
{"timestamp": "2026-02-20T06:33:01.864657+00:00", "level": "ERROR", "action": "ENGAGEMENT_LOAD_FAILED", "details": "Missing required RoE fields: authorizer, authorized_targets, allowed_tests, start_time_utc, end_time_utc", "operator": "system", "plugin": "", "engagement_id": "", "previous_hash": "24d4f73b4af16b55", "hash": "eedca07d97b5600d"}
{"timestamp": "2026-02-20T06:33:01.872091+00:00", "level": "ERROR", "action": "ENGAGEMENT_LOAD_FAILED", "details": "RoE has expired (end_time: 2026-02-19T06:33:01+00:00)", "operator": "system", "plugin": "", "engagement_id": "", "previous_hash": "eedca07d97b5600d", "hash": "36e7de52c6b27863"}
{"timestamp": "2026-02-20T06:33:01.874094+00:00", "level": "ERROR", "action": "ENGAGEMENT_LOAD_FAILED", "details": "RoE file not found: \\nonexistent\\roe.yaml", "operator": "system", "plugin": "", "engagement_id": "", "previous_hash": "36e7de52c6b27863", "hash": "bcefff425c86670c"}
{"timestamp": "2026-02-20T06:33:01.878195+00:00", "level": "INFO", "action": "ROE_VALIDATED", "details": "RoE TEST-001 validated successfully", "operator": "system", "plugin": "", "engagement_id": "TEST-001", "previous_hash": "bcefff425c86670c", "hash": "3b7dbbed8fa16f37"}
{"timestamp": "2026-02-20T06:33:01.878195+00:00", "level": "INFO", "action": "ENGAGEMENT_LOADED", "details": "RoE validated, authorizer: Test Admin", "operator": "system", "plugin": "", "engagement_id": "TEST-001", "previous_hash": "3b7dbbed8fa16f37", "hash": "1c9648bd53086ec6"}
{"timestamp": "2026-02-20T06:33:01.878195+00:00", "level": "INFO", "action": "PLUGIN_DRY_RUN", "details": "Dry run: stub-test", "operator": "system", "plugin": "stub-test", "engagement_id": "TEST-001", "previous_hash": "1c9648bd53086ec6", "hash": "ec224e9cae214603"}
{"timestamp": "2026-02-20T06:33:01.892476+00:00", "level": "INFO", "action": "ROE_VALIDATED", "details": "RoE TEST-001 validated successfully", "operator": "system", "plugin": "", "engagement_id": "TEST-001", "previous_hash": "ec224e9cae214603", "hash": "e160582de7c604de"}
{"timestamp": "2026-02-20T06:33:01.892476+00:00", "level": "INFO", "action": "ENGAGEMENT_LOADED", "details": "RoE validated, authorizer: Test Admin", "operator": "system", "plugin": "", "engagement_id": "TEST-001", "previous_hash": "e160582de7c604de", "hash": "6d6bd5d48e6c6ef1"}
{"timestamp": "2026-02-20T06:33:01.895894+00:00", "level": "INFO", "action": "ROE_VALIDATED", "details": "RoE TEST-001 validated successfully", "operator": "system", "plugin": "", "engagement_id": "TEST-001", "previous_hash": "6d6bd5d48e6c6ef1", "hash": "99ec7f469856fa34"}
{"timestamp": "2026-02-20T06:33:01.895894+00:00", "level": "INFO", "action": "ENGAGEMENT_LOADED", "details": "RoE validated, authorizer: Test Admin", "operator": "system", "plugin": "", "engagement_id": "TEST-001", "previous_hash": "99ec7f469856fa34", "hash": "52b826efdb48e546"}
{"timestamp": "2026-02-20T06:33:01.895894+00:00", "level": "INFO", "action": "PLUGIN_EXECUTE", "details": "Executing: stub-test", "operator": "system", "plugin": "stub-test", "engagement_id": "TEST-001", "previous_hash": "52b826efdb48e546", "hash": "56ce776ae0f52423"}
{"timestamp": "2026-02-20T06:33:01.895894+00:00", "level": "INFO", "action": "PLUGIN_COMPLETE", "details": "stub-test: success=True, findings=1, 0ms", "operator": "system", "plugin": "stub-test", "engagement_id": "TEST-001", "previous_hash": "56ce776ae0f52423", "hash": "f467eb52b09c18f2"}
{"timestamp": "2026-02-20T06:33:01.900712+00:00", "level": "INFO", "action": "ROE_VALIDATED", "details": "RoE TEST-001 validated successfully", "operator": "system", "plugin": "", "engagement_id": "TEST-001", "previous_hash": "f467eb52b09c18f2", "hash": "79b9650e8bcc7bab"}
{"timestamp": "2026-02-20T06:33:01.900712+00:00", "level": "INFO", "action": "ENGAGEMENT_LOADED", "details": "RoE validated, authorizer: Test Admin", "operator": "system", "plugin": "", "engagement_id": "TEST-001", "previous_hash": "79b9650e8bcc7bab", "hash": "e189f68227918ab6"}
{"timestamp": "2026-02-20T06:33:01.900712+00:00", "level": "INFO", "action": "PLUGIN_EXECUTE", "details": "Executing: fail-test", "operator": "system", "plugin": "fail-test", "engagement_id": "TEST-001", "previous_hash": "e189f68227918ab6", "hash": "3f000ace558c758b"}
{"timestamp": "2026-02-20T06:33:01.900712+00:00", "level": "INFO", "action": "PLUGIN_COMPLETE", "details": "fail-test: success=False, findings=0, 0ms", "operator": "system", "plugin": "fail-test", "engagement_id": "TEST-001", "previous_hash": "3f000ace558c758b", "hash": "d7dd8d8631b937f2"}
{"timestamp": "2026-02-20T06:33:01.902717+00:00", "level": "INFO", "action": "ROE_VALIDATED", "details": "RoE TEST-001 validated successfully", "operator": "system", "plugin": "", "engagement_id": "TEST-001", "previous_hash": "d7dd8d8631b937f2", "hash": "90a8f7f9427b779f"}
{"timestamp": "2026-02-20T06:33:01.904722+00:00", "level": "INFO", "action": "ENGAGEMENT_LOADED", "details": "RoE validated, authorizer: Test Admin", "operator": "system", "plugin": "", "engagement_id": "TEST-001", "previous_hash": "90a8f7f9427b779f", "hash": "e6bb6dd3fcc38a6f"}
{"timestamp": "2026-02-20T06:33:01.904722+00:00", "level": "INFO", "action": "ENGAGEMENT_SHUTDOWN", "details": "", "operator": "system", "plugin": "", "engagement_id": "TEST-001", "previous_hash": "e6bb6dd3fcc38a6f", "hash": "937e1d799ba2f185"}
{"timestamp": "2026-02-20T06:33:01.904722+00:00", "level": "WARN", "action": "ACTIVATION_FAILED", "details": "No engagement loaded", "operator": "system", "plugin": "", "engagement_id": "", "previous_hash": "937e1d799ba2f185", "hash": "ccf1b3bb0d8dda01"}
{"timestamp": "2026-02-20T06:33:01.908089+00:00", "level": "INFO", "action": "ROE_VALIDATED", "details": "RoE TEST-001 validated successfully", "operator": "system", "plugin": "", "engagement_id": "TEST-001", "previous_hash": "ccf1b3bb0d8dda01", "hash": "a4221f1fd2caaccc"}
{"timestamp": "2026-02-20T06:33:01.908089+00:00", "level": "INFO", "action": "ENGAGEMENT_LOADED", "details": "RoE validated, authorizer: Test Admin", "operator": "system", "plugin": "", "engagement_id": "TEST-001", "previous_hash": "a4221f1fd2caaccc", "hash": "4e1125267da12d9e"}
{"timestamp": "2026-02-20T06:33:01.913862+00:00", "level": "INFO", "action": "ROE_VALIDATED", "details": "RoE TEST-001 validated successfully", "operator": "system", "plugin": "", "engagement_id": "TEST-001", "previous_hash": "4e1125267da12d9e", "hash": "c3d66fb01e55b9ca"}
{"timestamp": "2026-02-20T06:33:01.929304+00:00", "level": "WARN", "action": "POLICY_DENIED", "details": "test-plugin: RoE has not been validated", "operator": "system", "plugin": "", "engagement_id": "", "previous_hash": "c3d66fb01e55b9ca", "hash": "047c22621582732a"}
{"timestamp": "2026-02-20T06:33:01.966322+00:00", "level": "INFO", "action": "ACTIVATION_CODE_SET", "details": "New activation code configured", "operator": "system", "plugin": "", "engagement_id": "", "previous_hash": "047c22621582732a", "hash": "36ba4f22994f35a3"}
{"timestamp": "2026-02-20T08:40:04.705175+00:00", "level": "INFO", "action": "ACTIVATION_CODE_SET", "details": "New activation code configured", "operator": "system", "plugin": "", "engagement_id": "", "previous_hash": "36ba4f22994f35a3", "hash": "093480e657b303b4"}
{"timestamp": "2026-02-20T08:40:04.775106+00:00", "level": "INFO", "action": "ACTIVATION_CODE_SET", "details": "New activation code configured", "operator": "system", "plugin": "", "engagement_id": "", "previous_hash": "093480e657b303b4", "hash": "52b12cf1d951cf43"}
{"timestamp": "2026-02-20T08:40:04.815073+00:00", "level": "WARN", "action": "ACTIVATION_SET_FAILED", "details": "Code must contain letters, digits, and special characters", "operator": "system", "plugin": "", "engagement_id": "", "previous_hash": "52b12cf1d951cf43", "hash": "7d2e65dc85da2ff0"}
{"timestamp": "2026-02-20T08:40:04.815073+00:00", "level": "WARN", "action": "ACTIVATION_SET_FAILED", "details": "Code must contain letters, digits, and special characters", "operator": "system", "plugin": "", "engagement_id": "", "previous_hash": "7d2e65dc85da2ff0", "hash": "a7a57e98bc2c8220"}
{"timestamp": "2026-02-20T08:40:04.818746+00:00", "level": "WARN", "action": "ACTIVATION_SET_FAILED", "details": "Code must contain letters, digits, and special characters", "operator": "system", "plugin": "", "engagement_id": "", "previous_hash": "a7a57e98bc2c8220", "hash": "fbdeb4c9f5d68e44"}
{"timestamp": "2026-02-20T08:40:04.820762+00:00", "level": "WARN", "action": "ACTIVATION_SET_FAILED", "details": "Code too short \u2014 minimum 8 characters required", "operator": "system", "plugin": "", "engagement_id": "", "previous_hash": "fbdeb4c9f5d68e44", "hash": "36b252ffe8ae52b0"}
{"timestamp": "2026-02-20T08:40:04.853261+00:00", "level": "INFO", "action": "ACTIVATION_CODE_SET", "details": "New activation code configured", "operator": "system", "plugin": "", "engagement_id": "", "previous_hash": "36b252ffe8ae52b0", "hash": "3b3cf321563ccbf8"}
{"timestamp": "2026-02-20T08:40:04.854694+00:00", "level": "INFO", "action": "ACTIVATION_CODE_CLEARED", "details": "Activation code removed", "operator": "system", "plugin": "", "engagement_id": "", "previous_hash": "3b3cf321563ccbf8", "hash": "a6d0c1b1ff51b4be"}
{"timestamp": "2026-02-20T08:40:04.888004+00:00", "level": "INFO", "action": "ACTIVATION_CODE_SET", "details": "New activation code configured", "operator": "system", "plugin": "", "engagement_id": "", "previous_hash": "a6d0c1b1ff51b4be", "hash": "40e851ac06573780"}
{"timestamp": "2026-02-20T08:40:04.925107+00:00", "level": "INFO", "action": "ACTIVATION_CODE_SET", "details": "New activation code configured", "operator": "system", "plugin": "", "engagement_id": "", "previous_hash": "40e851ac06573780", "hash": "57d20e5c0b10da2b"}
{"timestamp": "2026-02-20T08:40:04.950672+00:00", "level": "INFO", "action": "ENGAGEMENT_INIT", "details": "Created engagement: ENG-001", "operator": "system", "plugin": "", "engagement_id": "", "previous_hash": "57d20e5c0b10da2b", "hash": "f2e0a4a04113e1fd"}
{"timestamp": "2026-02-20T08:40:04.960335+00:00", "level": "INFO", "action": "ENGAGEMENT_INIT", "details": "Created engagement: TMPL", "operator": "system", "plugin": "", "engagement_id": "", "previous_hash": "f2e0a4a04113e1fd", "hash": "a12c4e64990d9e55"}
{"timestamp": "2026-02-20T08:46:09.508695+00:00", "level": "INFO", "action": "ROE_VALIDATED", "details": "RoE TEST-001 validated successfully", "operator": "system", "plugin": "", "engagement_id": "TEST-001", "previous_hash": "a12c4e64990d9e55", "hash": "9fed3d94450c4e1a"}
{"timestamp": "2026-02-20T08:46:09.508695+00:00", "level": "INFO", "action": "ENGAGEMENT_LOADED", "details": "RoE validated, authorizer: Test Admin", "operator": "system", "plugin": "", "engagement_id": "TEST-001", "previous_hash": "9fed3d94450c4e1a", "hash": "ce8bebe8987b61ba"}
{"timestamp": "2026-02-20T08:46:09.512502+00:00", "level": "ERROR", "action": "ENGAGEMENT_LOAD_FAILED", "details": "Missing required RoE fields: authorizer, authorized_targets, allowed_tests, start_time_utc, end_time_utc", "operator": "system", "plugin": "", "engagement_id": "", "previous_hash": "ce8bebe8987b61ba", "hash": "508dbcd8e3650d6b"}
{"timestamp": "2026-02-20T08:46:09.521273+00:00", "level": "ERROR", "action": "ENGAGEMENT_LOAD_FAILED", "details": "RoE has expired (end_time: 2026-02-19T08:46:09+00:00)", "operator": "system", "plugin": "", "engagement_id": "", "previous_hash": "508dbcd8e3650d6b", "hash": "42932a7023333826"}
{"timestamp": "2026-02-20T08:46:09.522409+00:00", "level": "ERROR", "action": "ENGAGEMENT_LOAD_FAILED", "details": "RoE file not found: \\nonexistent\\roe.yaml", "operator": "system", "plugin": "", "engagement_id": "", "previous_hash": "42932a7023333826", "hash": "b6670fb86e5d57de"}
{"timestamp": "2026-02-20T08:46:09.526485+00:00", "level": "INFO", "action": "ROE_VALIDATED", "details": "RoE TEST-001 validated successfully", "operator": "system", "plugin": "", "engagement_id": "TEST-001", "previous_hash": "b6670fb86e5d57de", "hash": "1e1a2fc9c6bc0ddf"}
{"timestamp": "2026-02-20T08:46:09.526485+00:00", "level": "INFO", "action": "ENGAGEMENT_LOADED", "details": "RoE validated, authorizer: Test Admin", "operator": "system", "plugin": "", "engagement_id": "TEST-001", "previous_hash": "1e1a2fc9c6bc0ddf", "hash": "43136212c78cb586"}
{"timestamp": "2026-02-20T08:46:09.526485+00:00", "level": "INFO", "action": "PLUGIN_DRY_RUN", "details": "Dry run: stub-test", "operator": "system", "plugin": "stub-test", "engagement_id": "TEST-001", "previous_hash": "43136212c78cb586", "hash": "1a4ad0402140e0df"}
{"timestamp": "2026-02-20T08:46:09.541641+00:00", "level": "INFO", "action": "ROE_VALIDATED", "details": "RoE TEST-001 validated successfully", "operator": "system", "plugin": "", "engagement_id": "TEST-001", "previous_hash": "1a4ad0402140e0df", "hash": "b259210ddd624e12"}
{"timestamp": "2026-02-20T08:46:09.541641+00:00", "level": "INFO", "action": "ENGAGEMENT_LOADED", "details": "RoE validated, authorizer: Test Admin", "operator": "system", "plugin": "", "engagement_id": "TEST-001", "previous_hash": "b259210ddd624e12", "hash": "749b538c9d03c6f0"}
{"timestamp": "2026-02-20T08:46:09.544964+00:00", "level": "INFO", "action": "ROE_VALIDATED", "details": "RoE TEST-001 validated successfully", "operator": "system", "plugin": "", "engagement_id": "TEST-001", "previous_hash": "749b538c9d03c6f0", "hash": "981a35a7de77ace5"}
{"timestamp": "2026-02-20T08:46:09.544964+00:00", "level": "INFO", "action": "ENGAGEMENT_LOADED", "details": "RoE validated, authorizer: Test Admin", "operator": "system", "plugin": "", "engagement_id": "TEST-001", "previous_hash": "981a35a7de77ace5", "hash": "c7b0877967d93b56"}
{"timestamp": "2026-02-20T08:46:09.544964+00:00", "level": "INFO", "action": "PLUGIN_EXECUTE", "details": "Executing: stub-test", "operator": "system", "plugin": "stub-test", "engagement_id": "TEST-001", "previous_hash": "c7b0877967d93b56", "hash": "d683aaedb30500f8"}
{"timestamp": "2026-02-20T08:46:09.544964+00:00", "level": "INFO", "action": "PLUGIN_COMPLETE", "details": "stub-test: success=True, findings=1, 0ms", "operator": "system", "plugin": "stub-test", "engagement_id": "TEST-001", "previous_hash": "d683aaedb30500f8", "hash": "819941f86652ec61"}
{"timestamp": "2026-02-20T08:46:09.549832+00:00", "level": "INFO", "action": "ROE_VALIDATED", "details": "RoE TEST-001 validated successfully", "operator": "system", "plugin": "", "engagement_id": "TEST-001", "previous_hash": "819941f86652ec61", "hash": "7873fd6ac4901612"}
{"timestamp": "2026-02-20T08:46:09.549832+00:00", "level": "INFO", "action": "ENGAGEMENT_LOADED", "details": "RoE validated, authorizer: Test Admin", "operator": "system", "plugin": "", "engagement_id": "TEST-001", "previous_hash": "7873fd6ac4901612", "hash": "e96b2462b7976e56"}
{"timestamp": "2026-02-20T08:46:09.549832+00:00", "level": "INFO", "action": "PLUGIN_EXECUTE", "details": "Executing: fail-test", "operator": "system", "plugin": "fail-test", "engagement_id": "TEST-001", "previous_hash": "e96b2462b7976e56", "hash": "4def1564165b13d3"}
{"timestamp": "2026-02-20T08:46:09.549832+00:00", "level": "INFO", "action": "PLUGIN_COMPLETE", "details": "fail-test: success=False, findings=0, 0ms", "operator": "system", "plugin": "fail-test", "engagement_id": "TEST-001", "previous_hash": "4def1564165b13d3", "hash": "7a6333750d1f4fca"}
{"timestamp": "2026-02-20T08:46:09.553355+00:00", "level": "INFO", "action": "ROE_VALIDATED", "details": "RoE TEST-001 validated successfully", "operator": "system", "plugin": "", "engagement_id": "TEST-001", "previous_hash": "7a6333750d1f4fca", "hash": "41310d1b30534198"}
{"timestamp": "2026-02-20T08:46:09.553355+00:00", "level": "INFO", "action": "ENGAGEMENT_LOADED", "details": "RoE validated, authorizer: Test Admin", "operator": "system", "plugin": "", "engagement_id": "TEST-001", "previous_hash": "41310d1b30534198", "hash": "7fccdc30f1c778d9"}
{"timestamp": "2026-02-20T08:46:09.553355+00:00", "level": "INFO", "action": "ENGAGEMENT_SHUTDOWN", "details": "", "operator": "system", "plugin": "", "engagement_id": "TEST-001", "previous_hash": "7fccdc30f1c778d9", "hash": "ab8952a931a535e1"}
{"timestamp": "2026-02-20T08:46:09.554860+00:00", "level": "WARN", "action": "ACTIVATION_FAILED", "details": "No engagement loaded", "operator": "system", "plugin": "", "engagement_id": "", "previous_hash": "ab8952a931a535e1", "hash": "552af3c161caad22"}
{"timestamp": "2026-02-20T08:46:09.557865+00:00", "level": "INFO", "action": "ROE_VALIDATED", "details": "RoE TEST-001 validated successfully", "operator": "system", "plugin": "", "engagement_id": "TEST-001", "previous_hash": "552af3c161caad22", "hash": "44bb9089ee65fabd"}
{"timestamp": "2026-02-20T08:46:09.557865+00:00", "level": "INFO", "action": "ENGAGEMENT_LOADED", "details": "RoE validated, authorizer: Test Admin", "operator": "system", "plugin": "", "engagement_id": "TEST-001", "previous_hash": "44bb9089ee65fabd", "hash": "9b851fb915f21f01"}
{"timestamp": "2026-02-20T08:46:09.566006+00:00", "level": "INFO", "action": "ROE_VALIDATED", "details": "RoE TEST-001 validated successfully", "operator": "system", "plugin": "", "engagement_id": "TEST-001", "previous_hash": "9b851fb915f21f01", "hash": "e587981f650b5adb"}
{"timestamp": "2026-02-20T08:46:09.575910+00:00", "level": "WARN", "action": "POLICY_DENIED", "details": "test-plugin: RoE has not been validated", "operator": "system", "plugin": "", "engagement_id": "", "previous_hash": "e587981f650b5adb", "hash": "b520d9ad4f711a96"}
{"timestamp": "2026-02-20T08:46:09.613970+00:00", "level": "INFO", "action": "ACTIVATION_CODE_SET", "details": "New activation code configured", "operator": "system", "plugin": "", "engagement_id": "", "previous_hash": "b520d9ad4f711a96", "hash": "ece766ae97e5c4ab"}
{"timestamp": "2026-02-20T09:33:42.585569+00:00", "level": "INFO", "action": "ACTIVATION_CODE_SET", "details": "New activation code configured", "operator": "system", "plugin": "", "engagement_id": "", "previous_hash": "ece766ae97e5c4ab", "hash": "f4b586dd359b3c6d"}
{"timestamp": "2026-02-20T09:33:42.662327+00:00", "level": "INFO", "action": "ACTIVATION_CODE_SET", "details": "New activation code configured", "operator": "system", "plugin": "", "engagement_id": "", "previous_hash": "f4b586dd359b3c6d", "hash": "b4b7f5920a3af77a"}
{"timestamp": "2026-02-20T09:33:42.707826+00:00", "level": "WARN", "action": "ACTIVATION_SET_FAILED", "details": "Code must contain letters, digits, and special characters", "operator": "system", "plugin": "", "engagement_id": "", "previous_hash": "b4b7f5920a3af77a", "hash": "8615c838791d1e81"}
{"timestamp": "2026-02-20T09:33:42.708483+00:00", "level": "WARN", "action": "ACTIVATION_SET_FAILED", "details": "Code must contain letters, digits, and special characters", "operator": "system", "plugin": "", "engagement_id": "", "previous_hash": "8615c838791d1e81", "hash": "e36a3de1069b2501"}
{"timestamp": "2026-02-20T09:33:42.708483+00:00", "level": "WARN", "action": "ACTIVATION_SET_FAILED", "details": "Code must contain letters, digits, and special characters", "operator": "system", "plugin": "", "engagement_id": "", "previous_hash": "e36a3de1069b2501", "hash": "3f5b3a4a02a5ec13"}
{"timestamp": "2026-02-20T09:33:42.712193+00:00", "level": "WARN", "action": "ACTIVATION_SET_FAILED", "details": "Code too short \u2014 minimum 8 characters required", "operator": "system", "plugin": "", "engagement_id": "", "previous_hash": "3f5b3a4a02a5ec13", "hash": "bfa7800be8154e8d"}
{"timestamp": "2026-02-20T09:33:42.746286+00:00", "level": "INFO", "action": "ACTIVATION_CODE_SET", "details": "New activation code configured", "operator": "system", "plugin": "", "engagement_id": "", "previous_hash": "bfa7800be8154e8d", "hash": "5dc029a566cd4c13"}
{"timestamp": "2026-02-20T09:33:42.746286+00:00", "level": "INFO", "action": "ACTIVATION_CODE_CLEARED", "details": "Activation code removed", "operator": "system", "plugin": "", "engagement_id": "", "previous_hash": "5dc029a566cd4c13", "hash": "264bfd724580d2bc"}
{"timestamp": "2026-02-20T09:33:42.781472+00:00", "level": "INFO", "action": "ACTIVATION_CODE_SET", "details": "New activation code configured", "operator": "system", "plugin": "", "engagement_id": "", "previous_hash": "264bfd724580d2bc", "hash": "ce3fe21619d55cce"}
{"timestamp": "2026-02-20T09:33:42.818191+00:00", "level": "INFO", "action": "ACTIVATION_CODE_SET", "details": "New activation code configured", "operator": "system", "plugin": "", "engagement_id": "", "previous_hash": "ce3fe21619d55cce", "hash": "8621dbe83c86cbb0"}
{"timestamp": "2026-02-20T09:33:42.832452+00:00", "level": "INFO", "action": "ENGAGEMENT_INIT", "details": "Created engagement: ENG-001", "operator": "system", "plugin": "", "engagement_id": "", "previous_hash": "8621dbe83c86cbb0", "hash": "6b1fe2606ef915c6"}
{"timestamp": "2026-02-20T09:33:42.842289+00:00", "level": "INFO", "action": "ENGAGEMENT_INIT", "details": "Created engagement: TMPL", "operator": "system", "plugin": "", "engagement_id": "", "previous_hash": "6b1fe2606ef915c6", "hash": "c7a3482086b7d45f"}
{"timestamp": "2026-02-20T09:39:54.386935+00:00", "level": "INFO", "action": "ROE_VALIDATED", "details": "RoE TEST-001 validated successfully", "operator": "system", "plugin": "", "engagement_id": "TEST-001", "previous_hash": "c7a3482086b7d45f", "hash": "307248da5031071d"}
{"timestamp": "2026-02-20T09:39:54.386935+00:00", "level": "INFO", "action": "ENGAGEMENT_LOADED", "details": "RoE validated, authorizer: Test Admin", "operator": "system", "plugin": "", "engagement_id": "TEST-001", "previous_hash": "307248da5031071d", "hash": "d4371f9e837a34ca"}
{"timestamp": "2026-02-20T09:39:54.389935+00:00", "level": "ERROR", "action": "ENGAGEMENT_LOAD_FAILED", "details": "Missing required RoE fields: authorizer, authorized_targets, allowed_tests, start_time_utc, end_time_utc", "operator": "system", "plugin": "", "engagement_id": "", "previous_hash": "d4371f9e837a34ca", "hash": "2a5192b445ad5ed9"}
{"timestamp": "2026-02-20T09:39:54.412505+00:00", "level": "ERROR", "action": "ENGAGEMENT_LOAD_FAILED", "details": "RoE has expired (end_time: 2026-02-19T09:39:54+00:00)", "operator": "system", "plugin": "", "engagement_id": "", "previous_hash": "2a5192b445ad5ed9", "hash": "275af1d27f72e739"}
{"timestamp": "2026-02-20T09:39:54.413993+00:00", "level": "ERROR", "action": "ENGAGEMENT_LOAD_FAILED", "details": "RoE file not found: \\nonexistent\\roe.yaml", "operator": "system", "plugin": "", "engagement_id": "", "previous_hash": "275af1d27f72e739", "hash": "192b6c5be127d8e3"}
{"timestamp": "2026-02-20T09:39:54.417997+00:00", "level": "INFO", "action": "ROE_VALIDATED", "details": "RoE TEST-001 validated successfully", "operator": "system", "plugin": "", "engagement_id": "TEST-001", "previous_hash": "192b6c5be127d8e3", "hash": "bb8d8e3904c70d0f"}
{"timestamp": "2026-02-20T09:39:54.417997+00:00", "level": "INFO", "action": "ENGAGEMENT_LOADED", "details": "RoE validated, authorizer: Test Admin", "operator": "system", "plugin": "", "engagement_id": "TEST-001", "previous_hash": "bb8d8e3904c70d0f", "hash": "bf82afd82125d3ef"}
{"timestamp": "2026-02-20T09:39:54.417997+00:00", "level": "INFO", "action": "PLUGIN_DRY_RUN", "details": "Dry run: stub-test", "operator": "system", "plugin": "stub-test", "engagement_id": "TEST-001", "previous_hash": "bf82afd82125d3ef", "hash": "469d7014c505024d"}
{"timestamp": "2026-02-20T09:39:54.420998+00:00", "level": "INFO", "action": "ROE_VALIDATED", "details": "RoE TEST-001 validated successfully", "operator": "system", "plugin": "", "engagement_id": "TEST-001", "previous_hash": "469d7014c505024d", "hash": "7aad97fa9065e641"}
{"timestamp": "2026-02-20T09:39:54.420998+00:00", "level": "INFO", "action": "ENGAGEMENT_LOADED", "details": "RoE validated, authorizer: Test Admin", "operator": "system", "plugin": "", "engagement_id": "TEST-001", "previous_hash": "7aad97fa9065e641", "hash": "332a4dbe3e598d6a"}
{"timestamp": "2026-02-20T09:39:54.426513+00:00", "level": "INFO", "action": "ROE_VALIDATED", "details": "RoE TEST-001 validated successfully", "operator": "system", "plugin": "", "engagement_id": "TEST-001", "previous_hash": "332a4dbe3e598d6a", "hash": "508eca94437a5e32"}
{"timestamp": "2026-02-20T09:39:54.427512+00:00", "level": "INFO", "action": "ENGAGEMENT_LOADED", "details": "RoE validated, authorizer: Test Admin", "operator": "system", "plugin": "", "engagement_id": "TEST-001", "previous_hash": "508eca94437a5e32", "hash": "a13f0c5a396d2cd9"}
{"timestamp": "2026-02-20T09:39:54.427512+00:00", "level": "INFO", "action": "PLUGIN_EXECUTE", "details": "Executing: stub-test", "operator": "system", "plugin": "stub-test", "engagement_id": "TEST-001", "previous_hash": "a13f0c5a396d2cd9", "hash": "b30476f4748ef5e3"}
{"timestamp": "2026-02-20T09:39:54.428481+00:00", "level": "INFO", "action": "PLUGIN_COMPLETE", "details": "stub-test: success=True, findings=1, 0ms", "operator": "system", "plugin": "stub-test", "engagement_id": "TEST-001", "previous_hash": "b30476f4748ef5e3", "hash": "8db2272da29880e0"}
{"timestamp": "2026-02-20T09:39:54.436077+00:00", "level": "INFO", "action": "ROE_VALIDATED", "details": "RoE TEST-001 validated successfully", "operator": "system", "plugin": "", "engagement_id": "TEST-001", "previous_hash": "8db2272da29880e0", "hash": "5d322752a06c4262"}
{"timestamp": "2026-02-20T09:39:54.436077+00:00", "level": "INFO", "action": "ENGAGEMENT_LOADED", "details": "RoE validated, authorizer: Test Admin", "operator": "system", "plugin": "", "engagement_id": "TEST-001", "previous_hash": "5d322752a06c4262", "hash": "a708cd66d26e3e6a"}
{"timestamp": "2026-02-20T09:39:54.436077+00:00", "level": "INFO", "action": "PLUGIN_EXECUTE", "details": "Executing: fail-test", "operator": "system", "plugin": "fail-test", "engagement_id": "TEST-001", "previous_hash": "a708cd66d26e3e6a", "hash": "3fe38423c4e6182d"}
{"timestamp": "2026-02-20T09:39:54.437069+00:00", "level": "INFO", "action": "PLUGIN_COMPLETE", "details": "fail-test: success=False, findings=0, 0ms", "operator": "system", "plugin": "fail-test", "engagement_id": "TEST-001", "previous_hash": "3fe38423c4e6182d", "hash": "edee705e565f5b56"}
{"timestamp": "2026-02-20T09:39:54.442570+00:00", "level": "INFO", "action": "ROE_VALIDATED", "details": "RoE TEST-001 validated successfully", "operator": "system", "plugin": "", "engagement_id": "TEST-001", "previous_hash": "edee705e565f5b56", "hash": "8415beacf8c9fcb1"}
{"timestamp": "2026-02-20T09:39:54.443574+00:00", "level": "INFO", "action": "ENGAGEMENT_LOADED", "details": "RoE validated, authorizer: Test Admin", "operator": "system", "plugin": "", "engagement_id": "TEST-001", "previous_hash": "8415beacf8c9fcb1", "hash": "7a90daaed695dcd6"}
{"timestamp": "2026-02-20T09:39:54.443574+00:00", "level": "INFO", "action": "ENGAGEMENT_SHUTDOWN", "details": "", "operator": "system", "plugin": "", "engagement_id": "TEST-001", "previous_hash": "7a90daaed695dcd6", "hash": "fd4b64f8b81f5ba7"}
{"timestamp": "2026-02-20T09:39:54.445574+00:00", "level": "WARN", "action": "ACTIVATION_FAILED", "details": "No engagement loaded", "operator": "system", "plugin": "", "engagement_id": "", "previous_hash": "fd4b64f8b81f5ba7", "hash": "289dc327435dff3c"}
{"timestamp": "2026-02-20T09:39:54.451574+00:00", "level": "INFO", "action": "ROE_VALIDATED", "details": "RoE TEST-001 validated successfully", "operator": "system", "plugin": "", "engagement_id": "TEST-001", "previous_hash": "289dc327435dff3c", "hash": "2a54da75d120db1a"}
{"timestamp": "2026-02-20T09:39:54.451574+00:00", "level": "INFO", "action": "ENGAGEMENT_LOADED", "details": "RoE validated, authorizer: Test Admin", "operator": "system", "plugin": "", "engagement_id": "TEST-001", "previous_hash": "2a54da75d120db1a", "hash": "044ea2a95ceb4ad9"}
{"timestamp": "2026-02-20T09:39:54.463590+00:00", "level": "INFO", "action": "ROE_VALIDATED", "details": "RoE TEST-001 validated successfully", "operator": "system", "plugin": "", "engagement_id": "TEST-001", "previous_hash": "044ea2a95ceb4ad9", "hash": "6caff0104086aaad"}
{"timestamp": "2026-02-20T09:39:54.483533+00:00", "level": "WARN", "action": "POLICY_DENIED", "details": "test-plugin: RoE has not been validated", "operator": "system", "plugin": "", "engagement_id": "", "previous_hash": "6caff0104086aaad", "hash": "9fe3edf0cafa23c5"}
{"timestamp": "2026-02-20T09:39:54.528227+00:00", "level": "INFO", "action": "ACTIVATION_CODE_SET", "details": "New activation code configured", "operator": "system", "plugin": "", "engagement_id": "", "previous_hash": "9fe3edf0cafa23c5", "hash": "134854e3d0012a70"}
{"timestamp": "2026-02-20T09:44:33.328499+00:00", "level": "INFO", "action": "ACTIVATION_CODE_SET", "details": "New activation code configured", "operator": "system", "plugin": "", "engagement_id": "", "previous_hash": "134854e3d0012a70", "hash": "b4675c54451b014d"}
{"timestamp": "2026-02-20T09:44:33.399852+00:00", "level": "INFO", "action": "ACTIVATION_CODE_SET", "details": "New activation code configured", "operator": "system", "plugin": "", "engagement_id": "", "previous_hash": "b4675c54451b014d", "hash": "394dbbbd8df2f37c"}
{"timestamp": "2026-02-20T09:44:33.442388+00:00", "level": "WARN", "action": "ACTIVATION_SET_FAILED", "details": "Code must contain letters, digits, and special characters", "operator": "system", "plugin": "", "engagement_id": "", "previous_hash": "394dbbbd8df2f37c", "hash": "96df26f571389c87"}
{"timestamp": "2026-02-20T09:44:33.444881+00:00", "level": "WARN", "action": "ACTIVATION_SET_FAILED", "details": "Code must contain letters, digits, and special characters", "operator": "system", "plugin": "", "engagement_id": "", "previous_hash": "96df26f571389c87", "hash": "4d12130030d87923"}
{"timestamp": "2026-02-20T09:44:33.446379+00:00", "level": "WARN", "action": "ACTIVATION_SET_FAILED", "details": "Code must contain letters, digits, and special characters", "operator": "system", "plugin": "", "engagement_id": "", "previous_hash": "4d12130030d87923", "hash": "423cee50e1252f92"}
{"timestamp": "2026-02-20T09:44:33.448467+00:00", "level": "WARN", "action": "ACTIVATION_SET_FAILED", "details": "Code too short \u2014 minimum 8 characters required", "operator": "system", "plugin": "", "engagement_id": "", "previous_hash": "423cee50e1252f92", "hash": "bb212e653e87f419"}
{"timestamp": "2026-02-20T09:44:33.484616+00:00", "level": "INFO", "action": "ACTIVATION_CODE_SET", "details": "New activation code configured", "operator": "system", "plugin": "", "engagement_id": "", "previous_hash": "bb212e653e87f419", "hash": "9672ca2772bdcdb1"}
{"timestamp": "2026-02-20T09:44:33.485149+00:00", "level": "INFO", "action": "ACTIVATION_CODE_CLEARED", "details": "Activation code removed", "operator": "system", "plugin": "", "engagement_id": "", "previous_hash": "9672ca2772bdcdb1", "hash": "7f1d3aaaccc4790d"}
{"timestamp": "2026-02-20T09:44:33.522135+00:00", "level": "INFO", "action": "ACTIVATION_CODE_SET", "details": "New activation code configured", "operator": "system", "plugin": "", "engagement_id": "", "previous_hash": "7f1d3aaaccc4790d", "hash": "89e86058e0ffa32c"}
{"timestamp": "2026-02-20T09:44:33.575171+00:00", "level": "INFO", "action": "ACTIVATION_CODE_SET", "details": "New activation code configured", "operator": "system", "plugin": "", "engagement_id": "", "previous_hash": "89e86058e0ffa32c", "hash": "e7d376418b8ac98c"}
{"timestamp": "2026-02-20T09:44:33.595902+00:00", "level": "INFO", "action": "ENGAGEMENT_INIT", "details": "Created engagement: ENG-001", "operator": "system", "plugin": "", "engagement_id": "", "previous_hash": "e7d376418b8ac98c", "hash": "ee424986c5a058fe"}
{"timestamp": "2026-02-20T09:44:33.602523+00:00", "level": "INFO", "action": "ENGAGEMENT_INIT", "details": "Created engagement: TMPL", "operator": "system", "plugin": "", "engagement_id": "", "previous_hash": "ee424986c5a058fe", "hash": "78064fdf2d72d8fa"}
{"timestamp": "2026-02-20T09:50:40.497318+00:00", "level": "INFO", "action": "ROE_VALIDATED", "details": "RoE TEST-001 validated successfully", "operator": "system", "plugin": "", "engagement_id": "TEST-001", "previous_hash": "78064fdf2d72d8fa", "hash": "20eb345cd5789cf1"}
{"timestamp": "2026-02-20T09:50:40.497318+00:00", "level": "INFO", "action": "ENGAGEMENT_LOADED", "details": "RoE validated, authorizer: Test Admin", "operator": "system", "plugin": "", "engagement_id": "TEST-001", "previous_hash": "20eb345cd5789cf1", "hash": "8aba178d2cf85e53"}
{"timestamp": "2026-02-20T09:50:40.500518+00:00", "level": "ERROR", "action": "ENGAGEMENT_LOAD_FAILED", "details": "Missing required RoE fields: authorizer, authorized_targets, allowed_tests, start_time_utc, end_time_utc", "operator": "system", "plugin": "", "engagement_id": "", "previous_hash": "8aba178d2cf85e53", "hash": "a4b44fbb24dd2fa0"}
{"timestamp": "2026-02-20T09:50:40.508113+00:00", "level": "ERROR", "action": "ENGAGEMENT_LOAD_FAILED", "details": "RoE has expired (end_time: 2026-02-19T09:50:40+00:00)", "operator": "system", "plugin": "", "engagement_id": "", "previous_hash": "a4b44fbb24dd2fa0", "hash": "c8b23f7668db178c"}
{"timestamp": "2026-02-20T09:50:40.508783+00:00", "level": "ERROR", "action": "ENGAGEMENT_LOAD_FAILED", "details": "RoE file not found: \\nonexistent\\roe.yaml", "operator": "system", "plugin": "", "engagement_id": "", "previous_hash": "c8b23f7668db178c", "hash": "68f83b2df647e3a2"}
{"timestamp": "2026-02-20T09:50:40.511371+00:00", "level": "INFO", "action": "ROE_VALIDATED", "details": "RoE TEST-001 validated successfully", "operator": "system", "plugin": "", "engagement_id": "TEST-001", "previous_hash": "68f83b2df647e3a2", "hash": "2e8e8b6867581856"}
{"timestamp": "2026-02-20T09:50:40.511371+00:00", "level": "INFO", "action": "ENGAGEMENT_LOADED", "details": "RoE validated, authorizer: Test Admin", "operator": "system", "plugin": "", "engagement_id": "TEST-001", "previous_hash": "2e8e8b6867581856", "hash": "e9a8a93cdc93cc26"}
{"timestamp": "2026-02-20T09:50:40.512375+00:00", "level": "INFO", "action": "PLUGIN_DRY_RUN", "details": "Dry run: stub-test", "operator": "system", "plugin": "stub-test", "engagement_id": "TEST-001", "previous_hash": "e9a8a93cdc93cc26", "hash": "9339a1e9461d7c04"}
{"timestamp": "2026-02-20T09:50:40.526086+00:00", "level": "INFO", "action": "ROE_VALIDATED", "details": "RoE TEST-001 validated successfully", "operator": "system", "plugin": "", "engagement_id": "TEST-001", "previous_hash": "9339a1e9461d7c04", "hash": "d7bbdd15110c4fe7"}
{"timestamp": "2026-02-20T09:50:40.526086+00:00", "level": "INFO", "action": "ENGAGEMENT_LOADED", "details": "RoE validated, authorizer: Test Admin", "operator": "system", "plugin": "", "engagement_id": "TEST-001", "previous_hash": "d7bbdd15110c4fe7", "hash": "e15aec30a9d65a58"}
{"timestamp": "2026-02-20T09:50:40.529204+00:00", "level": "INFO", "action": "ROE_VALIDATED", "details": "RoE TEST-001 validated successfully", "operator": "system", "plugin": "", "engagement_id": "TEST-001", "previous_hash": "e15aec30a9d65a58", "hash": "e53f671902a39cc1"}
{"timestamp": "2026-02-20T09:50:40.529204+00:00", "level": "INFO", "action": "ENGAGEMENT_LOADED", "details": "RoE validated, authorizer: Test Admin", "operator": "system", "plugin": "", "engagement_id": "TEST-001", "previous_hash": "e53f671902a39cc1", "hash": "ac73f787a0606831"}
{"timestamp": "2026-02-20T09:50:40.530272+00:00", "level": "INFO", "action": "PLUGIN_EXECUTE", "details": "Executing: stub-test", "operator": "system", "plugin": "stub-test", "engagement_id": "TEST-001", "previous_hash": "ac73f787a0606831", "hash": "f99bbfd27000e0bf"}
{"timestamp": "2026-02-20T09:50:40.530272+00:00", "level": "INFO", "action": "PLUGIN_COMPLETE", "details": "stub-test: success=True, findings=1, 0ms", "operator": "system", "plugin": "stub-test", "engagement_id": "TEST-001", "previous_hash": "f99bbfd27000e0bf", "hash": "84385e2b19f98884"}
{"timestamp": "2026-02-20T09:50:40.533099+00:00", "level": "INFO", "action": "ROE_VALIDATED", "details": "RoE TEST-001 validated successfully", "operator": "system", "plugin": "", "engagement_id": "TEST-001", "previous_hash": "84385e2b19f98884", "hash": "241e82bff9b921ac"}
{"timestamp": "2026-02-20T09:50:40.533099+00:00", "level": "INFO", "action": "ENGAGEMENT_LOADED", "details": "RoE validated, authorizer: Test Admin", "operator": "system", "plugin": "", "engagement_id": "TEST-001", "previous_hash": "241e82bff9b921ac", "hash": "306d48a52c9f3d91"}
{"timestamp": "2026-02-20T09:50:40.533099+00:00", "level": "INFO", "action": "PLUGIN_EXECUTE", "details": "Executing: fail-test", "operator": "system", "plugin": "fail-test", "engagement_id": "TEST-001", "previous_hash": "306d48a52c9f3d91", "hash": "47098a2425f68ce0"}
{"timestamp": "2026-02-20T09:50:40.533099+00:00", "level": "INFO", "action": "PLUGIN_COMPLETE", "details": "fail-test: success=False, findings=0, 0ms", "operator": "system", "plugin": "fail-test", "engagement_id": "TEST-001", "previous_hash": "47098a2425f68ce0", "hash": "9693d0cdcffbf4df"}
{"timestamp": "2026-02-20T09:50:40.535895+00:00", "level": "INFO", "action": "ROE_VALIDATED", "details": "RoE TEST-001 validated successfully", "operator": "system", "plugin": "", "engagement_id": "TEST-001", "previous_hash": "9693d0cdcffbf4df", "hash": "173e2cb266f14c36"}
{"timestamp": "2026-02-20T09:50:40.536899+00:00", "level": "INFO", "action": "ENGAGEMENT_LOADED", "details": "RoE validated, authorizer: Test Admin", "operator": "system", "plugin": "", "engagement_id": "TEST-001", "previous_hash": "173e2cb266f14c36", "hash": "6da9e3ff12eab5a7"}
{"timestamp": "2026-02-20T09:50:40.536899+00:00", "level": "INFO", "action": "ENGAGEMENT_SHUTDOWN", "details": "", "operator": "system", "plugin": "", "engagement_id": "TEST-001", "previous_hash": "6da9e3ff12eab5a7", "hash": "a7fb0901588e3df6"}
{"timestamp": "2026-02-20T09:50:40.537898+00:00", "level": "WARN", "action": "ACTIVATION_FAILED", "details": "No engagement loaded", "operator": "system", "plugin": "", "engagement_id": "", "previous_hash": "a7fb0901588e3df6", "hash": "7ef29dfe40cb5754"}
{"timestamp": "2026-02-20T09:50:40.538794+00:00", "level": "INFO", "action": "ROE_VALIDATED", "details": "RoE TEST-001 validated successfully", "operator": "system", "plugin": "", "engagement_id": "TEST-001", "previous_hash": "7ef29dfe40cb5754", "hash": "9415127533f8fb7f"}
{"timestamp": "2026-02-20T09:50:40.538794+00:00", "level": "INFO", "action": "ENGAGEMENT_LOADED", "details": "RoE validated, authorizer: Test Admin", "operator": "system", "plugin": "", "engagement_id": "TEST-001", "previous_hash": "9415127533f8fb7f", "hash": "96854f9bb60561c9"}
{"timestamp": "2026-02-20T09:50:40.542201+00:00", "level": "INFO", "action": "ROE_VALIDATED", "details": "RoE TEST-001 validated successfully", "operator": "system", "plugin": "", "engagement_id": "TEST-001", "previous_hash": "96854f9bb60561c9", "hash": "9ee16a676c933781"}
{"timestamp": "2026-02-20T09:50:40.553846+00:00", "level": "WARN", "action": "POLICY_DENIED", "details": "test-plugin: RoE has not been validated", "operator": "system", "plugin": "", "engagement_id": "", "previous_hash": "9ee16a676c933781", "hash": "f0064fe07ca5d117"}
{"timestamp": "2026-02-20T09:50:40.592349+00:00", "level": "INFO", "action": "ACTIVATION_CODE_SET", "details": "New activation code configured", "operator": "system", "plugin": "", "engagement_id": "", "previous_hash": "f0064fe07ca5d117", "hash": "8921f56a814c87f3"}
{"timestamp": "2026-02-20T09:54:02.581144+00:00", "level": "INFO", "action": "ACTIVATION_CODE_SET", "details": "New activation code configured", "operator": "system", "plugin": "", "engagement_id": "", "previous_hash": "8921f56a814c87f3", "hash": "65ffa87340cebaec"}
{"timestamp": "2026-02-20T09:54:02.659059+00:00", "level": "INFO", "action": "ACTIVATION_CODE_SET", "details": "New activation code configured", "operator": "system", "plugin": "", "engagement_id": "", "previous_hash": "65ffa87340cebaec", "hash": "6f33a89f9068e25b"}
{"timestamp": "2026-02-20T09:54:02.701107+00:00", "level": "WARN", "action": "ACTIVATION_SET_FAILED", "details": "Code must contain letters, digits, and special characters", "operator": "system", "plugin": "", "engagement_id": "", "previous_hash": "6f33a89f9068e25b", "hash": "d4282054aba8074d"}
{"timestamp": "2026-02-20T09:54:02.703107+00:00", "level": "WARN", "action": "ACTIVATION_SET_FAILED", "details": "Code must contain letters, digits, and special characters", "operator": "system", "plugin": "", "engagement_id": "", "previous_hash": "d4282054aba8074d", "hash": "10b4dbb24b8234fe"}
{"timestamp": "2026-02-20T09:54:02.704107+00:00", "level": "WARN", "action": "ACTIVATION_SET_FAILED", "details": "Code must contain letters, digits, and special characters", "operator": "system", "plugin": "", "engagement_id": "", "previous_hash": "10b4dbb24b8234fe", "hash": "8b7e353bb9e6ad35"}
{"timestamp": "2026-02-20T09:54:02.705107+00:00", "level": "WARN", "action": "ACTIVATION_SET_FAILED", "details": "Code too short \u2014 minimum 8 characters required", "operator": "system", "plugin": "", "engagement_id": "", "previous_hash": "8b7e353bb9e6ad35", "hash": "52ebed9893001905"}
{"timestamp": "2026-02-20T09:54:02.741231+00:00", "level": "INFO", "action": "ACTIVATION_CODE_SET", "details": "New activation code configured", "operator": "system", "plugin": "", "engagement_id": "", "previous_hash": "52ebed9893001905", "hash": "b5e4b315da366579"}
{"timestamp": "2026-02-20T09:54:02.741231+00:00", "level": "INFO", "action": "ACTIVATION_CODE_CLEARED", "details": "Activation code removed", "operator": "system", "plugin": "", "engagement_id": "", "previous_hash": "b5e4b315da366579", "hash": "5c6f6cdfab59e67f"}
{"timestamp": "2026-02-20T09:54:02.782734+00:00", "level": "INFO", "action": "ACTIVATION_CODE_SET", "details": "New activation code configured", "operator": "system", "plugin": "", "engagement_id": "", "previous_hash": "5c6f6cdfab59e67f", "hash": "11e303b4ef0a152d"}
{"timestamp": "2026-02-20T09:54:02.837500+00:00", "level": "INFO", "action": "ACTIVATION_CODE_SET", "details": "New activation code configured", "operator": "system", "plugin": "", "engagement_id": "", "previous_hash": "11e303b4ef0a152d", "hash": "20b6047488260db7"}
{"timestamp": "2026-02-20T09:54:02.860640+00:00", "level": "INFO", "action": "ENGAGEMENT_INIT", "details": "Created engagement: ENG-001", "operator": "system", "plugin": "", "engagement_id": "", "previous_hash": "20b6047488260db7", "hash": "dee22e7210b7fc37"}
{"timestamp": "2026-02-20T09:54:02.875292+00:00", "level": "INFO", "action": "ENGAGEMENT_INIT", "details": "Created engagement: TMPL", "operator": "system", "plugin": "", "engagement_id": "", "previous_hash": "dee22e7210b7fc37", "hash": "cf6a61e70e192df9"}
{"timestamp": "2026-02-20T10:00:10.342085+00:00", "level": "INFO", "action": "ROE_VALIDATED", "details": "RoE TEST-001 validated successfully", "operator": "system", "plugin": "", "engagement_id": "TEST-001", "previous_hash": "cf6a61e70e192df9", "hash": "14007292e4d7b2b2"}
{"timestamp": "2026-02-20T10:00:10.342085+00:00", "level": "INFO", "action": "ENGAGEMENT_LOADED", "details": "RoE validated, authorizer: Test Admin", "operator": "system", "plugin": "", "engagement_id": "TEST-001", "previous_hash": "14007292e4d7b2b2", "hash": "00317a91f7e34abc"}
{"timestamp": "2026-02-20T10:00:10.345135+00:00", "level": "ERROR", "action": "ENGAGEMENT_LOAD_FAILED", "details": "Missing required RoE fields: authorizer, authorized_targets, allowed_tests, start_time_utc, end_time_utc", "operator": "system", "plugin": "", "engagement_id": "", "previous_hash": "00317a91f7e34abc", "hash": "99bfa6537f8bc23d"}
{"timestamp": "2026-02-20T10:00:10.353142+00:00", "level": "ERROR", "action": "ENGAGEMENT_LOAD_FAILED", "details": "RoE has expired (end_time: 2026-02-19T10:00:10+00:00)", "operator": "system", "plugin": "", "engagement_id": "", "previous_hash": "99bfa6537f8bc23d", "hash": "77a7a140b637cc25"}
{"timestamp": "2026-02-20T10:00:10.354144+00:00", "level": "ERROR", "action": "ENGAGEMENT_LOAD_FAILED", "details": "RoE file not found: \\nonexistent\\roe.yaml", "operator": "system", "plugin": "", "engagement_id": "", "previous_hash": "77a7a140b637cc25", "hash": "783e4fc37a5e3e58"}
{"timestamp": "2026-02-20T10:00:10.357486+00:00", "level": "INFO", "action": "ROE_VALIDATED", "details": "RoE TEST-001 validated successfully", "operator": "system", "plugin": "", "engagement_id": "TEST-001", "previous_hash": "783e4fc37a5e3e58", "hash": "780f1ba01b399bbe"}
{"timestamp": "2026-02-20T10:00:10.357996+00:00", "level": "INFO", "action": "ENGAGEMENT_LOADED", "details": "RoE validated, authorizer: Test Admin", "operator": "system", "plugin": "", "engagement_id": "TEST-001", "previous_hash": "780f1ba01b399bbe", "hash": "5c38bafce3456754"}
{"timestamp": "2026-02-20T10:00:10.357996+00:00", "level": "INFO", "action": "PLUGIN_DRY_RUN", "details": "Dry run: stub-test", "operator": "system", "plugin": "stub-test", "engagement_id": "TEST-001", "previous_hash": "5c38bafce3456754", "hash": "6bf55b22e5cb3892"}
{"timestamp": "2026-02-20T10:00:10.371556+00:00", "level": "INFO", "action": "ROE_VALIDATED", "details": "RoE TEST-001 validated successfully", "operator": "system", "plugin": "", "engagement_id": "TEST-001", "previous_hash": "6bf55b22e5cb3892", "hash": "a67a9e6f9022faa6"}
{"timestamp": "2026-02-20T10:00:10.372073+00:00", "level": "INFO", "action": "ENGAGEMENT_LOADED", "details": "RoE validated, authorizer: Test Admin", "operator": "system", "plugin": "", "engagement_id": "TEST-001", "previous_hash": "a67a9e6f9022faa6", "hash": "8663fda49b943a91"}
{"timestamp": "2026-02-20T10:00:10.375178+00:00", "level": "INFO", "action": "ROE_VALIDATED", "details": "RoE TEST-001 validated successfully", "operator": "system", "plugin": "", "engagement_id": "TEST-001", "previous_hash": "8663fda49b943a91", "hash": "917a0cb8fb1d3e31"}
{"timestamp": "2026-02-20T10:00:10.375178+00:00", "level": "INFO", "action": "ENGAGEMENT_LOADED", "details": "RoE validated, authorizer: Test Admin", "operator": "system", "plugin": "", "engagement_id": "TEST-001", "previous_hash": "917a0cb8fb1d3e31", "hash": "c4a52bc8c0916bc5"}
{"timestamp": "2026-02-20T10:00:10.375690+00:00", "level": "INFO", "action": "PLUGIN_EXECUTE", "details": "Executing: stub-test", "operator": "system", "plugin": "stub-test", "engagement_id": "TEST-001", "previous_hash": "c4a52bc8c0916bc5", "hash": "cf41008de861ca48"}
{"timestamp": "2026-02-20T10:00:10.375690+00:00", "level": "INFO", "action": "PLUGIN_COMPLETE", "details": "stub-test: success=True, findings=1, 0ms", "operator": "system", "plugin": "stub-test", "engagement_id": "TEST-001", "previous_hash": "cf41008de861ca48", "hash": "3611437d80b9b5e8"}
{"timestamp": "2026-02-20T10:00:10.378209+00:00", "level": "INFO", "action": "ROE_VALIDATED", "details": "RoE TEST-001 validated successfully", "operator": "system", "plugin": "", "engagement_id": "TEST-001", "previous_hash": "3611437d80b9b5e8", "hash": "089f5c44df3cf14b"}
{"timestamp": "2026-02-20T10:00:10.378209+00:00", "level": "INFO", "action": "ENGAGEMENT_LOADED", "details": "RoE validated, authorizer: Test Admin", "operator": "system", "plugin": "", "engagement_id": "TEST-001", "previous_hash": "089f5c44df3cf14b", "hash": "a76a46d08abb46bb"}
{"timestamp": "2026-02-20T10:00:10.379208+00:00", "level": "INFO", "action": "PLUGIN_EXECUTE", "details": "Executing: fail-test", "operator": "system", "plugin": "fail-test", "engagement_id": "TEST-001", "previous_hash": "a76a46d08abb46bb", "hash": "9812be60f658f413"}
{"timestamp": "2026-02-20T10:00:10.379208+00:00", "level": "INFO", "action": "PLUGIN_COMPLETE", "details": "fail-test: success=False, findings=0, 0ms", "operator": "system", "plugin": "fail-test", "engagement_id": "TEST-001", "previous_hash": "9812be60f658f413", "hash": "3c8a2960d79a48b8"}
{"timestamp": "2026-02-20T10:00:10.381790+00:00", "level": "INFO", "action": "ROE_VALIDATED", "details": "RoE TEST-001 validated successfully", "operator": "system", "plugin": "", "engagement_id": "TEST-001", "previous_hash": "3c8a2960d79a48b8", "hash": "ddf5f161fce7a194"}
{"timestamp": "2026-02-20T10:00:10.381790+00:00", "level": "INFO", "action": "ENGAGEMENT_LOADED", "details": "RoE validated, authorizer: Test Admin", "operator": "system", "plugin": "", "engagement_id": "TEST-001", "previous_hash": "ddf5f161fce7a194", "hash": "437ad0a8563890cc"}
{"timestamp": "2026-02-20T10:00:10.382790+00:00", "level": "INFO", "action": "ENGAGEMENT_SHUTDOWN", "details": "", "operator": "system", "plugin": "", "engagement_id": "TEST-001", "previous_hash": "437ad0a8563890cc", "hash": "6351195ee4a24437"}
{"timestamp": "2026-02-20T10:00:10.382790+00:00", "level": "WARN", "action": "ACTIVATION_FAILED", "details": "No engagement loaded", "operator": "system", "plugin": "", "engagement_id": "", "previous_hash": "6351195ee4a24437", "hash": "d27d3b53b2f39486"}
{"timestamp": "2026-02-20T10:00:10.386262+00:00", "level": "INFO", "action": "ROE_VALIDATED", "details": "RoE TEST-001 validated successfully", "operator": "system", "plugin": "", "engagement_id": "TEST-001", "previous_hash": "d27d3b53b2f39486", "hash": "9c5a2ac98addc21a"}
{"timestamp": "2026-02-20T10:00:10.386262+00:00", "level": "INFO", "action": "ENGAGEMENT_LOADED", "details": "RoE validated, authorizer: Test Admin", "operator": "system", "plugin": "", "engagement_id": "TEST-001", "previous_hash": "9c5a2ac98addc21a", "hash": "f2437fbcf400037c"}
{"timestamp": "2026-02-20T10:00:10.391346+00:00", "level": "INFO", "action": "ROE_VALIDATED", "details": "RoE TEST-001 validated successfully", "operator": "system", "plugin": "", "engagement_id": "TEST-001", "previous_hash": "f2437fbcf400037c", "hash": "d99b25e6bd660e18"}
{"timestamp": "2026-02-20T10:00:10.391346+00:00", "level": "WARN", "action": "POLICY_DENIED", "details": "test-plugin: RoE has not been validated", "operator": "system", "plugin": "", "engagement_id": "", "previous_hash": "d99b25e6bd660e18", "hash": "5366c4414d525312"}
{"timestamp": "2026-02-20T10:00:10.437030+00:00", "level": "INFO", "action": "ACTIVATION_CODE_SET", "details": "New activation code configured", "operator": "system", "plugin": "", "engagement_id": "", "previous_hash": "5366c4414d525312", "hash": "ce3a9fe09ca621a3"}
{"timestamp": "2026-02-21T06:20:07.064979+00:00", "level": "INFO", "action": "ACTIVATION_CODE_SET", "details": "New activation code configured", "operator": "system", "plugin": "", "engagement_id": "", "previous_hash": "ce3a9fe09ca621a3", "hash": "04ad947bc094b94c"}
{"timestamp": "2026-02-21T06:20:07.134207+00:00", "level": "INFO", "action": "ACTIVATION_CODE_SET", "details": "New activation code configured", "operator": "system", "plugin": "", "engagement_id": "", "previous_hash": "04ad947bc094b94c", "hash": "846c6fa00fa05085"}
{"timestamp": "2026-02-21T06:20:07.182855+00:00", "level": "WARN", "action": "ACTIVATION_SET_FAILED", "details": "Code must contain letters, digits, and special characters", "operator": "system", "plugin": "", "engagement_id": "", "previous_hash": "846c6fa00fa05085", "hash": "3fb8cafd09c7ff29"}
{"timestamp": "2026-02-21T06:20:07.184373+00:00", "level": "WARN", "action": "ACTIVATION_SET_FAILED", "details": "Code must contain letters, digits, and special characters", "operator": "system", "plugin": "", "engagement_id": "", "previous_hash": "3fb8cafd09c7ff29", "hash": "c032a1210a61bb91"}
{"timestamp": "2026-02-21T06:20:07.184373+00:00", "level": "WARN", "action": "ACTIVATION_SET_FAILED", "details": "Code must contain letters, digits, and special characters", "operator": "system", "plugin": "", "engagement_id": "", "previous_hash": "c032a1210a61bb91", "hash": "738ab37cf1b85884"}
{"timestamp": "2026-02-21T06:20:07.187693+00:00", "level": "WARN", "action": "ACTIVATION_SET_FAILED", "details": "Code too short \u2014 minimum 8 characters required", "operator": "system", "plugin": "", "engagement_id": "", "previous_hash": "738ab37cf1b85884", "hash": "e69ad7ebb033ed57"}
{"timestamp": "2026-02-21T06:20:07.214569+00:00", "level": "INFO", "action": "ACTIVATION_CODE_SET", "details": "New activation code configured", "operator": "system", "plugin": "", "engagement_id": "", "previous_hash": "e69ad7ebb033ed57", "hash": "d77cae6da91a1739"}
{"timestamp": "2026-02-21T06:20:07.214569+00:00", "level": "INFO", "action": "ACTIVATION_CODE_CLEARED", "details": "Activation code removed", "operator": "system", "plugin": "", "engagement_id": "", "previous_hash": "d77cae6da91a1739", "hash": "b49b9096820c08f1"}
{"timestamp": "2026-02-21T06:20:07.253843+00:00", "level": "INFO", "action": "ACTIVATION_CODE_SET", "details": "New activation code configured", "operator": "system", "plugin": "", "engagement_id": "", "previous_hash": "b49b9096820c08f1", "hash": "c69021db38a3972a"}
{"timestamp": "2026-02-21T06:20:07.283757+00:00", "level": "INFO", "action": "ACTIVATION_CODE_SET", "details": "New activation code configured", "operator": "system", "plugin": "", "engagement_id": "", "previous_hash": "c69021db38a3972a", "hash": "10d53691bb67e26b"}
{"timestamp": "2026-02-21T06:20:07.299458+00:00", "level": "INFO", "action": "ENGAGEMENT_INIT", "details": "Created engagement: ENG-001", "operator": "system", "plugin": "", "engagement_id": "", "previous_hash": "10d53691bb67e26b", "hash": "da4b321210c80f26"}
{"timestamp": "2026-02-21T06:20:07.299458+00:00", "level": "INFO", "action": "ENGAGEMENT_INIT", "details": "Created engagement: TMPL", "operator": "system", "plugin": "", "engagement_id": "", "previous_hash": "da4b321210c80f26", "hash": "808e7982aa30d2fd"}
{"timestamp": "2026-02-21T06:20:39.774597+00:00", "level": "INFO", "action": "ACTIVATION_CODE_SET", "details": "New activation code configured", "operator": "system", "plugin": "", "engagement_id": "", "previous_hash": "808e7982aa30d2fd", "hash": "5708874aad931595"}
{"timestamp": "2026-02-21T06:20:39.857408+00:00", "level": "INFO", "action": "ACTIVATION_CODE_SET", "details": "New activation code configured", "operator": "system", "plugin": "", "engagement_id": "", "previous_hash": "5708874aad931595", "hash": "9344e2d966deadbb"}
{"timestamp": "2026-02-21T06:20:39.904410+00:00", "level": "WARN", "action": "ACTIVATION_SET_FAILED", "details": "Code must contain letters, digits, and special characters", "operator": "system", "plugin": "", "engagement_id": "", "previous_hash": "9344e2d966deadbb", "hash": "27b3f73e875a7ea1"}
{"timestamp": "2026-02-21T06:20:39.906472+00:00", "level": "WARN", "action": "ACTIVATION_SET_FAILED", "details": "Code must contain letters, digits, and special characters", "operator": "system", "plugin": "", "engagement_id": "", "previous_hash": "27b3f73e875a7ea1", "hash": "ddc5ffde62c1b71f"}
{"timestamp": "2026-02-21T06:20:39.908472+00:00", "level": "WARN", "action": "ACTIVATION_SET_FAILED", "details": "Code must contain letters, digits, and special characters", "operator": "system", "plugin": "", "engagement_id": "", "previous_hash": "ddc5ffde62c1b71f", "hash": "4273ff1fe904a697"}
{"timestamp": "2026-02-21T06:20:39.910499+00:00", "level": "WARN", "action": "ACTIVATION_SET_FAILED", "details": "Code too short \u2014 minimum 8 characters required", "operator": "system", "plugin": "", "engagement_id": "", "previous_hash": "4273ff1fe904a697", "hash": "12076c92d3ef7717"}
{"timestamp": "2026-02-21T06:20:39.944939+00:00", "level": "INFO", "action": "ACTIVATION_CODE_SET", "details": "New activation code configured", "operator": "system", "plugin": "", "engagement_id": "", "previous_hash": "12076c92d3ef7717", "hash": "7aec2ec3b7cea7c9"}
{"timestamp": "2026-02-21T06:20:39.945682+00:00", "level": "INFO", "action": "ACTIVATION_CODE_CLEARED", "details": "Activation code removed", "operator": "system", "plugin": "", "engagement_id": "", "previous_hash": "7aec2ec3b7cea7c9", "hash": "e8be06fb4827350d"}
{"timestamp": "2026-02-21T06:20:39.979106+00:00", "level": "INFO", "action": "ACTIVATION_CODE_SET", "details": "New activation code configured", "operator": "system", "plugin": "", "engagement_id": "", "previous_hash": "e8be06fb4827350d", "hash": "70d532cdf9672630"}
{"timestamp": "2026-02-21T06:20:40.017995+00:00", "level": "INFO", "action": "ACTIVATION_CODE_SET", "details": "New activation code configured", "operator": "system", "plugin": "", "engagement_id": "", "previous_hash": "70d532cdf9672630", "hash": "b0addf679fc8149b"}
{"timestamp": "2026-02-21T06:20:40.035587+00:00", "level": "INFO", "action": "ENGAGEMENT_INIT", "details": "Created engagement: ENG-001", "operator": "system", "plugin": "", "engagement_id": "", "previous_hash": "b0addf679fc8149b", "hash": "4bef3643dbc28e16"}
{"timestamp": "2026-02-21T06:20:40.045573+00:00", "level": "INFO", "action": "ENGAGEMENT_INIT", "details": "Created engagement: TMPL", "operator": "system", "plugin": "", "engagement_id": "", "previous_hash": "4bef3643dbc28e16", "hash": "e75a9a556aaaabb9"}
{"timestamp": "2026-02-21T06:26:50.502814+00:00", "level": "INFO", "action": "ROE_VALIDATED", "details": "RoE TEST-001 validated successfully", "operator": "system", "plugin": "", "engagement_id": "TEST-001", "previous_hash": "e75a9a556aaaabb9", "hash": "690b662d5a5e3b44"}
{"timestamp": "2026-02-21T06:26:50.504347+00:00", "level": "INFO", "action": "ENGAGEMENT_LOADED", "details": "RoE validated, authorizer: Test Admin", "operator": "system", "plugin": "", "engagement_id": "TEST-001", "previous_hash": "690b662d5a5e3b44", "hash": "ca5ef5be2dc3e49f"}
{"timestamp": "2026-02-21T06:26:50.511624+00:00", "level": "ERROR", "action": "ENGAGEMENT_LOAD_FAILED", "details": "Missing required RoE fields: authorizer, authorized_targets, allowed_tests, start_time_utc, end_time_utc", "operator": "system", "plugin": "", "engagement_id": "", "previous_hash": "ca5ef5be2dc3e49f", "hash": "e3696691c59984b7"}
{"timestamp": "2026-02-21T06:26:50.521027+00:00", "level": "ERROR", "action": "ENGAGEMENT_LOAD_FAILED", "details": "RoE has expired (end_time: 2026-02-20T06:26:50+00:00)", "operator": "system", "plugin": "", "engagement_id": "", "previous_hash": "e3696691c59984b7", "hash": "206db322cee1758b"}
{"timestamp": "2026-02-21T06:26:50.522076+00:00", "level": "ERROR", "action": "ENGAGEMENT_LOAD_FAILED", "details": "RoE file not found: \\nonexistent\\roe.yaml", "operator": "system", "plugin": "", "engagement_id": "", "previous_hash": "206db322cee1758b", "hash": "eabb401175a681e7"}
{"timestamp": "2026-02-21T06:26:50.526503+00:00", "level": "INFO", "action": "ROE_VALIDATED", "details": "RoE TEST-001 validated successfully", "operator": "system", "plugin": "", "engagement_id": "TEST-001", "previous_hash": "eabb401175a681e7", "hash": "ed9c161efd3a1ed1"}
{"timestamp": "2026-02-21T06:26:50.526503+00:00", "level": "INFO", "action": "ENGAGEMENT_LOADED", "details": "RoE validated, authorizer: Test Admin", "operator": "system", "plugin": "", "engagement_id": "TEST-001", "previous_hash": "ed9c161efd3a1ed1", "hash": "0e6c2ca157cf0f5a"}
{"timestamp": "2026-02-21T06:26:50.526503+00:00", "level": "INFO", "action": "PLUGIN_DRY_RUN", "details": "Dry run: stub-test", "operator": "system", "plugin": "stub-test", "engagement_id": "TEST-001", "previous_hash": "0e6c2ca157cf0f5a", "hash": "b44d20ef9f22016b"}
{"timestamp": "2026-02-21T06:26:50.530016+00:00", "level": "INFO", "action": "ROE_VALIDATED", "details": "RoE TEST-001 validated successfully", "operator": "system", "plugin": "", "engagement_id": "TEST-001", "previous_hash": "b44d20ef9f22016b", "hash": "4575f05ebb8a6417"}
{"timestamp": "2026-02-21T06:26:50.530016+00:00", "level": "INFO", "action": "ENGAGEMENT_LOADED", "details": "RoE validated, authorizer: Test Admin", "operator": "system", "plugin": "", "engagement_id": "TEST-001", "previous_hash": "4575f05ebb8a6417", "hash": "23d4d78f1daafe35"}
{"timestamp": "2026-02-21T06:26:50.533478+00:00", "level": "INFO", "action": "ROE_VALIDATED", "details": "RoE TEST-001 validated successfully", "operator": "system", "plugin": "", "engagement_id": "TEST-001", "previous_hash": "23d4d78f1daafe35", "hash": "71f298f2c1355443"}
{"timestamp": "2026-02-21T06:26:50.533478+00:00", "level": "INFO", "action": "ENGAGEMENT_LOADED", "details": "RoE validated, authorizer: Test Admin", "operator": "system", "plugin": "", "engagement_id": "TEST-001", "previous_hash": "71f298f2c1355443", "hash": "7e6dae9c39a1d427"}
{"timestamp": "2026-02-21T06:26:50.534381+00:00", "level": "INFO", "action": "PLUGIN_EXECUTE", "details": "Executing: stub-test", "operator": "system", "plugin": "stub-test", "engagement_id": "TEST-001", "previous_hash": "7e6dae9c39a1d427", "hash": "4d7a28081a1d342c"}
{"timestamp": "2026-02-21T06:26:50.534381+00:00", "level": "INFO", "action": "PLUGIN_COMPLETE", "details": "stub-test: success=True, findings=1, 0ms", "operator": "system", "plugin": "stub-test", "engagement_id": "TEST-001", "previous_hash": "4d7a28081a1d342c", "hash": "30f53005a7c35543"}
{"timestamp": "2026-02-21T06:26:50.537421+00:00", "level": "INFO", "action": "ROE_VALIDATED", "details": "RoE TEST-001 validated successfully", "operator": "system", "plugin": "", "engagement_id": "TEST-001", "previous_hash": "30f53005a7c35543", "hash": "f41fcd3ea2e50bfa"}
{"timestamp": "2026-02-21T06:26:50.538473+00:00", "level": "INFO", "action": "ENGAGEMENT_LOADED", "details": "RoE validated, authorizer: Test Admin", "operator": "system", "plugin": "", "engagement_id": "TEST-001", "previous_hash": "f41fcd3ea2e50bfa", "hash": "04fa80751bf7d4fe"}
{"timestamp": "2026-02-21T06:26:50.538473+00:00", "level": "INFO", "action": "PLUGIN_EXECUTE", "details": "Executing: fail-test", "operator": "system", "plugin": "fail-test", "engagement_id": "TEST-001", "previous_hash": "04fa80751bf7d4fe", "hash": "f6db61ba56253311"}
{"timestamp": "2026-02-21T06:26:50.538473+00:00", "level": "INFO", "action": "PLUGIN_COMPLETE", "details": "fail-test: success=False, findings=0, 0ms", "operator": "system", "plugin": "fail-test", "engagement_id": "TEST-001", "previous_hash": "f6db61ba56253311", "hash": "8cc7b87739733e17"}
{"timestamp": "2026-02-21T06:26:50.541764+00:00", "level": "INFO", "action": "ROE_VALIDATED", "details": "RoE TEST-001 validated successfully", "operator": "system", "plugin": "", "engagement_id": "TEST-001", "previous_hash": "8cc7b87739733e17", "hash": "98886e1bcd8257cd"}
{"timestamp": "2026-02-21T06:26:50.541764+00:00", "level": "INFO", "action": "ENGAGEMENT_LOADED", "details": "RoE validated, authorizer: Test Admin", "operator": "system", "plugin": "", "engagement_id": "TEST-001", "previous_hash": "98886e1bcd8257cd", "hash": "b87acbc77e4838f6"}
{"timestamp": "2026-02-21T06:26:50.541764+00:00", "level": "INFO", "action": "ENGAGEMENT_SHUTDOWN", "details": "", "operator": "system", "plugin": "", "engagement_id": "TEST-001", "previous_hash": "b87acbc77e4838f6", "hash": "0303bd7119bc6c74"}
{"timestamp": "2026-02-21T06:26:50.542816+00:00", "level": "WARN", "action": "ACTIVATION_FAILED", "details": "No engagement loaded", "operator": "system", "plugin": "", "engagement_id": "", "previous_hash": "0303bd7119bc6c74", "hash": "ed02b3e77b5a968a"}
{"timestamp": "2026-02-21T06:26:50.546745+00:00", "level": "INFO", "action": "ROE_VALIDATED", "details": "RoE TEST-001 validated successfully", "operator": "system", "plugin": "", "engagement_id": "TEST-001", "previous_hash": "ed02b3e77b5a968a", "hash": "bdc06fd9c653587a"}
{"timestamp": "2026-02-21T06:26:50.546745+00:00", "level": "INFO", "action": "ENGAGEMENT_LOADED", "details": "RoE validated, authorizer: Test Admin", "operator": "system", "plugin": "", "engagement_id": "TEST-001", "previous_hash": "bdc06fd9c653587a", "hash": "a71f273e25a57a68"}
{"timestamp": "2026-02-21T06:26:50.555437+00:00", "level": "INFO", "action": "ROE_VALIDATED", "details": "RoE TEST-001 validated successfully", "operator": "system", "plugin": "", "engagement_id": "TEST-001", "previous_hash": "a71f273e25a57a68", "hash": "e7368fb9c9f3d837"}
{"timestamp": "2026-02-21T06:26:50.572789+00:00", "level": "WARN", "action": "POLICY_DENIED", "details": "test-plugin: RoE has not been validated", "operator": "system", "plugin": "", "engagement_id": "", "previous_hash": "e7368fb9c9f3d837", "hash": "2bcacc7d13a3a64d"}
{"timestamp": "2026-02-21T06:26:50.612491+00:00", "level": "INFO", "action": "ACTIVATION_CODE_SET", "details": "New activation code configured", "operator": "system", "plugin": "", "engagement_id": "", "previous_hash": "2bcacc7d13a3a64d", "hash": "8cb248da2b72a3f7"}
{"timestamp": "2026-02-21T06:30:31.644534+00:00", "level": "INFO", "action": "ACTIVATION_CODE_SET", "details": "New activation code configured", "operator": "system", "plugin": "", "engagement_id": "", "previous_hash": "8cb248da2b72a3f7", "hash": "c6b87a987a0af842"}
{"timestamp": "2026-02-21T06:30:31.715365+00:00", "level": "INFO", "action": "ACTIVATION_CODE_SET", "details": "New activation code configured", "operator": "system", "plugin": "", "engagement_id": "", "previous_hash": "c6b87a987a0af842", "hash": "72e16d266fad2900"}
{"timestamp": "2026-02-21T06:30:31.754799+00:00", "level": "WARN", "action": "ACTIVATION_SET_FAILED", "details": "Code must contain letters, digits, and special characters", "operator": "system", "plugin": "", "engagement_id": "", "previous_hash": "72e16d266fad2900", "hash": "4738d442d3fb37f6"}
{"timestamp": "2026-02-21T06:30:31.754799+00:00", "level": "WARN", "action": "ACTIVATION_SET_FAILED", "details": "Code must contain letters, digits, and special characters", "operator": "system", "plugin": "", "engagement_id": "", "previous_hash": "4738d442d3fb37f6", "hash": "616130a72a81ef0e"}
{"timestamp": "2026-02-21T06:30:31.754799+00:00", "level": "WARN", "action": "ACTIVATION_SET_FAILED", "details": "Code must contain letters, digits, and special characters", "operator": "system", "plugin": "", "engagement_id": "", "previous_hash": "616130a72a81ef0e", "hash": "954b993c38501159"}
{"timestamp": "2026-02-21T06:30:31.754799+00:00", "level": "WARN", "action": "ACTIVATION_SET_FAILED", "details": "Code too short \u2014 minimum 8 characters required", "operator": "system", "plugin": "", "engagement_id": "", "previous_hash": "954b993c38501159", "hash": "2d4d89206fc8def6"}
{"timestamp": "2026-02-21T06:30:31.794426+00:00", "level": "INFO", "action": "ACTIVATION_CODE_SET", "details": "New activation code configured", "operator": "system", "plugin": "", "engagement_id": "", "previous_hash": "2d4d89206fc8def6", "hash": "f5523a29b0a195e2"}
{"timestamp": "2026-02-21T06:30:31.794426+00:00", "level": "INFO", "action": "ACTIVATION_CODE_CLEARED", "details": "Activation code removed", "operator": "system", "plugin": "", "engagement_id": "", "previous_hash": "f5523a29b0a195e2", "hash": "b3ca0c552096d077"}
{"timestamp": "2026-02-21T06:30:31.835047+00:00", "level": "INFO", "action": "ACTIVATION_CODE_SET", "details": "New activation code configured", "operator": "system", "plugin": "", "engagement_id": "", "previous_hash": "b3ca0c552096d077", "hash": "544976742434bf67"}
{"timestamp": "2026-02-21T06:30:31.891343+00:00", "level": "INFO", "action": "ACTIVATION_CODE_SET", "details": "New activation code configured", "operator": "system", "plugin": "", "engagement_id": "", "previous_hash": "544976742434bf67", "hash": "586bb2ad7a03b814"}
{"timestamp": "2026-02-21T06:30:31.915639+00:00", "level": "INFO", "action": "ENGAGEMENT_INIT", "details": "Created engagement: ENG-001", "operator": "system", "plugin": "", "engagement_id": "", "previous_hash": "586bb2ad7a03b814", "hash": "695f17e42b61b398"}
{"timestamp": "2026-02-21T06:30:31.924972+00:00", "level": "INFO", "action": "ENGAGEMENT_INIT", "details": "Created engagement: TMPL", "operator": "system", "plugin": "", "engagement_id": "", "previous_hash": "695f17e42b61b398", "hash": "bac6259e79e3968f"}
{"timestamp": "2026-02-21T06:36:37.297522+00:00", "level": "INFO", "action": "ROE_VALIDATED", "details": "RoE TEST-001 validated successfully", "operator": "system", "plugin": "", "engagement_id": "TEST-001", "previous_hash": "bac6259e79e3968f", "hash": "8860371a7d9ac83a"}
{"timestamp": "2026-02-21T06:36:37.297522+00:00", "level": "INFO", "action": "ENGAGEMENT_LOADED", "details": "RoE validated, authorizer: Test Admin", "operator": "system", "plugin": "", "engagement_id": "TEST-001", "previous_hash": "8860371a7d9ac83a", "hash": "dd4b96a5d94664d7"}
{"timestamp": "2026-02-21T06:36:37.301521+00:00", "level": "ERROR", "action": "ENGAGEMENT_LOAD_FAILED", "details": "Missing required RoE fields: authorizer, authorized_targets, allowed_tests, start_time_utc, end_time_utc", "operator": "system", "plugin": "", "engagement_id": "", "previous_hash": "dd4b96a5d94664d7", "hash": "637b4f0fdc0cbb50"}
{"timestamp": "2026-02-21T06:36:37.308576+00:00", "level": "ERROR", "action": "ENGAGEMENT_LOAD_FAILED", "details": "RoE has expired (end_time: 2026-02-20T06:36:37+00:00)", "operator": "system", "plugin": "", "engagement_id": "", "previous_hash": "637b4f0fdc0cbb50", "hash": "23476dde1488905d"}
{"timestamp": "2026-02-21T06:36:37.309577+00:00", "level": "ERROR", "action": "ENGAGEMENT_LOAD_FAILED", "details": "RoE file not found: \\nonexistent\\roe.yaml", "operator": "system", "plugin": "", "engagement_id": "", "previous_hash": "23476dde1488905d", "hash": "f465ec3da889b522"}
{"timestamp": "2026-02-21T06:36:37.313294+00:00", "level": "INFO", "action": "ROE_VALIDATED", "details": "RoE TEST-001 validated successfully", "operator": "system", "plugin": "", "engagement_id": "TEST-001", "previous_hash": "f465ec3da889b522", "hash": "35d66b83667ccc72"}
{"timestamp": "2026-02-21T06:36:37.313294+00:00", "level": "INFO", "action": "ENGAGEMENT_LOADED", "details": "RoE validated, authorizer: Test Admin", "operator": "system", "plugin": "", "engagement_id": "TEST-001", "previous_hash": "35d66b83667ccc72", "hash": "3d783fec657628ad"}
{"timestamp": "2026-02-21T06:36:37.313294+00:00", "level": "INFO", "action": "PLUGIN_DRY_RUN", "details": "Dry run: stub-test", "operator": "system", "plugin": "stub-test", "engagement_id": "TEST-001", "previous_hash": "3d783fec657628ad", "hash": "4e67d0cb35cef356"}
{"timestamp": "2026-02-21T06:36:37.326447+00:00", "level": "INFO", "action": "ROE_VALIDATED", "details": "RoE TEST-001 validated successfully", "operator": "system", "plugin": "", "engagement_id": "TEST-001", "previous_hash": "4e67d0cb35cef356", "hash": "7c3e607e0a6b6752"}
{"timestamp": "2026-02-21T06:36:37.326447+00:00", "level": "INFO", "action": "ENGAGEMENT_LOADED", "details": "RoE validated, authorizer: Test Admin", "operator": "system", "plugin": "", "engagement_id": "TEST-001", "previous_hash": "7c3e607e0a6b6752", "hash": "1254a4bf5548b049"}
{"timestamp": "2026-02-21T06:36:37.329475+00:00", "level": "INFO", "action": "ROE_VALIDATED", "details": "RoE TEST-001 validated successfully", "operator": "system", "plugin": "", "engagement_id": "TEST-001", "previous_hash": "1254a4bf5548b049", "hash": "3e2fe9bdd896a33e"}
{"timestamp": "2026-02-21T06:36:37.329475+00:00", "level": "INFO", "action": "ENGAGEMENT_LOADED", "details": "RoE validated, authorizer: Test Admin", "operator": "system", "plugin": "", "engagement_id": "TEST-001", "previous_hash": "3e2fe9bdd896a33e", "hash": "4c46064daadc43d4"}
{"timestamp": "2026-02-21T06:36:37.329475+00:00", "level": "INFO", "action": "PLUGIN_EXECUTE", "details": "Executing: stub-test", "operator": "system", "plugin": "stub-test", "engagement_id": "TEST-001", "previous_hash": "4c46064daadc43d4", "hash": "a710d180f694a65c"}
{"timestamp": "2026-02-21T06:36:37.330479+00:00", "level": "INFO", "action": "PLUGIN_COMPLETE", "details": "stub-test: success=True, findings=1, 0ms", "operator": "system", "plugin": "stub-test", "engagement_id": "TEST-001", "previous_hash": "a710d180f694a65c", "hash": "b21837fa32258764"}
{"timestamp": "2026-02-21T06:36:37.332600+00:00", "level": "INFO", "action": "ROE_VALIDATED", "details": "RoE TEST-001 validated successfully", "operator": "system", "plugin": "", "engagement_id": "TEST-001", "previous_hash": "b21837fa32258764", "hash": "1ed7cfe054f19448"}
{"timestamp": "2026-02-21T06:36:37.332600+00:00", "level": "INFO", "action": "ENGAGEMENT_LOADED", "details": "RoE validated, authorizer: Test Admin", "operator": "system", "plugin": "", "engagement_id": "TEST-001", "previous_hash": "1ed7cfe054f19448", "hash": "18eabf4e03bcf839"}
{"timestamp": "2026-02-21T06:36:37.333813+00:00", "level": "INFO", "action": "PLUGIN_EXECUTE", "details": "Executing: fail-test", "operator": "system", "plugin": "fail-test", "engagement_id": "TEST-001", "previous_hash": "18eabf4e03bcf839", "hash": "69e4e58e5dd6e5af"}
{"timestamp": "2026-02-21T06:36:37.333813+00:00", "level": "INFO", "action": "PLUGIN_COMPLETE", "details": "fail-test: success=False, findings=0, 0ms", "operator": "system", "plugin": "fail-test", "engagement_id": "TEST-001", "previous_hash": "69e4e58e5dd6e5af", "hash": "1953e6df62aab677"}
{"timestamp": "2026-02-21T06:36:37.336662+00:00", "level": "INFO", "action": "ROE_VALIDATED", "details": "RoE TEST-001 validated successfully", "operator": "system", "plugin": "", "engagement_id": "TEST-001", "previous_hash": "1953e6df62aab677", "hash": "cbb30d1afa51b8cc"}
{"timestamp": "2026-02-21T06:36:37.336662+00:00", "level": "INFO", "action": "ENGAGEMENT_LOADED", "details": "RoE validated, authorizer: Test Admin", "operator": "system", "plugin": "", "engagement_id": "TEST-001", "previous_hash": "cbb30d1afa51b8cc", "hash": "f6910b70a151c32f"}
{"timestamp": "2026-02-21T06:36:37.336662+00:00", "level": "INFO", "action": "ENGAGEMENT_SHUTDOWN", "details": "", "operator": "system", "plugin": "", "engagement_id": "TEST-001", "previous_hash": "f6910b70a151c32f", "hash": "ab176a39432c68a5"}
{"timestamp": "2026-02-21T06:36:37.337663+00:00", "level": "WARN", "action": "ACTIVATION_FAILED", "details": "No engagement loaded", "operator": "system", "plugin": "", "engagement_id": "", "previous_hash": "ab176a39432c68a5", "hash": "56ae0a83e4fb2717"}
{"timestamp": "2026-02-21T06:36:37.340663+00:00", "level": "INFO", "action": "ROE_VALIDATED", "details": "RoE TEST-001 validated successfully", "operator": "system", "plugin": "", "engagement_id": "TEST-001", "previous_hash": "56ae0a83e4fb2717", "hash": "5412c9db2eda05d7"}
{"timestamp": "2026-02-21T06:36:37.342155+00:00", "level": "INFO", "action": "ENGAGEMENT_LOADED", "details": "RoE validated, authorizer: Test Admin", "operator": "system", "plugin": "", "engagement_id": "TEST-001", "previous_hash": "5412c9db2eda05d7", "hash": "57ba914d168f66c6"}
{"timestamp": "2026-02-21T06:36:37.351247+00:00", "level": "INFO", "action": "ROE_VALIDATED", "details": "RoE TEST-001 validated successfully", "operator": "system", "plugin": "", "engagement_id": "TEST-001", "previous_hash": "57ba914d168f66c6", "hash": "eadd5aa4adbeb073"}
{"timestamp": "2026-02-21T06:36:37.363366+00:00", "level": "WARN", "action": "POLICY_DENIED", "details": "test-plugin: RoE has not been validated", "operator": "system", "plugin": "", "engagement_id": "", "previous_hash": "eadd5aa4adbeb073", "hash": "71058934c9a9304b"}
{"timestamp": "2026-02-21T06:36:37.398913+00:00", "level": "INFO", "action": "ACTIVATION_CODE_SET", "details": "New activation code configured", "operator": "system", "plugin": "", "engagement_id": "", "previous_hash": "71058934c9a9304b", "hash": "3519d8515186a43a"}
{"timestamp": "2026-02-21T06:40:56.324447+00:00", "level": "INFO", "action": "ACTIVATION_CODE_SET", "details": "New activation code configured", "operator": "system", "plugin": "", "engagement_id": "", "previous_hash": "3519d8515186a43a", "hash": "d5da22fb2dfbbbe9"}
{"timestamp": "2026-02-21T06:40:56.394316+00:00", "level": "INFO", "action": "ACTIVATION_CODE_SET", "details": "New activation code configured", "operator": "system", "plugin": "", "engagement_id": "", "previous_hash": "d5da22fb2dfbbbe9", "hash": "9e22487c1eab895f"}
{"timestamp": "2026-02-21T06:40:56.435025+00:00", "level": "WARN", "action": "ACTIVATION_SET_FAILED", "details": "Code must contain letters, digits, and special characters", "operator": "system", "plugin": "", "engagement_id": "", "previous_hash": "9e22487c1eab895f", "hash": "71db6878fabd0d51"}
{"timestamp": "2026-02-21T06:40:56.436273+00:00", "level": "WARN", "action": "ACTIVATION_SET_FAILED", "details": "Code must contain letters, digits, and special characters", "operator": "system", "plugin": "", "engagement_id": "", "previous_hash": "71db6878fabd0d51", "hash": "bad0c94b2681868b"}
{"timestamp": "2026-02-21T06:40:56.438267+00:00", "level": "WARN", "action": "ACTIVATION_SET_FAILED", "details": "Code must contain letters, digits, and special characters", "operator": "system", "plugin": "", "engagement_id": "", "previous_hash": "bad0c94b2681868b", "hash": "575188744cee50df"}
{"timestamp": "2026-02-21T06:40:56.439268+00:00", "level": "WARN", "action": "ACTIVATION_SET_FAILED", "details": "Code too short \u2014 minimum 8 characters required", "operator": "system", "plugin": "", "engagement_id": "", "previous_hash": "575188744cee50df", "hash": "8a7445ad28e20271"}
{"timestamp": "2026-02-21T06:40:56.470910+00:00", "level": "INFO", "action": "ACTIVATION_CODE_SET", "details": "New activation code configured", "operator": "system", "plugin": "", "engagement_id": "", "previous_hash": "8a7445ad28e20271", "hash": "60089f3a83b03e46"}
{"timestamp": "2026-02-21T06:40:56.470910+00:00", "level": "INFO", "action": "ACTIVATION_CODE_CLEARED", "details": "Activation code removed", "operator": "system", "plugin": "", "engagement_id": "", "previous_hash": "60089f3a83b03e46", "hash": "337c0f93268f620f"}
{"timestamp": "2026-02-21T06:40:56.505721+00:00", "level": "INFO", "action": "ACTIVATION_CODE_SET", "details": "New activation code configured", "operator": "system", "plugin": "", "engagement_id": "", "previous_hash": "337c0f93268f620f", "hash": "e2694c17eb6a302b"}
{"timestamp": "2026-02-21T06:40:56.543168+00:00", "level": "INFO", "action": "ACTIVATION_CODE_SET", "details": "New activation code configured", "operator": "system", "plugin": "", "engagement_id": "", "previous_hash": "e2694c17eb6a302b", "hash": "9984e271f113a492"}
{"timestamp": "2026-02-21T06:40:56.569998+00:00", "level": "INFO", "action": "ENGAGEMENT_INIT", "details": "Created engagement: ENG-001", "operator": "system", "plugin": "", "engagement_id": "", "previous_hash": "9984e271f113a492", "hash": "6d524e56c15c79a4"}
{"timestamp": "2026-02-21T06:40:56.579524+00:00", "level": "INFO", "action": "ENGAGEMENT_INIT", "details": "Created engagement: TMPL", "operator": "system", "plugin": "", "engagement_id": "", "previous_hash": "6d524e56c15c79a4", "hash": "684030d918e6f1b1"}
{"timestamp": "2026-02-21T06:47:00.081840+00:00", "level": "INFO", "action": "ROE_VALIDATED", "details": "RoE TEST-001 validated successfully", "operator": "system", "plugin": "", "engagement_id": "TEST-001", "previous_hash": "684030d918e6f1b1", "hash": "8132c18de1e95895"}
{"timestamp": "2026-02-21T06:47:00.082836+00:00", "level": "INFO", "action": "ENGAGEMENT_LOADED", "details": "RoE validated, authorizer: Test Admin", "operator": "system", "plugin": "", "engagement_id": "TEST-001", "previous_hash": "8132c18de1e95895", "hash": "c764ab6df4db8442"}
{"timestamp": "2026-02-21T06:47:00.085912+00:00", "level": "ERROR", "action": "ENGAGEMENT_LOAD_FAILED", "details": "Missing required RoE fields: authorizer, authorized_targets, allowed_tests, start_time_utc, end_time_utc", "operator": "system", "plugin": "", "engagement_id": "", "previous_hash": "c764ab6df4db8442", "hash": "13935b2f0aa750b6"}
{"timestamp": "2026-02-21T06:47:00.109516+00:00", "level": "ERROR", "action": "ENGAGEMENT_LOAD_FAILED", "details": "RoE has expired (end_time: 2026-02-20T06:47:00+00:00)", "operator": "system", "plugin": "", "engagement_id": "", "previous_hash": "13935b2f0aa750b6", "hash": "8131da0621ff9e7b"}
{"timestamp": "2026-02-21T06:47:00.110516+00:00", "level": "ERROR", "action": "ENGAGEMENT_LOAD_FAILED", "details": "RoE file not found: \\nonexistent\\roe.yaml", "operator": "system", "plugin": "", "engagement_id": "", "previous_hash": "8131da0621ff9e7b", "hash": "3c507736bc81a32d"}
{"timestamp": "2026-02-21T06:47:00.114034+00:00", "level": "INFO", "action": "ROE_VALIDATED", "details": "RoE TEST-001 validated successfully", "operator": "system", "plugin": "", "engagement_id": "TEST-001", "previous_hash": "3c507736bc81a32d", "hash": "52df8bee9dee500d"}
{"timestamp": "2026-02-21T06:47:00.115052+00:00", "level": "INFO", "action": "ENGAGEMENT_LOADED", "details": "RoE validated, authorizer: Test Admin", "operator": "system", "plugin": "", "engagement_id": "TEST-001", "previous_hash": "52df8bee9dee500d", "hash": "c145e46205d74af3"}
{"timestamp": "2026-02-21T06:47:00.115052+00:00", "level": "INFO", "action": "PLUGIN_DRY_RUN", "details": "Dry run: stub-test", "operator": "system", "plugin": "stub-test", "engagement_id": "TEST-001", "previous_hash": "c145e46205d74af3", "hash": "5a56bbb26153d81f"}
{"timestamp": "2026-02-21T06:47:00.118052+00:00", "level": "INFO", "action": "ROE_VALIDATED", "details": "RoE TEST-001 validated successfully", "operator": "system", "plugin": "", "engagement_id": "TEST-001", "previous_hash": "5a56bbb26153d81f", "hash": "60429c0c390417a7"}
{"timestamp": "2026-02-21T06:47:00.119052+00:00", "level": "INFO", "action": "ENGAGEMENT_LOADED", "details": "RoE validated, authorizer: Test Admin", "operator": "system", "plugin": "", "engagement_id": "TEST-001", "previous_hash": "60429c0c390417a7", "hash": "0961e2cf244c68bb"}
{"timestamp": "2026-02-21T06:47:00.122372+00:00", "level": "INFO", "action": "ROE_VALIDATED", "details": "RoE TEST-001 validated successfully", "operator": "system", "plugin": "", "engagement_id": "TEST-001", "previous_hash": "0961e2cf244c68bb", "hash": "8692886cb71b5971"}
{"timestamp": "2026-02-21T06:47:00.122372+00:00", "level": "INFO", "action": "ENGAGEMENT_LOADED", "details": "RoE validated, authorizer: Test Admin", "operator": "system", "plugin": "", "engagement_id": "TEST-001", "previous_hash": "8692886cb71b5971", "hash": "221904986bb53cff"}
{"timestamp": "2026-02-21T06:47:00.122372+00:00", "level": "INFO", "action": "PLUGIN_EXECUTE", "details": "Executing: stub-test", "operator": "system", "plugin": "stub-test", "engagement_id": "TEST-001", "previous_hash": "221904986bb53cff", "hash": "3ad35bec398253cf"}
{"timestamp": "2026-02-21T06:47:00.122372+00:00", "level": "INFO", "action": "PLUGIN_COMPLETE", "details": "stub-test: success=True, findings=1, 0ms", "operator": "system", "plugin": "stub-test", "engagement_id": "TEST-001", "previous_hash": "3ad35bec398253cf", "hash": "b942edf9bcf4090b"}
{"timestamp": "2026-02-21T06:47:00.124873+00:00", "level": "INFO", "action": "ROE_VALIDATED", "details": "RoE TEST-001 validated successfully", "operator": "system", "plugin": "", "engagement_id": "TEST-001", "previous_hash": "b942edf9bcf4090b", "hash": "ddda13d3533ef5f9"}
{"timestamp": "2026-02-21T06:47:00.125875+00:00", "level": "INFO", "action": "ENGAGEMENT_LOADED", "details": "RoE validated, authorizer: Test Admin", "operator": "system", "plugin": "", "engagement_id": "TEST-001", "previous_hash": "ddda13d3533ef5f9", "hash": "240d6f5b0b4f3f99"}
{"timestamp": "2026-02-21T06:47:00.125875+00:00", "level": "INFO", "action": "PLUGIN_EXECUTE", "details": "Executing: fail-test", "operator": "system", "plugin": "fail-test", "engagement_id": "TEST-001", "previous_hash": "240d6f5b0b4f3f99", "hash": "91d4096b6b75e4f5"}
{"timestamp": "2026-02-21T06:47:00.125875+00:00", "level": "INFO", "action": "PLUGIN_COMPLETE", "details": "fail-test: success=False, findings=0, 0ms", "operator": "system", "plugin": "fail-test", "engagement_id": "TEST-001", "previous_hash": "91d4096b6b75e4f5", "hash": "3377e81da226e600"}
{"timestamp": "2026-02-21T06:47:00.130883+00:00", "level": "INFO", "action": "ROE_VALIDATED", "details": "RoE TEST-001 validated successfully", "operator": "system", "plugin": "", "engagement_id": "TEST-001", "previous_hash": "3377e81da226e600", "hash": "c2f0cbb50b5683d4"}
{"timestamp": "2026-02-21T06:47:00.130883+00:00", "level": "INFO", "action": "ENGAGEMENT_LOADED", "details": "RoE validated, authorizer: Test Admin", "operator": "system", "plugin": "", "engagement_id": "TEST-001", "previous_hash": "c2f0cbb50b5683d4", "hash": "f8c99be72d9b6473"}
{"timestamp": "2026-02-21T06:47:00.131883+00:00", "level": "INFO", "action": "ENGAGEMENT_SHUTDOWN", "details": "", "operator": "system", "plugin": "", "engagement_id": "TEST-001", "previous_hash": "f8c99be72d9b6473", "hash": "d28e78fd163053df"}
{"timestamp": "2026-02-21T06:47:00.131883+00:00", "level": "WARN", "action": "ACTIVATION_FAILED", "details": "No engagement loaded", "operator": "system", "plugin": "", "engagement_id": "", "previous_hash": "d28e78fd163053df", "hash": "2cf6d93eed9dba27"}
{"timestamp": "2026-02-21T06:47:00.135408+00:00", "level": "INFO", "action": "ROE_VALIDATED", "details": "RoE TEST-001 validated successfully", "operator": "system", "plugin": "", "engagement_id": "TEST-001", "previous_hash": "2cf6d93eed9dba27", "hash": "9188d98bea0f0a1f"}
{"timestamp": "2026-02-21T06:47:00.135408+00:00", "level": "INFO", "action": "ENGAGEMENT_LOADED", "details": "RoE validated, authorizer: Test Admin", "operator": "system", "plugin": "", "engagement_id": "TEST-001", "previous_hash": "9188d98bea0f0a1f", "hash": "bb669022fd79edf2"}
{"timestamp": "2026-02-21T06:47:00.142406+00:00", "level": "INFO", "action": "ROE_VALIDATED", "details": "RoE TEST-001 validated successfully", "operator": "system", "plugin": "", "engagement_id": "TEST-001", "previous_hash": "bb669022fd79edf2", "hash": "858ea96c6e0a9171"}
{"timestamp": "2026-02-21T06:47:00.155434+00:00", "level": "WARN", "action": "POLICY_DENIED", "details": "test-plugin: RoE has not been validated", "operator": "system", "plugin": "", "engagement_id": "", "previous_hash": "858ea96c6e0a9171", "hash": "c554dea63226ecc2"}
{"timestamp": "2026-02-21T06:47:00.201000+00:00", "level": "INFO", "action": "ACTIVATION_CODE_SET", "details": "New activation code configured", "operator": "system", "plugin": "", "engagement_id": "", "previous_hash": "c554dea63226ecc2", "hash": "e0d4fad724f7c4e3"}
{"timestamp": "2026-02-21T06:50:46.626725+00:00", "level": "INFO", "action": "ACTIVATION_CODE_SET", "details": "New activation code configured", "operator": "system", "plugin": "", "engagement_id": "", "previous_hash": "e0d4fad724f7c4e3", "hash": "a2d8d7f24aabb6bd"}
{"timestamp": "2026-02-21T06:50:46.696036+00:00", "level": "INFO", "action": "ACTIVATION_CODE_SET", "details": "New activation code configured", "operator": "system", "plugin": "", "engagement_id": "", "previous_hash": "a2d8d7f24aabb6bd", "hash": "8c76edc9a193ede7"}
{"timestamp": "2026-02-21T06:50:46.736186+00:00", "level": "WARN", "action": "ACTIVATION_SET_FAILED", "details": "Code must contain letters, digits, and special characters", "operator": "system", "plugin": "", "engagement_id": "", "previous_hash": "8c76edc9a193ede7", "hash": "eff6427e06610bfb"}
{"timestamp": "2026-02-21T06:50:46.743991+00:00", "level": "WARN", "action": "ACTIVATION_SET_FAILED", "details": "Code must contain letters, digits, and special characters", "operator": "system", "plugin": "", "engagement_id": "", "previous_hash": "eff6427e06610bfb", "hash": "f6a5d892acdb1745"}
{"timestamp": "2026-02-21T06:50:46.745923+00:00", "level": "WARN", "action": "ACTIVATION_SET_FAILED", "details": "Code must contain letters, digits, and special characters", "operator": "system", "plugin": "", "engagement_id": "", "previous_hash": "f6a5d892acdb1745", "hash": "51b895653b200ff3"}
{"timestamp": "2026-02-21T06:50:46.745923+00:00", "level": "WARN", "action": "ACTIVATION_SET_FAILED", "details": "Code too short \u2014 minimum 8 characters required", "operator": "system", "plugin": "", "engagement_id": "", "previous_hash": "51b895653b200ff3", "hash": "25db0e10936e1377"}
{"timestamp": "2026-02-21T06:50:46.776245+00:00", "level": "INFO", "action": "ACTIVATION_CODE_SET", "details": "New activation code configured", "operator": "system", "plugin": "", "engagement_id": "", "previous_hash": "25db0e10936e1377", "hash": "cae1fd0f827d7432"}
{"timestamp": "2026-02-21T06:50:46.776245+00:00", "level": "INFO", "action": "ACTIVATION_CODE_CLEARED", "details": "Activation code removed", "operator": "system", "plugin": "", "engagement_id": "", "previous_hash": "cae1fd0f827d7432", "hash": "4b63ded1c63541f1"}
{"timestamp": "2026-02-21T06:50:46.818233+00:00", "level": "INFO", "action": "ACTIVATION_CODE_SET", "details": "New activation code configured", "operator": "system", "plugin": "", "engagement_id": "", "previous_hash": "4b63ded1c63541f1", "hash": "56b18a467163670e"}
{"timestamp": "2026-02-21T06:50:46.862114+00:00", "level": "INFO", "action": "ACTIVATION_CODE_SET", "details": "New activation code configured", "operator": "system", "plugin": "", "engagement_id": "", "previous_hash": "56b18a467163670e", "hash": "f6cb4ccd6eecd8e2"}
{"timestamp": "2026-02-21T06:50:46.889145+00:00", "level": "INFO", "action": "ENGAGEMENT_INIT", "details": "Created engagement: ENG-001", "operator": "system", "plugin": "", "engagement_id": "", "previous_hash": "f6cb4ccd6eecd8e2", "hash": "23163db1d5109b44"}
{"timestamp": "2026-02-21T06:50:46.898691+00:00", "level": "INFO", "action": "ENGAGEMENT_INIT", "details": "Created engagement: TMPL", "operator": "system", "plugin": "", "engagement_id": "", "previous_hash": "23163db1d5109b44", "hash": "b51050ceda2b59d4"}
{"timestamp": "2026-02-21T06:56:51.324233+00:00", "level": "INFO", "action": "ROE_VALIDATED", "details": "RoE TEST-001 validated successfully", "operator": "system", "plugin": "", "engagement_id": "TEST-001", "previous_hash": "b51050ceda2b59d4", "hash": "a4cb19abb31366dc"}
{"timestamp": "2026-02-21T06:56:51.324233+00:00", "level": "INFO", "action": "ENGAGEMENT_LOADED", "details": "RoE validated, authorizer: Test Admin", "operator": "system", "plugin": "", "engagement_id": "TEST-001", "previous_hash": "a4cb19abb31366dc", "hash": "e9d35b017a053b0f"}
{"timestamp": "2026-02-21T06:56:51.328026+00:00", "level": "ERROR", "action": "ENGAGEMENT_LOAD_FAILED", "details": "Missing required RoE fields: authorizer, authorized_targets, allowed_tests, start_time_utc, end_time_utc", "operator": "system", "plugin": "", "engagement_id": "", "previous_hash": "e9d35b017a053b0f", "hash": "be34165f97708483"}
{"timestamp": "2026-02-21T06:56:51.336454+00:00", "level": "ERROR", "action": "ENGAGEMENT_LOAD_FAILED", "details": "RoE has expired (end_time: 2026-02-20T06:56:51+00:00)", "operator": "system", "plugin": "", "engagement_id": "", "previous_hash": "be34165f97708483", "hash": "c8e8078a838bed73"}
{"timestamp": "2026-02-21T06:56:51.336454+00:00", "level": "ERROR", "action": "ENGAGEMENT_LOAD_FAILED", "details": "RoE file not found: \\nonexistent\\roe.yaml", "operator": "system", "plugin": "", "engagement_id": "", "previous_hash": "c8e8078a838bed73", "hash": "7008c52004423a69"}
{"timestamp": "2026-02-21T06:56:51.336454+00:00", "level": "INFO", "action": "ROE_VALIDATED", "details": "RoE TEST-001 validated successfully", "operator": "system", "plugin": "", "engagement_id": "TEST-001", "previous_hash": "7008c52004423a69", "hash": "cd6bfede5ed3324d"}
{"timestamp": "2026-02-21T06:56:51.336454+00:00", "level": "INFO", "action": "ENGAGEMENT_LOADED", "details": "RoE validated, authorizer: Test Admin", "operator": "system", "plugin": "", "engagement_id": "TEST-001", "previous_hash": "cd6bfede5ed3324d", "hash": "b884077bda3a2973"}
{"timestamp": "2026-02-21T06:56:51.336454+00:00", "level": "INFO", "action": "PLUGIN_DRY_RUN", "details": "Dry run: stub-test", "operator": "system", "plugin": "stub-test", "engagement_id": "TEST-001", "previous_hash": "b884077bda3a2973", "hash": "de1d1bed27f299a3"}
{"timestamp": "2026-02-21T06:56:51.354017+00:00", "level": "INFO", "action": "ROE_VALIDATED", "details": "RoE TEST-001 validated successfully", "operator": "system", "plugin": "", "engagement_id": "TEST-001", "previous_hash": "de1d1bed27f299a3", "hash": "d2c2ec83def315fb"}
{"timestamp": "2026-02-21T06:56:51.355021+00:00", "level": "INFO", "action": "ENGAGEMENT_LOADED", "details": "RoE validated, authorizer: Test Admin", "operator": "system", "plugin": "", "engagement_id": "TEST-001", "previous_hash": "d2c2ec83def315fb", "hash": "6465d3810460bc19"}
{"timestamp": "2026-02-21T06:56:51.357225+00:00", "level": "INFO", "action": "ROE_VALIDATED", "details": "RoE TEST-001 validated successfully", "operator": "system", "plugin": "", "engagement_id": "TEST-001", "previous_hash": "6465d3810460bc19", "hash": "5a8b2f55d4932e3f"}
{"timestamp": "2026-02-21T06:56:51.357225+00:00", "level": "INFO", "action": "ENGAGEMENT_LOADED", "details": "RoE validated, authorizer: Test Admin", "operator": "system", "plugin": "", "engagement_id": "TEST-001", "previous_hash": "5a8b2f55d4932e3f", "hash": "2983cef0f761028a"}
{"timestamp": "2026-02-21T06:56:51.358441+00:00", "level": "INFO", "action": "PLUGIN_EXECUTE", "details": "Executing: stub-test", "operator": "system", "plugin": "stub-test", "engagement_id": "TEST-001", "previous_hash": "2983cef0f761028a", "hash": "94b636ccba6c22a8"}
{"timestamp": "2026-02-21T06:56:51.358441+00:00", "level": "INFO", "action": "PLUGIN_COMPLETE", "details": "stub-test: success=True, findings=1, 0ms", "operator": "system", "plugin": "stub-test", "engagement_id": "TEST-001", "previous_hash": "94b636ccba6c22a8", "hash": "b71ba8f32bc323d3"}
{"timestamp": "2026-02-21T06:56:51.361442+00:00", "level": "INFO", "action": "ROE_VALIDATED", "details": "RoE TEST-001 validated successfully", "operator": "system", "plugin": "", "engagement_id": "TEST-001", "previous_hash": "b71ba8f32bc323d3", "hash": "826419d8770df889"}
{"timestamp": "2026-02-21T06:56:51.361442+00:00", "level": "INFO", "action": "ENGAGEMENT_LOADED", "details": "RoE validated, authorizer: Test Admin", "operator": "system", "plugin": "", "engagement_id": "TEST-001", "previous_hash": "826419d8770df889", "hash": "eb653e3dac06b568"}
{"timestamp": "2026-02-21T06:56:51.361442+00:00", "level": "INFO", "action": "PLUGIN_EXECUTE", "details": "Executing: fail-test", "operator": "system", "plugin": "fail-test", "engagement_id": "TEST-001", "previous_hash": "eb653e3dac06b568", "hash": "4d5e18a63842dd73"}
{"timestamp": "2026-02-21T06:56:51.361442+00:00", "level": "INFO", "action": "PLUGIN_COMPLETE", "details": "fail-test: success=False, findings=0, 0ms", "operator": "system", "plugin": "fail-test", "engagement_id": "TEST-001", "previous_hash": "4d5e18a63842dd73", "hash": "6dc7ceb79c2cf14c"}
{"timestamp": "2026-02-21T06:56:51.363944+00:00", "level": "INFO", "action": "ROE_VALIDATED", "details": "RoE TEST-001 validated successfully", "operator": "system", "plugin": "", "engagement_id": "TEST-001", "previous_hash": "6dc7ceb79c2cf14c", "hash": "6e25deb8753eaaaf"}
{"timestamp": "2026-02-21T06:56:51.364949+00:00", "level": "INFO", "action": "ENGAGEMENT_LOADED", "details": "RoE validated, authorizer: Test Admin", "operator": "system", "plugin": "", "engagement_id": "TEST-001", "previous_hash": "6e25deb8753eaaaf", "hash": "949db3abcbf95123"}
{"timestamp": "2026-02-21T06:56:51.364949+00:00", "level": "INFO", "action": "ENGAGEMENT_SHUTDOWN", "details": "", "operator": "system", "plugin": "", "engagement_id": "TEST-001", "previous_hash": "949db3abcbf95123", "hash": "64e34d9607a26925"}
{"timestamp": "2026-02-21T06:56:51.365819+00:00", "level": "WARN", "action": "ACTIVATION_FAILED", "details": "No engagement loaded", "operator": "system", "plugin": "", "engagement_id": "", "previous_hash": "64e34d9607a26925", "hash": "79ae16dceffb0a48"}
{"timestamp": "2026-02-21T06:56:51.365819+00:00", "level": "INFO", "action": "ROE_VALIDATED", "details": "RoE TEST-001 validated successfully", "operator": "system", "plugin": "", "engagement_id": "TEST-001", "previous_hash": "79ae16dceffb0a48", "hash": "0af41b1bb86b5363"}
{"timestamp": "2026-02-21T06:56:51.365819+00:00", "level": "INFO", "action": "ENGAGEMENT_LOADED", "details": "RoE validated, authorizer: Test Admin", "operator": "system", "plugin": "", "engagement_id": "TEST-001", "previous_hash": "0af41b1bb86b5363", "hash": "b6fe5779b01a81c9"}
{"timestamp": "2026-02-21T06:56:51.374167+00:00", "level": "INFO", "action": "ROE_VALIDATED", "details": "RoE TEST-001 validated successfully", "operator": "system", "plugin": "", "engagement_id": "TEST-001", "previous_hash": "b6fe5779b01a81c9", "hash": "dff8ed438597824c"}
{"timestamp": "2026-02-21T06:56:51.388196+00:00", "level": "WARN", "action": "POLICY_DENIED", "details": "test-plugin: RoE has not been validated", "operator": "system", "plugin": "", "engagement_id": "", "previous_hash": "dff8ed438597824c", "hash": "e88f2760bd877677"}
{"timestamp": "2026-02-21T06:56:51.425996+00:00", "level": "INFO", "action": "ACTIVATION_CODE_SET", "details": "New activation code configured", "operator": "system", "plugin": "", "engagement_id": "", "previous_hash": "e88f2760bd877677", "hash": "20e68a1482214f84"}
{"timestamp": "2026-02-21T07:05:18.617127+00:00", "level": "INFO", "action": "ROE_VALIDATED", "details": "RoE TEST-001 validated successfully", "operator": "system", "plugin": "", "engagement_id": "TEST-001", "previous_hash": "20e68a1482214f84", "hash": "bfa7472da6b4c3a9"}
{"timestamp": "2026-02-21T07:05:18.617127+00:00", "level": "INFO", "action": "ENGAGEMENT_LOADED", "details": "RoE validated, authorizer: Test Admin", "operator": "system", "plugin": "", "engagement_id": "TEST-001", "previous_hash": "bfa7472da6b4c3a9", "hash": "97f0f34e2ca4aeff"}
{"timestamp": "2026-02-21T07:05:18.623782+00:00", "level": "ERROR", "action": "ENGAGEMENT_LOAD_FAILED", "details": "Missing required RoE fields: authorizer, authorized_targets, allowed_tests, start_time_utc, end_time_utc", "operator": "system", "plugin": "", "engagement_id": "", "previous_hash": "97f0f34e2ca4aeff", "hash": "a30e2b082caefc76"}
{"timestamp": "2026-02-21T07:05:18.626877+00:00", "level": "ERROR", "action": "ENGAGEMENT_LOAD_FAILED", "details": "RoE has expired (end_time: 2026-02-20T07:05:18+00:00)", "operator": "system", "plugin": "", "engagement_id": "", "previous_hash": "a30e2b082caefc76", "hash": "53ea77e3917cb1ef"}
{"timestamp": "2026-02-21T07:05:18.626877+00:00", "level": "ERROR", "action": "ENGAGEMENT_LOAD_FAILED", "details": "RoE file not found: \\nonexistent\\roe.yaml", "operator": "system", "plugin": "", "engagement_id": "", "previous_hash": "53ea77e3917cb1ef", "hash": "bb8ebe92d2eaf904"}
{"timestamp": "2026-02-21T07:05:18.633944+00:00", "level": "INFO", "action": "ROE_VALIDATED", "details": "RoE TEST-001 validated successfully", "operator": "system", "plugin": "", "engagement_id": "TEST-001", "previous_hash": "bb8ebe92d2eaf904", "hash": "9f8cedc0d8d47b36"}
{"timestamp": "2026-02-21T07:05:18.636893+00:00", "level": "INFO", "action": "ENGAGEMENT_LOADED", "details": "RoE validated, authorizer: Test Admin", "operator": "system", "plugin": "", "engagement_id": "TEST-001", "previous_hash": "9f8cedc0d8d47b36", "hash": "2ab0fc499f04a2b8"}
{"timestamp": "2026-02-21T07:05:18.636893+00:00", "level": "INFO", "action": "PLUGIN_DRY_RUN", "details": "Dry run: stub-test", "operator": "system", "plugin": "stub-test", "engagement_id": "TEST-001", "previous_hash": "2ab0fc499f04a2b8", "hash": "413e525aa3011740"}
{"timestamp": "2026-02-21T07:05:18.639938+00:00", "level": "INFO", "action": "ROE_VALIDATED", "details": "RoE TEST-001 validated successfully", "operator": "system", "plugin": "", "engagement_id": "TEST-001", "previous_hash": "413e525aa3011740", "hash": "ac22bfd0b0ea7586"}
{"timestamp": "2026-02-21T07:05:18.639938+00:00", "level": "INFO", "action": "ENGAGEMENT_LOADED", "details": "RoE validated, authorizer: Test Admin", "operator": "system", "plugin": "", "engagement_id": "TEST-001", "previous_hash": "ac22bfd0b0ea7586", "hash": "a5713ec4fe933f85"}
{"timestamp": "2026-02-21T07:05:18.642938+00:00", "level": "INFO", "action": "ROE_VALIDATED", "details": "RoE TEST-001 validated successfully", "operator": "system", "plugin": "", "engagement_id": "TEST-001", "previous_hash": "a5713ec4fe933f85", "hash": "dcfb3ed9aaffde19"}
{"timestamp": "2026-02-21T07:05:18.642938+00:00", "level": "INFO", "action": "ENGAGEMENT_LOADED", "details": "RoE validated, authorizer: Test Admin", "operator": "system", "plugin": "", "engagement_id": "TEST-001", "previous_hash": "dcfb3ed9aaffde19", "hash": "25304afd0cfc5786"}
{"timestamp": "2026-02-21T07:05:18.643938+00:00", "level": "INFO", "action": "PLUGIN_EXECUTE", "details": "Executing: stub-test", "operator": "system", "plugin": "stub-test", "engagement_id": "TEST-001", "previous_hash": "25304afd0cfc5786", "hash": "6aa00c97c7e17ccc"}
{"timestamp": "2026-02-21T07:05:18.643938+00:00", "level": "INFO", "action": "PLUGIN_COMPLETE", "details": "stub-test: success=True, findings=1, 0ms", "operator": "system", "plugin": "stub-test", "engagement_id": "TEST-001", "previous_hash": "6aa00c97c7e17ccc", "hash": "3ba33c1ff4788dbb"}
{"timestamp": "2026-02-21T07:05:18.646310+00:00", "level": "INFO", "action": "ROE_VALIDATED", "details": "RoE TEST-001 validated successfully", "operator": "system", "plugin": "", "engagement_id": "TEST-001", "previous_hash": "3ba33c1ff4788dbb", "hash": "d85b49dbaa9a2d2d"}
{"timestamp": "2026-02-21T07:05:18.646310+00:00", "level": "INFO", "action": "ENGAGEMENT_LOADED", "details": "RoE validated, authorizer: Test Admin", "operator": "system", "plugin": "", "engagement_id": "TEST-001", "previous_hash": "d85b49dbaa9a2d2d", "hash": "c9bd2a5ddb3965dd"}
{"timestamp": "2026-02-21T07:05:18.647393+00:00", "level": "INFO", "action": "PLUGIN_EXECUTE", "details": "Executing: fail-test", "operator": "system", "plugin": "fail-test", "engagement_id": "TEST-001", "previous_hash": "c9bd2a5ddb3965dd", "hash": "08e9a24927b08e5a"}
{"timestamp": "2026-02-21T07:05:18.647393+00:00", "level": "INFO", "action": "PLUGIN_COMPLETE", "details": "fail-test: success=False, findings=0, 0ms", "operator": "system", "plugin": "fail-test", "engagement_id": "TEST-001", "previous_hash": "08e9a24927b08e5a", "hash": "47a783e7241edbc6"}
{"timestamp": "2026-02-21T07:05:18.648617+00:00", "level": "INFO", "action": "ROE_VALIDATED", "details": "RoE TEST-001 validated successfully", "operator": "system", "plugin": "", "engagement_id": "TEST-001", "previous_hash": "47a783e7241edbc6", "hash": "ddb2ba311ccb9dc2"}
{"timestamp": "2026-02-21T07:05:18.648617+00:00", "level": "INFO", "action": "ENGAGEMENT_LOADED", "details": "RoE validated, authorizer: Test Admin", "operator": "system", "plugin": "", "engagement_id": "TEST-001", "previous_hash": "ddb2ba311ccb9dc2", "hash": "f0f65429034f8e0d"}
{"timestamp": "2026-02-21T07:05:18.648617+00:00", "level": "INFO", "action": "ENGAGEMENT_SHUTDOWN", "details": "", "operator": "system", "plugin": "", "engagement_id": "TEST-001", "previous_hash": "f0f65429034f8e0d", "hash": "4f379b45c9a7fa8a"}
{"timestamp": "2026-02-21T07:05:18.648617+00:00", "level": "WARN", "action": "ACTIVATION_FAILED", "details": "No engagement loaded", "operator": "system", "plugin": "", "engagement_id": "", "previous_hash": "4f379b45c9a7fa8a", "hash": "17c828ae583463fc"}
{"timestamp": "2026-02-21T07:05:18.654007+00:00", "level": "INFO", "action": "ROE_VALIDATED", "details": "RoE TEST-001 validated successfully", "operator": "system", "plugin": "", "engagement_id": "TEST-001", "previous_hash": "17c828ae583463fc", "hash": "c69cfe0b0f6f5327"}
{"timestamp": "2026-02-21T07:05:18.654007+00:00", "level": "INFO", "action": "ENGAGEMENT_LOADED", "details": "RoE validated, authorizer: Test Admin", "operator": "system", "plugin": "", "engagement_id": "TEST-001", "previous_hash": "c69cfe0b0f6f5327", "hash": "7044b26280eb8324"}
{"timestamp": "2026-02-21T07:06:25.006974+00:00", "level": "INFO", "action": "ROE_VALIDATED", "details": "RoE TEST-001 validated successfully", "operator": "system", "plugin": "", "engagement_id": "TEST-001", "previous_hash": "7044b26280eb8324", "hash": "2be0ca8e2e0386ea"}
{"timestamp": "2026-02-21T07:06:25.006974+00:00", "level": "INFO", "action": "ENGAGEMENT_LOADED", "details": "RoE validated, authorizer: Test Admin", "operator": "system", "plugin": "", "engagement_id": "TEST-001", "previous_hash": "2be0ca8e2e0386ea", "hash": "35e6126b99386e64"}
{"timestamp": "2026-02-21T07:06:25.006974+00:00", "level": "ERROR", "action": "ENGAGEMENT_LOAD_FAILED", "details": "Missing required RoE fields: authorizer, authorized_targets, allowed_tests, start_time_utc, end_time_utc", "operator": "system", "plugin": "", "engagement_id": "", "previous_hash": "35e6126b99386e64", "hash": "1566b1903033b4aa"}
{"timestamp": "2026-02-21T07:06:25.018865+00:00", "level": "ERROR", "action": "ENGAGEMENT_LOAD_FAILED", "details": "RoE has expired (end_time: 2026-02-20T07:06:25+00:00)", "operator": "system", "plugin": "", "engagement_id": "", "previous_hash": "1566b1903033b4aa", "hash": "20231f00ca572640"}
{"timestamp": "2026-02-21T07:06:25.019870+00:00", "level": "ERROR", "action": "ENGAGEMENT_LOAD_FAILED", "details": "RoE file not found: \\nonexistent\\roe.yaml", "operator": "system", "plugin": "", "engagement_id": "", "previous_hash": "20231f00ca572640", "hash": "857e579a7b7d498c"}
{"timestamp": "2026-02-21T07:06:25.027444+00:00", "level": "INFO", "action": "ROE_VALIDATED", "details": "RoE TEST-001 validated successfully", "operator": "system", "plugin": "", "engagement_id": "TEST-001", "previous_hash": "857e579a7b7d498c", "hash": "1590edcd1ccc84c4"}
{"timestamp": "2026-02-21T07:06:25.027444+00:00", "level": "INFO", "action": "ENGAGEMENT_LOADED", "details": "RoE validated, authorizer: Test Admin", "operator": "system", "plugin": "", "engagement_id": "TEST-001", "previous_hash": "1590edcd1ccc84c4", "hash": "b10a17aaa86d936b"}
{"timestamp": "2026-02-21T07:06:25.027444+00:00", "level": "INFO", "action": "PLUGIN_DRY_RUN", "details": "Dry run: stub-test", "operator": "system", "plugin": "stub-test", "engagement_id": "TEST-001", "previous_hash": "b10a17aaa86d936b", "hash": "196e86c09ad4fb17"}
{"timestamp": "2026-02-21T07:06:25.031384+00:00", "level": "INFO", "action": "ROE_VALIDATED", "details": "RoE TEST-001 validated successfully", "operator": "system", "plugin": "", "engagement_id": "TEST-001", "previous_hash": "196e86c09ad4fb17", "hash": "25a6c1beac02f4b9"}
{"timestamp": "2026-02-21T07:06:25.031384+00:00", "level": "INFO", "action": "ENGAGEMENT_LOADED", "details": "RoE validated, authorizer: Test Admin", "operator": "system", "plugin": "", "engagement_id": "TEST-001", "previous_hash": "25a6c1beac02f4b9", "hash": "91ea70874fd72511"}
{"timestamp": "2026-02-21T07:06:25.034095+00:00", "level": "INFO", "action": "ROE_VALIDATED", "details": "RoE TEST-001 validated successfully", "operator": "system", "plugin": "", "engagement_id": "TEST-001", "previous_hash": "91ea70874fd72511", "hash": "274150c2932b9e6b"}
{"timestamp": "2026-02-21T07:06:25.036432+00:00", "level": "INFO", "action": "ENGAGEMENT_LOADED", "details": "RoE validated, authorizer: Test Admin", "operator": "system", "plugin": "", "engagement_id": "TEST-001", "previous_hash": "274150c2932b9e6b", "hash": "d775fdb923107600"}
{"timestamp": "2026-02-21T07:06:25.036432+00:00", "level": "INFO", "action": "PLUGIN_EXECUTE", "details": "Executing: stub-test", "operator": "system", "plugin": "stub-test", "engagement_id": "TEST-001", "previous_hash": "d775fdb923107600", "hash": "3767fdc0e6fc9f0f"}
{"timestamp": "2026-02-21T07:06:25.036432+00:00", "level": "INFO", "action": "PLUGIN_COMPLETE", "details": "stub-test: success=True, findings=1, 0ms", "operator": "system", "plugin": "stub-test", "engagement_id": "TEST-001", "previous_hash": "3767fdc0e6fc9f0f", "hash": "eceb011d48614eba"}
{"timestamp": "2026-02-21T07:06:25.039659+00:00", "level": "INFO", "action": "ROE_VALIDATED", "details": "RoE TEST-001 validated successfully", "operator": "system", "plugin": "", "engagement_id": "TEST-001", "previous_hash": "eceb011d48614eba", "hash": "a288811d075a5699"}
{"timestamp": "2026-02-21T07:06:25.039659+00:00", "level": "INFO", "action": "ENGAGEMENT_LOADED", "details": "RoE validated, authorizer: Test Admin", "operator": "system", "plugin": "", "engagement_id": "TEST-001", "previous_hash": "a288811d075a5699", "hash": "a72e7b4cd086be2a"}
{"timestamp": "2026-02-21T07:06:25.039659+00:00", "level": "INFO", "action": "PLUGIN_EXECUTE", "details": "Executing: fail-test", "operator": "system", "plugin": "fail-test", "engagement_id": "TEST-001", "previous_hash": "a72e7b4cd086be2a", "hash": "8525f8803673e092"}
{"timestamp": "2026-02-21T07:06:25.039659+00:00", "level": "INFO", "action": "PLUGIN_COMPLETE", "details": "fail-test: success=False, findings=0, 0ms", "operator": "system", "plugin": "fail-test", "engagement_id": "TEST-001", "previous_hash": "8525f8803673e092", "hash": "1a959974d98f4665"}
{"timestamp": "2026-02-21T07:06:25.042572+00:00", "level": "INFO", "action": "ROE_VALIDATED", "details": "RoE TEST-001 validated successfully", "operator": "system", "plugin": "", "engagement_id": "TEST-001", "previous_hash": "1a959974d98f4665", "hash": "3803f5e306663b58"}
{"timestamp": "2026-02-21T07:06:25.042572+00:00", "level": "INFO", "action": "ENGAGEMENT_LOADED", "details": "RoE validated, authorizer: Test Admin", "operator": "system", "plugin": "", "engagement_id": "TEST-001", "previous_hash": "3803f5e306663b58", "hash": "51a8717618a0efc9"}
{"timestamp": "2026-02-21T07:06:25.044075+00:00", "level": "INFO", "action": "ENGAGEMENT_SHUTDOWN", "details": "", "operator": "system", "plugin": "", "engagement_id": "TEST-001", "previous_hash": "51a8717618a0efc9", "hash": "15e8218f52ea8139"}
{"timestamp": "2026-02-21T07:06:25.044075+00:00", "level": "WARN", "action": "ACTIVATION_FAILED", "details": "No engagement loaded", "operator": "system", "plugin": "", "engagement_id": "", "previous_hash": "15e8218f52ea8139", "hash": "338add091f094c75"}
{"timestamp": "2026-02-21T07:06:25.047983+00:00", "level": "INFO", "action": "ROE_VALIDATED", "details": "RoE TEST-001 validated successfully", "operator": "system", "plugin": "", "engagement_id": "TEST-001", "previous_hash": "338add091f094c75", "hash": "e3d8c02462eeff8b"}
{"timestamp": "2026-02-21T07:06:25.047983+00:00", "level": "INFO", "action": "ENGAGEMENT_LOADED", "details": "RoE validated, authorizer: Test Admin", "operator": "system", "plugin": "", "engagement_id": "TEST-001", "previous_hash": "e3d8c02462eeff8b", "hash": "d6b9d248279101de"}
{"timestamp": "2026-02-21T07:06:25.056896+00:00", "level": "INFO", "action": "ASYNC_PLUGIN_EXECUTE", "details": "Async executing: active-test", "operator": "system", "plugin": "active-test", "engagement_id": "ASYNC-001", "previous_hash": "d6b9d248279101de", "hash": "9554e5096090b48d"}
{"timestamp": "2026-02-21T07:06:25.056896+00:00", "level": "INFO", "action": "ASYNC_PLUGIN_COMPLETE", "details": "active-test: success=True, findings=0, 0ms", "operator": "system", "plugin": "active-test", "engagement_id": "ASYNC-001", "previous_hash": "9554e5096090b48d", "hash": "e6859dbfcebe3138"}
{"timestamp": "2026-02-21T07:06:25.056896+00:00", "level": "INFO", "action": "ASYNC_PLUGIN_EXECUTE", "details": "Async executing: destructive-test", "operator": "system", "plugin": "destructive-test", "engagement_id": "ASYNC-001", "previous_hash": "e6859dbfcebe3138", "hash": "17770e39c96ee5ab"}
{"timestamp": "2026-02-21T07:06:25.063968+00:00", "level": "INFO", "action": "ASYNC_PLUGIN_COMPLETE", "details": "destructive-test: success=True, findings=0, 0ms", "operator": "system", "plugin": "destructive-test", "engagement_id": "ASYNC-001", "previous_hash": "17770e39c96ee5ab", "hash": "688404da0cd4f611"}
{"timestamp": "2026-02-21T07:06:25.063968+00:00", "level": "INFO", "action": "ASYNC_PLUGIN_DRY_RUN", "details": "Async dry run: async-stub", "operator": "system", "plugin": "async-stub", "engagement_id": "ASYNC-001", "previous_hash": "688404da0cd4f611", "hash": "5492e2bb8e11853f"}
{"timestamp": "2026-02-21T07:06:25.066395+00:00", "level": "INFO", "action": "ASYNC_PLUGIN_EXECUTE", "details": "Async executing: async-stub", "operator": "system", "plugin": "async-stub", "engagement_id": "ASYNC-001", "previous_hash": "5492e2bb8e11853f", "hash": "5355a40eb00267e7"}
{"timestamp": "2026-02-21T07:06:25.086345+00:00", "level": "INFO", "action": "ASYNC_PLUGIN_COMPLETE", "details": "async-stub: success=True, findings=0, 15ms", "operator": "system", "plugin": "async-stub", "engagement_id": "ASYNC-001", "previous_hash": "5355a40eb00267e7", "hash": "e654eddecf513a11"}
{"timestamp": "2026-02-21T07:06:25.086345+00:00", "level": "INFO", "action": "ASYNC_PLUGIN_EXECUTE", "details": "Async executing: slow-test", "operator": "system", "plugin": "slow-test", "engagement_id": "ASYNC-001", "previous_hash": "e654eddecf513a11", "hash": "3e6592173c3749ab"}
{"timestamp": "2026-02-21T07:06:26.085492+00:00", "level": "INFO", "action": "ASYNC_PLUGIN_EXECUTE", "details": "Async executing: active-test", "operator": "system", "plugin": "active-test", "engagement_id": "ASYNC-001", "previous_hash": "3e6592173c3749ab", "hash": "39983264c41ff39b"}
{"timestamp": "2026-02-21T07:06:26.085492+00:00", "level": "INFO", "action": "ASYNC_PLUGIN_COMPLETE", "details": "active-test: success=True, findings=0, 0ms", "operator": "system", "plugin": "active-test", "engagement_id": "ASYNC-001", "previous_hash": "39983264c41ff39b", "hash": "280c96f89ef33c8d"}
{"timestamp": "2026-02-21T07:18:07.527937+00:00", "level": "INFO", "action": "ACTIVATION_CODE_SET", "details": "New activation code configured", "operator": "system", "plugin": "", "engagement_id": "", "previous_hash": "280c96f89ef33c8d", "hash": "863c8610b44fe174"}
{"timestamp": "2026-02-21T07:18:07.621030+00:00", "level": "INFO", "action": "ACTIVATION_CODE_SET", "details": "New activation code configured", "operator": "system", "plugin": "", "engagement_id": "", "previous_hash": "863c8610b44fe174", "hash": "85fca5bf1a102265"}
{"timestamp": "2026-02-21T07:18:07.661510+00:00", "level": "WARN", "action": "ACTIVATION_SET_FAILED", "details": "Code must contain letters, digits, and special characters", "operator": "system", "plugin": "", "engagement_id": "", "previous_hash": "85fca5bf1a102265", "hash": "3b469fb45842e2dd"}
{"timestamp": "2026-02-21T07:18:07.661510+00:00", "level": "WARN", "action": "ACTIVATION_SET_FAILED", "details": "Code must contain letters, digits, and special characters", "operator": "system", "plugin": "", "engagement_id": "", "previous_hash": "3b469fb45842e2dd", "hash": "c962d868b90d5424"}
{"timestamp": "2026-02-21T07:18:07.661510+00:00", "level": "WARN", "action": "ACTIVATION_SET_FAILED", "details": "Code must contain letters, digits, and special characters", "operator": "system", "plugin": "", "engagement_id": "", "previous_hash": "c962d868b90d5424", "hash": "267a72e1b0d74471"}
{"timestamp": "2026-02-21T07:18:07.667478+00:00", "level": "WARN", "action": "ACTIVATION_SET_FAILED", "details": "Code too short \u2014 minimum 8 characters required", "operator": "system", "plugin": "", "engagement_id": "", "previous_hash": "267a72e1b0d74471", "hash": "b4c75413decf6cc9"}
{"timestamp": "2026-02-21T07:18:07.698775+00:00", "level": "INFO", "action": "ACTIVATION_CODE_SET", "details": "New activation code configured", "operator": "system", "plugin": "", "engagement_id": "", "previous_hash": "b4c75413decf6cc9", "hash": "0231fe6353a48586"}
{"timestamp": "2026-02-21T07:18:07.698775+00:00", "level": "INFO", "action": "ACTIVATION_CODE_CLEARED", "details": "Activation code removed", "operator": "system", "plugin": "", "engagement_id": "", "previous_hash": "0231fe6353a48586", "hash": "ceb186d3c8fa0588"}
{"timestamp": "2026-02-21T07:18:07.741986+00:00", "level": "INFO", "action": "ACTIVATION_CODE_SET", "details": "New activation code configured", "operator": "system", "plugin": "", "engagement_id": "", "previous_hash": "ceb186d3c8fa0588", "hash": "b77d0104cfa24011"}
{"timestamp": "2026-02-21T07:18:07.784580+00:00", "level": "INFO", "action": "ACTIVATION_CODE_SET", "details": "New activation code configured", "operator": "system", "plugin": "", "engagement_id": "", "previous_hash": "b77d0104cfa24011", "hash": "b3357b9d51b4b020"}
{"timestamp": "2026-02-21T07:18:07.801763+00:00", "level": "INFO", "action": "ENGAGEMENT_INIT", "details": "Created engagement: ENG-001", "operator": "system", "plugin": "", "engagement_id": "", "previous_hash": "b3357b9d51b4b020", "hash": "22fa043fb918aae3"}
{"timestamp": "2026-02-21T07:18:07.804991+00:00", "level": "INFO", "action": "ENGAGEMENT_INIT", "details": "Created engagement: TMPL", "operator": "system", "plugin": "", "engagement_id": "", "previous_hash": "22fa043fb918aae3", "hash": "906b8a6df477d3b0"}
{"timestamp": "2026-02-21T07:24:11.289232+00:00", "level": "INFO", "action": "ROE_VALIDATED", "details": "RoE TEST-001 validated successfully", "operator": "system", "plugin": "", "engagement_id": "TEST-001", "previous_hash": "906b8a6df477d3b0", "hash": "aa0b97740e00b2ef"}
{"timestamp": "2026-02-21T07:24:11.291237+00:00", "level": "INFO", "action": "ENGAGEMENT_LOADED", "details": "RoE validated, authorizer: Test Admin", "operator": "system", "plugin": "", "engagement_id": "TEST-001", "previous_hash": "aa0b97740e00b2ef", "hash": "2b89db9948878ec0"}
{"timestamp": "2026-02-21T07:24:11.294468+00:00", "level": "ERROR", "action": "ENGAGEMENT_LOAD_FAILED", "details": "Missing required RoE fields: authorizer, authorized_targets, allowed_tests, start_time_utc, end_time_utc", "operator": "system", "plugin": "", "engagement_id": "", "previous_hash": "2b89db9948878ec0", "hash": "188bf8232e79d7bf"}
{"timestamp": "2026-02-21T07:24:11.301126+00:00", "level": "ERROR", "action": "ENGAGEMENT_LOAD_FAILED", "details": "RoE has expired (end_time: 2026-02-20T07:24:11+00:00)", "operator": "system", "plugin": "", "engagement_id": "", "previous_hash": "188bf8232e79d7bf", "hash": "bc25e4816cbced9d"}
{"timestamp": "2026-02-21T07:24:11.301126+00:00", "level": "ERROR", "action": "ENGAGEMENT_LOAD_FAILED", "details": "RoE file not found: \\nonexistent\\roe.yaml", "operator": "system", "plugin": "", "engagement_id": "", "previous_hash": "bc25e4816cbced9d", "hash": "581fe42ed531e56f"}
{"timestamp": "2026-02-21T07:24:11.301126+00:00", "level": "INFO", "action": "ROE_VALIDATED", "details": "RoE TEST-001 validated successfully", "operator": "system", "plugin": "", "engagement_id": "TEST-001", "previous_hash": "581fe42ed531e56f", "hash": "ca1bdc20d49d841a"}
{"timestamp": "2026-02-21T07:24:11.301126+00:00", "level": "INFO", "action": "ENGAGEMENT_LOADED", "details": "RoE validated, authorizer: Test Admin", "operator": "system", "plugin": "", "engagement_id": "TEST-001", "previous_hash": "ca1bdc20d49d841a", "hash": "37c3d2b421ef5638"}
{"timestamp": "2026-02-21T07:24:11.307454+00:00", "level": "INFO", "action": "PLUGIN_DRY_RUN", "details": "Dry run: stub-test", "operator": "system", "plugin": "stub-test", "engagement_id": "TEST-001", "previous_hash": "37c3d2b421ef5638", "hash": "0f200a9b7b5bcc93"}
{"timestamp": "2026-02-21T07:24:11.311556+00:00", "level": "INFO", "action": "ROE_VALIDATED", "details": "RoE TEST-001 validated successfully", "operator": "system", "plugin": "", "engagement_id": "TEST-001", "previous_hash": "0f200a9b7b5bcc93", "hash": "67a55d87059ad083"}
{"timestamp": "2026-02-21T07:24:11.311556+00:00", "level": "INFO", "action": "ENGAGEMENT_LOADED", "details": "RoE validated, authorizer: Test Admin", "operator": "system", "plugin": "", "engagement_id": "TEST-001", "previous_hash": "67a55d87059ad083", "hash": "ed9a6d05d5e753b2"}
{"timestamp": "2026-02-21T07:24:11.314555+00:00", "level": "INFO", "action": "ROE_VALIDATED", "details": "RoE TEST-001 validated successfully", "operator": "system", "plugin": "", "engagement_id": "TEST-001", "previous_hash": "ed9a6d05d5e753b2", "hash": "242d9a24a6f9b76e"}
{"timestamp": "2026-02-21T07:24:11.315555+00:00", "level": "INFO", "action": "ENGAGEMENT_LOADED", "details": "RoE validated, authorizer: Test Admin", "operator": "system", "plugin": "", "engagement_id": "TEST-001", "previous_hash": "242d9a24a6f9b76e", "hash": "e494d47f95bf1d58"}
{"timestamp": "2026-02-21T07:24:11.315555+00:00", "level": "INFO", "action": "PLUGIN_EXECUTE", "details": "Executing: stub-test", "operator": "system", "plugin": "stub-test", "engagement_id": "TEST-001", "previous_hash": "e494d47f95bf1d58", "hash": "bc7c7159d51877d9"}
{"timestamp": "2026-02-21T07:24:11.315555+00:00", "level": "INFO", "action": "PLUGIN_COMPLETE", "details": "stub-test: success=True, findings=1, 0ms", "operator": "system", "plugin": "stub-test", "engagement_id": "TEST-001", "previous_hash": "bc7c7159d51877d9", "hash": "e1fbe29c38b060ce"}
{"timestamp": "2026-02-21T07:24:11.320223+00:00", "level": "INFO", "action": "ROE_VALIDATED", "details": "RoE TEST-001 validated successfully", "operator": "system", "plugin": "", "engagement_id": "TEST-001", "previous_hash": "e1fbe29c38b060ce", "hash": "5e7c83e11ba4b828"}
{"timestamp": "2026-02-21T07:24:11.320223+00:00", "level": "INFO", "action": "ENGAGEMENT_LOADED", "details": "RoE validated, authorizer: Test Admin", "operator": "system", "plugin": "", "engagement_id": "TEST-001", "previous_hash": "5e7c83e11ba4b828", "hash": "cddbb9a06907ae7e"}
{"timestamp": "2026-02-21T07:24:11.320223+00:00", "level": "INFO", "action": "PLUGIN_EXECUTE", "details": "Executing: fail-test", "operator": "system", "plugin": "fail-test", "engagement_id": "TEST-001", "previous_hash": "cddbb9a06907ae7e", "hash": "7116e722f572a815"}
{"timestamp": "2026-02-21T07:24:11.321223+00:00", "level": "INFO", "action": "PLUGIN_COMPLETE", "details": "fail-test: success=False, findings=0, 0ms", "operator": "system", "plugin": "fail-test", "engagement_id": "TEST-001", "previous_hash": "7116e722f572a815", "hash": "1799dfe6ce571309"}
{"timestamp": "2026-02-21T07:24:11.323223+00:00", "level": "INFO", "action": "ROE_VALIDATED", "details": "RoE TEST-001 validated successfully", "operator": "system", "plugin": "", "engagement_id": "TEST-001", "previous_hash": "1799dfe6ce571309", "hash": "c30d62a968a94b22"}
{"timestamp": "2026-02-21T07:24:11.324223+00:00", "level": "INFO", "action": "ENGAGEMENT_LOADED", "details": "RoE validated, authorizer: Test Admin", "operator": "system", "plugin": "", "engagement_id": "TEST-001", "previous_hash": "c30d62a968a94b22", "hash": "aee5129e4c084dfe"}
{"timestamp": "2026-02-21T07:24:11.324223+00:00", "level": "INFO", "action": "ENGAGEMENT_SHUTDOWN", "details": "", "operator": "system", "plugin": "", "engagement_id": "TEST-001", "previous_hash": "aee5129e4c084dfe", "hash": "aa753f305426ca2c"}
{"timestamp": "2026-02-21T07:24:11.324223+00:00", "level": "WARN", "action": "ACTIVATION_FAILED", "details": "No engagement loaded", "operator": "system", "plugin": "", "engagement_id": "", "previous_hash": "aa753f305426ca2c", "hash": "185e69544d043ae7"}
{"timestamp": "2026-02-21T07:24:11.327223+00:00", "level": "INFO", "action": "ROE_VALIDATED", "details": "RoE TEST-001 validated successfully", "operator": "system", "plugin": "", "engagement_id": "TEST-001", "previous_hash": "185e69544d043ae7", "hash": "f76a598bde996bd3"}
{"timestamp": "2026-02-21T07:24:11.327223+00:00", "level": "INFO", "action": "ENGAGEMENT_LOADED", "details": "RoE validated, authorizer: Test Admin", "operator": "system", "plugin": "", "engagement_id": "TEST-001", "previous_hash": "f76a598bde996bd3", "hash": "73bf9a7a36e2eaf9"}
{"timestamp": "2026-02-21T07:24:11.342905+00:00", "level": "INFO", "action": "ASYNC_PLUGIN_EXECUTE", "details": "Async executing: active-test", "operator": "system", "plugin": "active-test", "engagement_id": "ASYNC-001", "previous_hash": "73bf9a7a36e2eaf9", "hash": "b4e523eb2d125df7"}
{"timestamp": "2026-02-21T07:24:11.342905+00:00", "level": "INFO", "action": "ASYNC_PLUGIN_COMPLETE", "details": "active-test: success=True, findings=0, 0ms", "operator": "system", "plugin": "active-test", "engagement_id": "ASYNC-001", "previous_hash": "b4e523eb2d125df7", "hash": "c564460ab84786b4"}
{"timestamp": "2026-02-21T07:24:11.343879+00:00", "level": "INFO", "action": "ASYNC_PLUGIN_EXECUTE", "details": "Async executing: destructive-test", "operator": "system", "plugin": "destructive-test", "engagement_id": "ASYNC-001", "previous_hash": "c564460ab84786b4", "hash": "18f51793acbc4ba3"}
{"timestamp": "2026-02-21T07:24:11.343879+00:00", "level": "INFO", "action": "ASYNC_PLUGIN_COMPLETE", "details": "destructive-test: success=True, findings=0, 0ms", "operator": "system", "plugin": "destructive-test", "engagement_id": "ASYNC-001", "previous_hash": "18f51793acbc4ba3", "hash": "35c2c626cdb66b03"}
{"timestamp": "2026-02-21T07:24:11.343879+00:00", "level": "INFO", "action": "ASYNC_PLUGIN_DRY_RUN", "details": "Async dry run: async-stub", "operator": "system", "plugin": "async-stub", "engagement_id": "ASYNC-001", "previous_hash": "35c2c626cdb66b03", "hash": "6f0d850eac534f8b"}
{"timestamp": "2026-02-21T07:24:11.343879+00:00", "level": "INFO", "action": "ASYNC_PLUGIN_EXECUTE", "details": "Async executing: async-stub", "operator": "system", "plugin": "async-stub", "engagement_id": "ASYNC-001", "previous_hash": "6f0d850eac534f8b", "hash": "40201f6513f1a12f"}
{"timestamp": "2026-02-21T07:24:11.357517+00:00", "level": "INFO", "action": "ASYNC_PLUGIN_COMPLETE", "details": "async-stub: success=True, findings=0, 15ms", "operator": "system", "plugin": "async-stub", "engagement_id": "ASYNC-001", "previous_hash": "40201f6513f1a12f", "hash": "49b09ef3afed6115"}
{"timestamp": "2026-02-21T07:24:11.358569+00:00", "level": "INFO", "action": "ASYNC_PLUGIN_EXECUTE", "details": "Async executing: slow-test", "operator": "system", "plugin": "slow-test", "engagement_id": "ASYNC-001", "previous_hash": "49b09ef3afed6115", "hash": "65343840be3e31d9"}
{"timestamp": "2026-02-21T07:24:12.373088+00:00", "level": "INFO", "action": "ASYNC_PLUGIN_EXECUTE", "details": "Async executing: active-test", "operator": "system", "plugin": "active-test", "engagement_id": "ASYNC-001", "previous_hash": "65343840be3e31d9", "hash": "62311c6d36feedd3"}
{"timestamp": "2026-02-21T07:24:12.374088+00:00", "level": "INFO", "action": "ASYNC_PLUGIN_COMPLETE", "details": "active-test: success=True, findings=0, 0ms", "operator": "system", "plugin": "active-test", "engagement_id": "ASYNC-001", "previous_hash": "62311c6d36feedd3", "hash": "29bb1b5d1e962b71"}
{"timestamp": "2026-02-21T07:24:12.427205+00:00", "level": "INFO", "action": "ROE_VALIDATED", "details": "RoE TEST-001 validated successfully", "operator": "system", "plugin": "", "engagement_id": "TEST-001", "previous_hash": "29bb1b5d1e962b71", "hash": "24bee4a645996bbd"}
{"timestamp": "2026-02-21T07:24:12.442855+00:00", "level": "WARN", "action": "POLICY_DENIED", "details": "test-plugin: RoE has not been validated", "operator": "system", "plugin": "", "engagement_id": "", "previous_hash": "24bee4a645996bbd", "hash": "bb777d27e71a7c61"}
{"timestamp": "2026-02-21T07:24:12.487771+00:00", "level": "INFO", "action": "ACTIVATION_CODE_SET", "details": "New activation code configured", "operator": "system", "plugin": "", "engagement_id": "", "previous_hash": "bb777d27e71a7c61", "hash": "35102ac38b276f1f"}
{"timestamp": "2026-02-21T07:42:58.930948+00:00", "level": "INFO", "action": "ACTIVATION_CODE_SET", "details": "New activation code configured", "operator": "system", "plugin": "", "engagement_id": "", "previous_hash": "35102ac38b276f1f", "hash": "19d71e4a42402851"}
{"timestamp": "2026-02-21T07:42:58.998585+00:00", "level": "INFO", "action": "ACTIVATION_CODE_SET", "details": "New activation code configured", "operator": "system", "plugin": "", "engagement_id": "", "previous_hash": "19d71e4a42402851", "hash": "bf656dd44c8b738b"}
{"timestamp": "2026-02-21T07:42:59.039127+00:00", "level": "WARN", "action": "ACTIVATION_SET_FAILED", "details": "Code must contain letters, digits, and special characters", "operator": "system", "plugin": "", "engagement_id": "", "previous_hash": "bf656dd44c8b738b", "hash": "dfcf939c98e8bfd4"}
{"timestamp": "2026-02-21T07:42:59.041148+00:00", "level": "WARN", "action": "ACTIVATION_SET_FAILED", "details": "Code must contain letters, digits, and special characters", "operator": "system", "plugin": "", "engagement_id": "", "previous_hash": "dfcf939c98e8bfd4", "hash": "dc0fefa4c7f98baa"}
{"timestamp": "2026-02-21T07:42:59.043465+00:00", "level": "WARN", "action": "ACTIVATION_SET_FAILED", "details": "Code must contain letters, digits, and special characters", "operator": "system", "plugin": "", "engagement_id": "", "previous_hash": "dc0fefa4c7f98baa", "hash": "c2d3b36845ba9ae4"}
{"timestamp": "2026-02-21T07:42:59.045474+00:00", "level": "WARN", "action": "ACTIVATION_SET_FAILED", "details": "Code too short \u2014 minimum 8 characters required", "operator": "system", "plugin": "", "engagement_id": "", "previous_hash": "c2d3b36845ba9ae4", "hash": "663faa6963388162"}
{"timestamp": "2026-02-21T07:42:59.079960+00:00", "level": "INFO", "action": "ACTIVATION_CODE_SET", "details": "New activation code configured", "operator": "system", "plugin": "", "engagement_id": "", "previous_hash": "663faa6963388162", "hash": "ef980e547ae56783"}
{"timestamp": "2026-02-21T07:42:59.081112+00:00", "level": "INFO", "action": "ACTIVATION_CODE_CLEARED", "details": "Activation code removed", "operator": "system", "plugin": "", "engagement_id": "", "previous_hash": "ef980e547ae56783", "hash": "154f800b9eaa414b"}
{"timestamp": "2026-02-21T07:42:59.109244+00:00", "level": "INFO", "action": "ACTIVATION_CODE_SET", "details": "New activation code configured", "operator": "system", "plugin": "", "engagement_id": "", "previous_hash": "154f800b9eaa414b", "hash": "cf708ea52c6b421d"}
{"timestamp": "2026-02-21T07:42:59.150661+00:00", "level": "INFO", "action": "ACTIVATION_CODE_SET", "details": "New activation code configured", "operator": "system", "plugin": "", "engagement_id": "", "previous_hash": "cf708ea52c6b421d", "hash": "78a417fc1b52cd1f"}
{"timestamp": "2026-02-21T07:42:59.176547+00:00", "level": "INFO", "action": "ENGAGEMENT_INIT", "details": "Created engagement: ENG-001", "operator": "system", "plugin": "", "engagement_id": "", "previous_hash": "78a417fc1b52cd1f", "hash": "67943374dfb8c820"}
{"timestamp": "2026-02-21T07:42:59.185834+00:00", "level": "INFO", "action": "ENGAGEMENT_INIT", "details": "Created engagement: TMPL", "operator": "system", "plugin": "", "engagement_id": "", "previous_hash": "67943374dfb8c820", "hash": "0c027d0cab63f7d9"}
{"timestamp": "2026-02-21T07:48:47.169609+00:00", "level": "INFO", "action": "ROE_VALIDATED", "details": "RoE TEST-001 validated successfully", "operator": "system", "plugin": "", "engagement_id": "TEST-001", "previous_hash": "0c027d0cab63f7d9", "hash": "93e03fddbb5d2515"}
{"timestamp": "2026-02-21T07:48:47.169609+00:00", "level": "INFO", "action": "ENGAGEMENT_LOADED", "details": "RoE validated, authorizer: Test Admin", "operator": "system", "plugin": "", "engagement_id": "TEST-001", "previous_hash": "93e03fddbb5d2515", "hash": "fc7b2665d4f368e8"}
{"timestamp": "2026-02-21T07:48:47.169609+00:00", "level": "ERROR", "action": "ENGAGEMENT_LOAD_FAILED", "details": "Missing required RoE fields: authorizer, authorized_targets, allowed_tests, start_time_utc, end_time_utc", "operator": "system", "plugin": "", "engagement_id": "", "previous_hash": "fc7b2665d4f368e8", "hash": "4f15de121248b2bc"}
{"timestamp": "2026-02-21T07:48:47.183287+00:00", "level": "ERROR", "action": "ENGAGEMENT_LOAD_FAILED", "details": "RoE has expired (end_time: 2026-02-20T07:48:47+00:00)", "operator": "system", "plugin": "", "engagement_id": "", "previous_hash": "4f15de121248b2bc", "hash": "4163ed360d325e6b"}
{"timestamp": "2026-02-21T07:48:47.184286+00:00", "level": "ERROR", "action": "ENGAGEMENT_LOAD_FAILED", "details": "RoE file not found: \\nonexistent\\roe.yaml", "operator": "system", "plugin": "", "engagement_id": "", "previous_hash": "4163ed360d325e6b", "hash": "440f8e9b0389ba4b"}
{"timestamp": "2026-02-21T07:48:47.186371+00:00", "level": "INFO", "action": "ROE_VALIDATED", "details": "RoE TEST-001 validated successfully", "operator": "system", "plugin": "", "engagement_id": "TEST-001", "previous_hash": "440f8e9b0389ba4b", "hash": "a2a5a42dd89dde14"}
{"timestamp": "2026-02-21T07:48:47.187374+00:00", "level": "INFO", "action": "ENGAGEMENT_LOADED", "details": "RoE validated, authorizer: Test Admin", "operator": "system", "plugin": "", "engagement_id": "TEST-001", "previous_hash": "a2a5a42dd89dde14", "hash": "4800f0fcce0e95f4"}
{"timestamp": "2026-02-21T07:48:47.187374+00:00", "level": "INFO", "action": "PLUGIN_DRY_RUN", "details": "Dry run: stub-test", "operator": "system", "plugin": "stub-test", "engagement_id": "TEST-001", "previous_hash": "4800f0fcce0e95f4", "hash": "4e57714b96b78540"}
{"timestamp": "2026-02-21T07:48:47.190454+00:00", "level": "INFO", "action": "ROE_VALIDATED", "details": "RoE TEST-001 validated successfully", "operator": "system", "plugin": "", "engagement_id": "TEST-001", "previous_hash": "4e57714b96b78540", "hash": "d1ffe1e8e00ac180"}
{"timestamp": "2026-02-21T07:48:47.190454+00:00", "level": "INFO", "action": "ENGAGEMENT_LOADED", "details": "RoE validated, authorizer: Test Admin", "operator": "system", "plugin": "", "engagement_id": "TEST-001", "previous_hash": "d1ffe1e8e00ac180", "hash": "a5762a4c3ce4142e"}
{"timestamp": "2026-02-21T07:48:47.194216+00:00", "level": "INFO", "action": "ROE_VALIDATED", "details": "RoE TEST-001 validated successfully", "operator": "system", "plugin": "", "engagement_id": "TEST-001", "previous_hash": "a5762a4c3ce4142e", "hash": "873dd69685948dba"}
{"timestamp": "2026-02-21T07:48:47.194216+00:00", "level": "INFO", "action": "ENGAGEMENT_LOADED", "details": "RoE validated, authorizer: Test Admin", "operator": "system", "plugin": "", "engagement_id": "TEST-001", "previous_hash": "873dd69685948dba", "hash": "18e29dab5beb5821"}
{"timestamp": "2026-02-21T07:48:47.194216+00:00", "level": "INFO", "action": "PLUGIN_EXECUTE", "details": "Executing: stub-test", "operator": "system", "plugin": "stub-test", "engagement_id": "TEST-001", "previous_hash": "18e29dab5beb5821", "hash": "4208ede0e19edef0"}
{"timestamp": "2026-02-21T07:48:47.194216+00:00", "level": "INFO", "action": "PLUGIN_COMPLETE", "details": "stub-test: success=True, findings=1, 0ms", "operator": "system", "plugin": "stub-test", "engagement_id": "TEST-001", "previous_hash": "4208ede0e19edef0", "hash": "47c2735a10fe936e"}
{"timestamp": "2026-02-21T07:48:47.197217+00:00", "level": "INFO", "action": "ROE_VALIDATED", "details": "RoE TEST-001 validated successfully", "operator": "system", "plugin": "", "engagement_id": "TEST-001", "previous_hash": "47c2735a10fe936e", "hash": "2a3c5b548a8183e2"}
{"timestamp": "2026-02-21T07:48:47.197217+00:00", "level": "INFO", "action": "ENGAGEMENT_LOADED", "details": "RoE validated, authorizer: Test Admin", "operator": "system", "plugin": "", "engagement_id": "TEST-001", "previous_hash": "2a3c5b548a8183e2", "hash": "2b1174bd4946c211"}
{"timestamp": "2026-02-21T07:48:47.197217+00:00", "level": "INFO", "action": "PLUGIN_EXECUTE", "details": "Executing: fail-test", "operator": "system", "plugin": "fail-test", "engagement_id": "TEST-001", "previous_hash": "2b1174bd4946c211", "hash": "c2771eae816f3687"}
{"timestamp": "2026-02-21T07:48:47.197217+00:00", "level": "INFO", "action": "PLUGIN_COMPLETE", "details": "fail-test: success=False, findings=0, 0ms", "operator": "system", "plugin": "fail-test", "engagement_id": "TEST-001", "previous_hash": "c2771eae816f3687", "hash": "5eca26b29e31e981"}
{"timestamp": "2026-02-21T07:48:47.198874+00:00", "level": "INFO", "action": "ROE_VALIDATED", "details": "RoE TEST-001 validated successfully", "operator": "system", "plugin": "", "engagement_id": "TEST-001", "previous_hash": "5eca26b29e31e981", "hash": "41b14934b7735d61"}
{"timestamp": "2026-02-21T07:48:47.198874+00:00", "level": "INFO", "action": "ENGAGEMENT_LOADED", "details": "RoE validated, authorizer: Test Admin", "operator": "system", "plugin": "", "engagement_id": "TEST-001", "previous_hash": "41b14934b7735d61", "hash": "774de2ff4a5ce4ba"}
{"timestamp": "2026-02-21T07:48:47.198874+00:00", "level": "INFO", "action": "ENGAGEMENT_SHUTDOWN", "details": "", "operator": "system", "plugin": "", "engagement_id": "TEST-001", "previous_hash": "774de2ff4a5ce4ba", "hash": "30885a2c17597aed"}
{"timestamp": "2026-02-21T07:48:47.198874+00:00", "level": "WARN", "action": "ACTIVATION_FAILED", "details": "No engagement loaded", "operator": "system", "plugin": "", "engagement_id": "", "previous_hash": "30885a2c17597aed", "hash": "41fe2ac9ec40d1e1"}
{"timestamp": "2026-02-21T07:48:47.198874+00:00", "level": "INFO", "action": "ROE_VALIDATED", "details": "RoE TEST-001 validated successfully", "operator": "system", "plugin": "", "engagement_id": "TEST-001", "previous_hash": "41fe2ac9ec40d1e1", "hash": "580180862af532a1"}
{"timestamp": "2026-02-21T07:48:47.198874+00:00", "level": "INFO", "action": "ENGAGEMENT_LOADED", "details": "RoE validated, authorizer: Test Admin", "operator": "system", "plugin": "", "engagement_id": "TEST-001", "previous_hash": "580180862af532a1", "hash": "eff1415fe8e0328f"}
{"timestamp": "2026-02-21T07:48:47.214227+00:00", "level": "INFO", "action": "ASYNC_PLUGIN_EXECUTE", "details": "Async executing: active-test", "operator": "system", "plugin": "active-test", "engagement_id": "ASYNC-001", "previous_hash": "eff1415fe8e0328f", "hash": "2ada76f38c1a2f79"}
{"timestamp": "2026-02-21T07:48:47.214227+00:00", "level": "INFO", "action": "ASYNC_PLUGIN_COMPLETE", "details": "active-test: success=True, findings=0, 0ms", "operator": "system", "plugin": "active-test", "engagement_id": "ASYNC-001", "previous_hash": "2ada76f38c1a2f79", "hash": "abed8899bfa6113c"}
{"timestamp": "2026-02-21T07:48:47.214227+00:00", "level": "INFO", "action": "ASYNC_PLUGIN_EXECUTE", "details": "Async executing: destructive-test", "operator": "system", "plugin": "destructive-test", "engagement_id": "ASYNC-001", "previous_hash": "abed8899bfa6113c", "hash": "3f6edb91feb16832"}
{"timestamp": "2026-02-21T07:48:47.214227+00:00", "level": "INFO", "action": "ASYNC_PLUGIN_COMPLETE", "details": "destructive-test: success=True, findings=0, 0ms", "operator": "system", "plugin": "destructive-test", "engagement_id": "ASYNC-001", "previous_hash": "3f6edb91feb16832", "hash": "7678cd663bf69a0c"}
{"timestamp": "2026-02-21T07:48:47.214227+00:00", "level": "INFO", "action": "ASYNC_PLUGIN_DRY_RUN", "details": "Async dry run: async-stub", "operator": "system", "plugin": "async-stub", "engagement_id": "ASYNC-001", "previous_hash": "7678cd663bf69a0c", "hash": "3445743ebdd07edf"}
{"timestamp": "2026-02-21T07:48:47.214227+00:00", "level": "INFO", "action": "ASYNC_PLUGIN_EXECUTE", "details": "Async executing: async-stub", "operator": "system", "plugin": "async-stub", "engagement_id": "ASYNC-001", "previous_hash": "3445743ebdd07edf", "hash": "fd7f3cc786cdea6f"}
{"timestamp": "2026-02-21T07:48:47.229028+00:00", "level": "INFO", "action": "ASYNC_PLUGIN_COMPLETE", "details": "async-stub: success=True, findings=0, 15ms", "operator": "system", "plugin": "async-stub", "engagement_id": "ASYNC-001", "previous_hash": "fd7f3cc786cdea6f", "hash": "508bed1b3be9c835"}
{"timestamp": "2026-02-21T07:48:47.230381+00:00", "level": "INFO", "action": "ASYNC_PLUGIN_EXECUTE", "details": "Async executing: slow-test", "operator": "system", "plugin": "slow-test", "engagement_id": "ASYNC-001", "previous_hash": "508bed1b3be9c835", "hash": "1d4dcc5b4e3ab5b9"}
{"timestamp": "2026-02-21T07:48:48.246357+00:00", "level": "INFO", "action": "ASYNC_PLUGIN_EXECUTE", "details": "Async executing: active-test", "operator": "system", "plugin": "active-test", "engagement_id": "ASYNC-001", "previous_hash": "1d4dcc5b4e3ab5b9", "hash": "cc8bd966a05dd86c"}
{"timestamp": "2026-02-21T07:48:48.247750+00:00", "level": "INFO", "action": "ASYNC_PLUGIN_COMPLETE", "details": "active-test: success=True, findings=0, 0ms", "operator": "system", "plugin": "active-test", "engagement_id": "ASYNC-001", "previous_hash": "cc8bd966a05dd86c", "hash": "4098e1dd7e780c1c"}
{"timestamp": "2026-02-21T07:48:48.287635+00:00", "level": "INFO", "action": "ROE_VALIDATED", "details": "RoE TEST-001 validated successfully", "operator": "system", "plugin": "", "engagement_id": "TEST-001", "previous_hash": "4098e1dd7e780c1c", "hash": "e7821f85a6680ab7"}
{"timestamp": "2026-02-21T07:48:48.299395+00:00", "level": "WARN", "action": "POLICY_DENIED", "details": "test-plugin: RoE has not been validated", "operator": "system", "plugin": "", "engagement_id": "", "previous_hash": "e7821f85a6680ab7", "hash": "74fe030035b67ac8"}
{"timestamp": "2026-02-21T07:48:48.333855+00:00", "level": "INFO", "action": "ACTIVATION_CODE_SET", "details": "New activation code configured", "operator": "system", "plugin": "", "engagement_id": "", "previous_hash": "74fe030035b67ac8", "hash": "f33091b9dea6daf1"}
{"timestamp": "2026-02-21T07:53:06.999216+00:00", "level": "INFO", "action": "ACTIVATION_CODE_SET", "details": "New activation code configured", "operator": "system", "plugin": "", "engagement_id": "", "previous_hash": "f33091b9dea6daf1", "hash": "3a8b99493d475cc7"}
{"timestamp": "2026-02-21T07:53:07.080289+00:00", "level": "INFO", "action": "ACTIVATION_CODE_SET", "details": "New activation code configured", "operator": "system", "plugin": "", "engagement_id": "", "previous_hash": "3a8b99493d475cc7", "hash": "eac5436a6007fb14"}
{"timestamp": "2026-02-21T07:53:07.120716+00:00", "level": "WARN", "action": "ACTIVATION_SET_FAILED", "details": "Code must contain letters, digits, and special characters", "operator": "system", "plugin": "", "engagement_id": "", "previous_hash": "eac5436a6007fb14", "hash": "a42fc34fc2c0bdaf"}
{"timestamp": "2026-02-21T07:53:07.120716+00:00", "level": "WARN", "action": "ACTIVATION_SET_FAILED", "details": "Code must contain letters, digits, and special characters", "operator": "system", "plugin": "", "engagement_id": "", "previous_hash": "a42fc34fc2c0bdaf", "hash": "2441671e20760dcb"}
{"timestamp": "2026-02-21T07:53:07.120716+00:00", "level": "WARN", "action": "ACTIVATION_SET_FAILED", "details": "Code must contain letters, digits, and special characters", "operator": "system", "plugin": "", "engagement_id": "", "previous_hash": "2441671e20760dcb", "hash": "9741d99350fb582e"}
{"timestamp": "2026-02-21T07:53:07.120716+00:00", "level": "WARN", "action": "ACTIVATION_SET_FAILED", "details": "Code too short \u2014 minimum 8 characters required", "operator": "system", "plugin": "", "engagement_id": "", "previous_hash": "9741d99350fb582e", "hash": "e1227404ca6d37ec"}
{"timestamp": "2026-02-21T07:53:07.166919+00:00", "level": "INFO", "action": "ACTIVATION_CODE_SET", "details": "New activation code configured", "operator": "system", "plugin": "", "engagement_id": "", "previous_hash": "e1227404ca6d37ec", "hash": "e2d6d7377f77aad5"}
{"timestamp": "2026-02-21T07:53:07.167924+00:00", "level": "INFO", "action": "ACTIVATION_CODE_CLEARED", "details": "Activation code removed", "operator": "system", "plugin": "", "engagement_id": "", "previous_hash": "e2d6d7377f77aad5", "hash": "d3aff9488a843908"}
{"timestamp": "2026-02-21T07:53:07.214515+00:00", "level": "INFO", "action": "ACTIVATION_CODE_SET", "details": "New activation code configured", "operator": "system", "plugin": "", "engagement_id": "", "previous_hash": "d3aff9488a843908", "hash": "347ee27fc580dee2"}
{"timestamp": "2026-02-21T07:53:07.261927+00:00", "level": "INFO", "action": "ACTIVATION_CODE_SET", "details": "New activation code configured", "operator": "system", "plugin": "", "engagement_id": "", "previous_hash": "347ee27fc580dee2", "hash": "c95e5fb4fa9f0cdc"}
{"timestamp": "2026-02-21T07:53:07.286270+00:00", "level": "INFO", "action": "ENGAGEMENT_INIT", "details": "Created engagement: ENG-001", "operator": "system", "plugin": "", "engagement_id": "", "previous_hash": "c95e5fb4fa9f0cdc", "hash": "2393c53ea6ec0c44"}
{"timestamp": "2026-02-21T07:53:07.296010+00:00", "level": "INFO", "action": "ENGAGEMENT_INIT", "details": "Created engagement: TMPL", "operator": "system", "plugin": "", "engagement_id": "", "previous_hash": "2393c53ea6ec0c44", "hash": "f8749be1ede7e8b6"}
{"timestamp": "2026-02-21T07:58:54.944696+00:00", "level": "INFO", "action": "ROE_VALIDATED", "details": "RoE TEST-001 validated successfully", "operator": "system", "plugin": "", "engagement_id": "TEST-001", "previous_hash": "f8749be1ede7e8b6", "hash": "e4d7b0d946dbf30c"}
{"timestamp": "2026-02-21T07:58:54.944696+00:00", "level": "INFO", "action": "ENGAGEMENT_LOADED", "details": "RoE validated, authorizer: Test Admin", "operator": "system", "plugin": "", "engagement_id": "TEST-001", "previous_hash": "e4d7b0d946dbf30c", "hash": "994716748530bc23"}
{"timestamp": "2026-02-21T07:58:54.954553+00:00", "level": "ERROR", "action": "ENGAGEMENT_LOAD_FAILED", "details": "Missing required RoE fields: authorizer, authorized_targets, allowed_tests, start_time_utc, end_time_utc", "operator": "system", "plugin": "", "engagement_id": "", "previous_hash": "994716748530bc23", "hash": "59e28e495f805a31"}
{"timestamp": "2026-02-21T07:58:54.958808+00:00", "level": "ERROR", "action": "ENGAGEMENT_LOAD_FAILED", "details": "RoE has expired (end_time: 2026-02-20T07:58:54+00:00)", "operator": "system", "plugin": "", "engagement_id": "", "previous_hash": "59e28e495f805a31", "hash": "972c636788711efa"}
{"timestamp": "2026-02-21T07:58:54.962141+00:00", "level": "ERROR", "action": "ENGAGEMENT_LOAD_FAILED", "details": "RoE file not found: \\nonexistent\\roe.yaml", "operator": "system", "plugin": "", "engagement_id": "", "previous_hash": "972c636788711efa", "hash": "5ac40d63a3638845"}
{"timestamp": "2026-02-21T07:58:54.966150+00:00", "level": "INFO", "action": "ROE_VALIDATED", "details": "RoE TEST-001 validated successfully", "operator": "system", "plugin": "", "engagement_id": "TEST-001", "previous_hash": "5ac40d63a3638845", "hash": "42193bd3da19a6fc"}
{"timestamp": "2026-02-21T07:58:54.966150+00:00", "level": "INFO", "action": "ENGAGEMENT_LOADED", "details": "RoE validated, authorizer: Test Admin", "operator": "system", "plugin": "", "engagement_id": "TEST-001", "previous_hash": "42193bd3da19a6fc", "hash": "1b871b8f347a7add"}
{"timestamp": "2026-02-21T07:58:54.966150+00:00", "level": "INFO", "action": "PLUGIN_DRY_RUN", "details": "Dry run: stub-test", "operator": "system", "plugin": "stub-test", "engagement_id": "TEST-001", "previous_hash": "1b871b8f347a7add", "hash": "affc0c93fd31e71c"}
{"timestamp": "2026-02-21T07:58:54.969997+00:00", "level": "INFO", "action": "ROE_VALIDATED", "details": "RoE TEST-001 validated successfully", "operator": "system", "plugin": "", "engagement_id": "TEST-001", "previous_hash": "affc0c93fd31e71c", "hash": "011d4e2b1c63ba55"}
{"timestamp": "2026-02-21T07:58:54.969997+00:00", "level": "INFO", "action": "ENGAGEMENT_LOADED", "details": "RoE validated, authorizer: Test Admin", "operator": "system", "plugin": "", "engagement_id": "TEST-001", "previous_hash": "011d4e2b1c63ba55", "hash": "3d87c47a4ca16223"}
{"timestamp": "2026-02-21T07:58:54.973052+00:00", "level": "INFO", "action": "ROE_VALIDATED", "details": "RoE TEST-001 validated successfully", "operator": "system", "plugin": "", "engagement_id": "TEST-001", "previous_hash": "3d87c47a4ca16223", "hash": "57a46230d4f17568"}
{"timestamp": "2026-02-21T07:58:54.973052+00:00", "level": "INFO", "action": "ENGAGEMENT_LOADED", "details": "RoE validated, authorizer: Test Admin", "operator": "system", "plugin": "", "engagement_id": "TEST-001", "previous_hash": "57a46230d4f17568", "hash": "fca34fb635aded8b"}
{"timestamp": "2026-02-21T07:58:54.974051+00:00", "level": "INFO", "action": "PLUGIN_EXECUTE", "details": "Executing: stub-test", "operator": "system", "plugin": "stub-test", "engagement_id": "TEST-001", "previous_hash": "fca34fb635aded8b", "hash": "ad80028051361903"}
{"timestamp": "2026-02-21T07:58:54.974051+00:00", "level": "INFO", "action": "PLUGIN_COMPLETE", "details": "stub-test: success=True, findings=1, 0ms", "operator": "system", "plugin": "stub-test", "engagement_id": "TEST-001", "previous_hash": "ad80028051361903", "hash": "6e70ca7162916929"}
{"timestamp": "2026-02-21T07:58:54.977308+00:00", "level": "INFO", "action": "ROE_VALIDATED", "details": "RoE TEST-001 validated successfully", "operator": "system", "plugin": "", "engagement_id": "TEST-001", "previous_hash": "6e70ca7162916929", "hash": "ace66d8750230e38"}
{"timestamp": "2026-02-21T07:58:54.977308+00:00", "level": "INFO", "action": "ENGAGEMENT_LOADED", "details": "RoE validated, authorizer: Test Admin", "operator": "system", "plugin": "", "engagement_id": "TEST-001", "previous_hash": "ace66d8750230e38", "hash": "b50f448275fdaf46"}
{"timestamp": "2026-02-21T07:58:54.977308+00:00", "level": "INFO", "action": "PLUGIN_EXECUTE", "details": "Executing: fail-test", "operator": "system", "plugin": "fail-test", "engagement_id": "TEST-001", "previous_hash": "b50f448275fdaf46", "hash": "94f833e7a01c54cd"}
{"timestamp": "2026-02-21T07:58:54.977308+00:00", "level": "INFO", "action": "PLUGIN_COMPLETE", "details": "fail-test: success=False, findings=0, 0ms", "operator": "system", "plugin": "fail-test", "engagement_id": "TEST-001", "previous_hash": "94f833e7a01c54cd", "hash": "f790b78cb1eba098"}
{"timestamp": "2026-02-21T07:58:54.981867+00:00", "level": "INFO", "action": "ROE_VALIDATED", "details": "RoE TEST-001 validated successfully", "operator": "system", "plugin": "", "engagement_id": "TEST-001", "previous_hash": "f790b78cb1eba098", "hash": "e69b709cff6a56bc"}
{"timestamp": "2026-02-21T07:58:54.981867+00:00", "level": "INFO", "action": "ENGAGEMENT_LOADED", "details": "RoE validated, authorizer: Test Admin", "operator": "system", "plugin": "", "engagement_id": "TEST-001", "previous_hash": "e69b709cff6a56bc", "hash": "5f36ca5732b2666c"}
{"timestamp": "2026-02-21T07:58:54.981867+00:00", "level": "INFO", "action": "ENGAGEMENT_SHUTDOWN", "details": "", "operator": "system", "plugin": "", "engagement_id": "TEST-001", "previous_hash": "5f36ca5732b2666c", "hash": "15dbd6b3cce8e3bb"}
{"timestamp": "2026-02-21T07:58:54.982867+00:00", "level": "WARN", "action": "ACTIVATION_FAILED", "details": "No engagement loaded", "operator": "system", "plugin": "", "engagement_id": "", "previous_hash": "15dbd6b3cce8e3bb", "hash": "88bb61db93f1bc4d"}
{"timestamp": "2026-02-21T07:58:54.985867+00:00", "level": "INFO", "action": "ROE_VALIDATED", "details": "RoE TEST-001 validated successfully", "operator": "system", "plugin": "", "engagement_id": "TEST-001", "previous_hash": "88bb61db93f1bc4d", "hash": "c8df52455d0b0961"}
{"timestamp": "2026-02-21T07:58:54.985867+00:00", "level": "INFO", "action": "ENGAGEMENT_LOADED", "details": "RoE validated, authorizer: Test Admin", "operator": "system", "plugin": "", "engagement_id": "TEST-001", "previous_hash": "c8df52455d0b0961", "hash": "39087efa3080a401"}
{"timestamp": "2026-02-21T07:58:54.990355+00:00", "level": "INFO", "action": "ASYNC_PLUGIN_EXECUTE", "details": "Async executing: active-test", "operator": "system", "plugin": "active-test", "engagement_id": "ASYNC-001", "previous_hash": "39087efa3080a401", "hash": "0606d0163b05dcaf"}
{"timestamp": "2026-02-21T07:58:54.990355+00:00", "level": "INFO", "action": "ASYNC_PLUGIN_COMPLETE", "details": "active-test: success=True, findings=0, 0ms", "operator": "system", "plugin": "active-test", "engagement_id": "ASYNC-001", "previous_hash": "0606d0163b05dcaf", "hash": "55d07e699909cb52"}
{"timestamp": "2026-02-21T07:58:54.990355+00:00", "level": "INFO", "action": "ASYNC_PLUGIN_EXECUTE", "details": "Async executing: destructive-test", "operator": "system", "plugin": "destructive-test", "engagement_id": "ASYNC-001", "previous_hash": "55d07e699909cb52", "hash": "7071d9e6081c0e7f"}
{"timestamp": "2026-02-21T07:58:54.990355+00:00", "level": "INFO", "action": "ASYNC_PLUGIN_COMPLETE", "details": "destructive-test: success=True, findings=0, 0ms", "operator": "system", "plugin": "destructive-test", "engagement_id": "ASYNC-001", "previous_hash": "7071d9e6081c0e7f", "hash": "2ac06db3b7da3a51"}
{"timestamp": "2026-02-21T07:58:55.000479+00:00", "level": "INFO", "action": "ASYNC_PLUGIN_DRY_RUN", "details": "Async dry run: async-stub", "operator": "system", "plugin": "async-stub", "engagement_id": "ASYNC-001", "previous_hash": "2ac06db3b7da3a51", "hash": "2912ccbad07a302e"}
{"timestamp": "2026-02-21T07:58:55.000479+00:00", "level": "INFO", "action": "ASYNC_PLUGIN_EXECUTE", "details": "Async executing: async-stub", "operator": "system", "plugin": "async-stub", "engagement_id": "ASYNC-001", "previous_hash": "2912ccbad07a302e", "hash": "f8c3377c76865718"}
{"timestamp": "2026-02-21T07:58:55.019534+00:00", "level": "INFO", "action": "ASYNC_PLUGIN_COMPLETE", "details": "async-stub: success=True, findings=0, 15ms", "operator": "system", "plugin": "async-stub", "engagement_id": "ASYNC-001", "previous_hash": "f8c3377c76865718", "hash": "16ad48ef0ab0e734"}
{"timestamp": "2026-02-21T07:58:55.021989+00:00", "level": "INFO", "action": "ASYNC_PLUGIN_EXECUTE", "details": "Async executing: slow-test", "operator": "system", "plugin": "slow-test", "engagement_id": "ASYNC-001", "previous_hash": "16ad48ef0ab0e734", "hash": "0e6e6309a9196d08"}
{"timestamp": "2026-02-21T07:58:56.032914+00:00", "level": "INFO", "action": "ASYNC_PLUGIN_EXECUTE", "details": "Async executing: active-test", "operator": "system", "plugin": "active-test", "engagement_id": "ASYNC-001", "previous_hash": "0e6e6309a9196d08", "hash": "a8a7bc2feb3cb7f3"}
{"timestamp": "2026-02-21T07:58:56.032914+00:00", "level": "INFO", "action": "ASYNC_PLUGIN_COMPLETE", "details": "active-test: success=True, findings=0, 0ms", "operator": "system", "plugin": "active-test", "engagement_id": "ASYNC-001", "previous_hash": "a8a7bc2feb3cb7f3", "hash": "cadaa14802620de6"}
{"timestamp": "2026-02-21T07:58:56.054577+00:00", "level": "INFO", "action": "ROE_VALIDATED", "details": "RoE TEST-001 validated successfully", "operator": "system", "plugin": "", "engagement_id": "TEST-001", "previous_hash": "cadaa14802620de6", "hash": "1d527f9ebfbbe917"}
{"timestamp": "2026-02-21T07:58:56.077748+00:00", "level": "WARN", "action": "POLICY_DENIED", "details": "test-plugin: RoE has not been validated", "operator": "system", "plugin": "", "engagement_id": "", "previous_hash": "1d527f9ebfbbe917", "hash": "78597cf4bdde5473"}
{"timestamp": "2026-02-21T07:58:56.110400+00:00", "level": "INFO", "action": "ACTIVATION_CODE_SET", "details": "New activation code configured", "operator": "system", "plugin": "", "engagement_id": "", "previous_hash": "78597cf4bdde5473", "hash": "9c7c6f6d05b94839"}
{"timestamp": "2026-02-21T08:00:09.220023+00:00", "level": "INFO", "action": "ACTIVATION_CODE_SET", "details": "New activation code configured", "operator": "system", "plugin": "", "engagement_id": "", "previous_hash": "9c7c6f6d05b94839", "hash": "f61bd91ea6c279d5"}
{"timestamp": "2026-02-21T08:00:09.290777+00:00", "level": "INFO", "action": "ACTIVATION_CODE_SET", "details": "New activation code configured", "operator": "system", "plugin": "", "engagement_id": "", "previous_hash": "f61bd91ea6c279d5", "hash": "99f830add818aa44"}
{"timestamp": "2026-02-21T08:00:09.331954+00:00", "level": "WARN", "action": "ACTIVATION_SET_FAILED", "details": "Code must contain letters, digits, and special characters", "operator": "system", "plugin": "", "engagement_id": "", "previous_hash": "99f830add818aa44", "hash": "6b7a648474ac148a"}
{"timestamp": "2026-02-21T08:00:09.332954+00:00", "level": "WARN", "action": "ACTIVATION_SET_FAILED", "details": "Code must contain letters, digits, and special characters", "operator": "system", "plugin": "", "engagement_id": "", "previous_hash": "6b7a648474ac148a", "hash": "5b3339210c08913f"}
{"timestamp": "2026-02-21T08:00:09.335455+00:00", "level": "WARN", "action": "ACTIVATION_SET_FAILED", "details": "Code must contain letters, digits, and special characters", "operator": "system", "plugin": "", "engagement_id": "", "previous_hash": "5b3339210c08913f", "hash": "910259728e838989"}
{"timestamp": "2026-02-21T08:00:09.336455+00:00", "level": "WARN", "action": "ACTIVATION_SET_FAILED", "details": "Code too short \u2014 minimum 8 characters required", "operator": "system", "plugin": "", "engagement_id": "", "previous_hash": "910259728e838989", "hash": "0dc413de1b5a1258"}
{"timestamp": "2026-02-21T08:00:09.364775+00:00", "level": "INFO", "action": "ACTIVATION_CODE_SET", "details": "New activation code configured", "operator": "system", "plugin": "", "engagement_id": "", "previous_hash": "0dc413de1b5a1258", "hash": "d4f0860751730a34"}
{"timestamp": "2026-02-21T08:00:09.364775+00:00", "level": "INFO", "action": "ACTIVATION_CODE_CLEARED", "details": "Activation code removed", "operator": "system", "plugin": "", "engagement_id": "", "previous_hash": "d4f0860751730a34", "hash": "725360ba49b74f27"}
{"timestamp": "2026-02-21T08:00:09.399633+00:00", "level": "INFO", "action": "ACTIVATION_CODE_SET", "details": "New activation code configured", "operator": "system", "plugin": "", "engagement_id": "", "previous_hash": "725360ba49b74f27", "hash": "7c50fa316b1ef6e5"}
{"timestamp": "2026-02-21T08:00:09.441143+00:00", "level": "INFO", "action": "ACTIVATION_CODE_SET", "details": "New activation code configured", "operator": "system", "plugin": "", "engagement_id": "", "previous_hash": "7c50fa316b1ef6e5", "hash": "50110dfd9eb1d13b"}
{"timestamp": "2026-02-21T08:00:09.449627+00:00", "level": "INFO", "action": "ENGAGEMENT_INIT", "details": "Created engagement: ENG-001", "operator": "system", "plugin": "", "engagement_id": "", "previous_hash": "50110dfd9eb1d13b", "hash": "8e298f3af8e84509"}
{"timestamp": "2026-02-21T08:00:09.449627+00:00", "level": "INFO", "action": "ENGAGEMENT_INIT", "details": "Created engagement: TMPL", "operator": "system", "plugin": "", "engagement_id": "", "previous_hash": "8e298f3af8e84509", "hash": "b5dea42bd364c8a5"}
{"timestamp": "2026-02-21T08:05:57.615360+00:00", "level": "INFO", "action": "ROE_VALIDATED", "details": "RoE TEST-001 validated successfully", "operator": "system", "plugin": "", "engagement_id": "TEST-001", "previous_hash": "b5dea42bd364c8a5", "hash": "41ecc89632d7960c"}
{"timestamp": "2026-02-21T08:05:57.615360+00:00", "level": "INFO", "action": "ENGAGEMENT_LOADED", "details": "RoE validated, authorizer: Test Admin", "operator": "system", "plugin": "", "engagement_id": "TEST-001", "previous_hash": "41ecc89632d7960c", "hash": "225ea7670340c187"}
{"timestamp": "2026-02-21T08:05:57.618277+00:00", "level": "ERROR", "action": "ENGAGEMENT_LOAD_FAILED", "details": "Missing required RoE fields: authorizer, authorized_targets, allowed_tests, start_time_utc, end_time_utc", "operator": "system", "plugin": "", "engagement_id": "", "previous_hash": "225ea7670340c187", "hash": "5f12ea8feff2049e"}
{"timestamp": "2026-02-21T08:05:57.623734+00:00", "level": "ERROR", "action": "ENGAGEMENT_LOAD_FAILED", "details": "RoE has expired (end_time: 2026-02-20T08:05:57+00:00)", "operator": "system", "plugin": "", "engagement_id": "", "previous_hash": "5f12ea8feff2049e", "hash": "6bb58c00a8203f30"}
{"timestamp": "2026-02-21T08:05:57.623734+00:00", "level": "ERROR", "action": "ENGAGEMENT_LOAD_FAILED", "details": "RoE file not found: \\nonexistent\\roe.yaml", "operator": "system", "plugin": "", "engagement_id": "", "previous_hash": "6bb58c00a8203f30", "hash": "89d6d2842829d06b"}
{"timestamp": "2026-02-21T08:05:57.630471+00:00", "level": "INFO", "action": "ROE_VALIDATED", "details": "RoE TEST-001 validated successfully", "operator": "system", "plugin": "", "engagement_id": "TEST-001", "previous_hash": "89d6d2842829d06b", "hash": "c4c13cdfc92a3a40"}
{"timestamp": "2026-02-21T08:05:57.630471+00:00", "level": "INFO", "action": "ENGAGEMENT_LOADED", "details": "RoE validated, authorizer: Test Admin", "operator": "system", "plugin": "", "engagement_id": "TEST-001", "previous_hash": "c4c13cdfc92a3a40", "hash": "37c1f31cc5a1d7d7"}
{"timestamp": "2026-02-21T08:05:57.630471+00:00", "level": "INFO", "action": "PLUGIN_DRY_RUN", "details": "Dry run: stub-test", "operator": "system", "plugin": "stub-test", "engagement_id": "TEST-001", "previous_hash": "37c1f31cc5a1d7d7", "hash": "6ed8755da03509e4"}
{"timestamp": "2026-02-21T08:05:57.644434+00:00", "level": "INFO", "action": "ROE_VALIDATED", "details": "RoE TEST-001 validated successfully", "operator": "system", "plugin": "", "engagement_id": "TEST-001", "previous_hash": "6ed8755da03509e4", "hash": "ec1542048a34fc68"}
{"timestamp": "2026-02-21T08:05:57.644434+00:00", "level": "INFO", "action": "ENGAGEMENT_LOADED", "details": "RoE validated, authorizer: Test Admin", "operator": "system", "plugin": "", "engagement_id": "TEST-001", "previous_hash": "ec1542048a34fc68", "hash": "4fdf11207732255c"}
{"timestamp": "2026-02-21T08:05:57.647436+00:00", "level": "INFO", "action": "ROE_VALIDATED", "details": "RoE TEST-001 validated successfully", "operator": "system", "plugin": "", "engagement_id": "TEST-001", "previous_hash": "4fdf11207732255c", "hash": "b7c3814d08bd3d6e"}
{"timestamp": "2026-02-21T08:05:57.647436+00:00", "level": "INFO", "action": "ENGAGEMENT_LOADED", "details": "RoE validated, authorizer: Test Admin", "operator": "system", "plugin": "", "engagement_id": "TEST-001", "previous_hash": "b7c3814d08bd3d6e", "hash": "492b0674cedce7c1"}
{"timestamp": "2026-02-21T08:05:57.647436+00:00", "level": "INFO", "action": "PLUGIN_EXECUTE", "details": "Executing: stub-test", "operator": "system", "plugin": "stub-test", "engagement_id": "TEST-001", "previous_hash": "492b0674cedce7c1", "hash": "12e6a6d3de4b2c04"}
{"timestamp": "2026-02-21T08:05:57.647436+00:00", "level": "INFO", "action": "PLUGIN_COMPLETE", "details": "stub-test: success=True, findings=1, 0ms", "operator": "system", "plugin": "stub-test", "engagement_id": "TEST-001", "previous_hash": "12e6a6d3de4b2c04", "hash": "89e3456d1f459b54"}
{"timestamp": "2026-02-21T08:05:57.650185+00:00", "level": "INFO", "action": "ROE_VALIDATED", "details": "RoE TEST-001 validated successfully", "operator": "system", "plugin": "", "engagement_id": "TEST-001", "previous_hash": "89e3456d1f459b54", "hash": "b00c202b03be0876"}
{"timestamp": "2026-02-21T08:05:57.650185+00:00", "level": "INFO", "action": "ENGAGEMENT_LOADED", "details": "RoE validated, authorizer: Test Admin", "operator": "system", "plugin": "", "engagement_id": "TEST-001", "previous_hash": "b00c202b03be0876", "hash": "dd1ace2785c65b9e"}
{"timestamp": "2026-02-21T08:05:57.651381+00:00", "level": "INFO", "action": "PLUGIN_EXECUTE", "details": "Executing: fail-test", "operator": "system", "plugin": "fail-test", "engagement_id": "TEST-001", "previous_hash": "dd1ace2785c65b9e", "hash": "afe4c6e9717581da"}
{"timestamp": "2026-02-21T08:05:57.651381+00:00", "level": "INFO", "action": "PLUGIN_COMPLETE", "details": "fail-test: success=False, findings=0, 0ms", "operator": "system", "plugin": "fail-test", "engagement_id": "TEST-001", "previous_hash": "afe4c6e9717581da", "hash": "4a0e6e8371309750"}
{"timestamp": "2026-02-21T08:05:57.653381+00:00", "level": "INFO", "action": "ROE_VALIDATED", "details": "RoE TEST-001 validated successfully", "operator": "system", "plugin": "", "engagement_id": "TEST-001", "previous_hash": "4a0e6e8371309750", "hash": "6d7a44083a14498a"}
{"timestamp": "2026-02-21T08:05:57.654381+00:00", "level": "INFO", "action": "ENGAGEMENT_LOADED", "details": "RoE validated, authorizer: Test Admin", "operator": "system", "plugin": "", "engagement_id": "TEST-001", "previous_hash": "6d7a44083a14498a", "hash": "1d268c397ea64ee7"}
{"timestamp": "2026-02-21T08:05:57.654381+00:00", "level": "INFO", "action": "ENGAGEMENT_SHUTDOWN", "details": "", "operator": "system", "plugin": "", "engagement_id": "TEST-001", "previous_hash": "1d268c397ea64ee7", "hash": "f8b4a4e641193dda"}
{"timestamp": "2026-02-21T08:05:57.655113+00:00", "level": "WARN", "action": "ACTIVATION_FAILED", "details": "No engagement loaded", "operator": "system", "plugin": "", "engagement_id": "", "previous_hash": "f8b4a4e641193dda", "hash": "4471dffd449dc840"}
{"timestamp": "2026-02-21T08:05:57.655113+00:00", "level": "INFO", "action": "ROE_VALIDATED", "details": "RoE TEST-001 validated successfully", "operator": "system", "plugin": "", "engagement_id": "TEST-001", "previous_hash": "4471dffd449dc840", "hash": "20ed8bd913c55a75"}
{"timestamp": "2026-02-21T08:05:57.655113+00:00", "level": "INFO", "action": "ENGAGEMENT_LOADED", "details": "RoE validated, authorizer: Test Admin", "operator": "system", "plugin": "", "engagement_id": "TEST-001", "previous_hash": "20ed8bd913c55a75", "hash": "150aadf8dbc69dea"}
{"timestamp": "2026-02-21T08:05:57.668487+00:00", "level": "INFO", "action": "ASYNC_PLUGIN_EXECUTE", "details": "Async executing: active-test", "operator": "system", "plugin": "active-test", "engagement_id": "ASYNC-001", "previous_hash": "150aadf8dbc69dea", "hash": "ac371dfe6a3eee8a"}
{"timestamp": "2026-02-21T08:05:57.669487+00:00", "level": "INFO", "action": "ASYNC_PLUGIN_COMPLETE", "details": "active-test: success=True, findings=0, 0ms", "operator": "system", "plugin": "active-test", "engagement_id": "ASYNC-001", "previous_hash": "ac371dfe6a3eee8a", "hash": "aaf72304417dc2a2"}
{"timestamp": "2026-02-21T08:05:57.696279+00:00", "level": "INFO", "action": "ASYNC_PLUGIN_EXECUTE", "details": "Async executing: destructive-test", "operator": "system", "plugin": "destructive-test", "engagement_id": "ASYNC-001", "previous_hash": "aaf72304417dc2a2", "hash": "00333dc1590508b5"}
{"timestamp": "2026-02-21T08:05:57.697279+00:00", "level": "INFO", "action": "ASYNC_PLUGIN_COMPLETE", "details": "destructive-test: success=True, findings=0, 0ms", "operator": "system", "plugin": "destructive-test", "engagement_id": "ASYNC-001", "previous_hash": "00333dc1590508b5", "hash": "f5dee760f1662c09"}
{"timestamp": "2026-02-21T08:05:57.698279+00:00", "level": "INFO", "action": "ASYNC_PLUGIN_DRY_RUN", "details": "Async dry run: async-stub", "operator": "system", "plugin": "async-stub", "engagement_id": "ASYNC-001", "previous_hash": "f5dee760f1662c09", "hash": "0441ea4f384a6345"}
{"timestamp": "2026-02-21T08:05:57.699279+00:00", "level": "INFO", "action": "ASYNC_PLUGIN_EXECUTE", "details": "Async executing: async-stub", "operator": "system", "plugin": "async-stub", "engagement_id": "ASYNC-001", "previous_hash": "0441ea4f384a6345", "hash": "fbd613435e5cf252"}
{"timestamp": "2026-02-21T08:05:57.715358+00:00", "level": "INFO", "action": "ASYNC_PLUGIN_COMPLETE", "details": "async-stub: success=True, findings=0, 15ms", "operator": "system", "plugin": "async-stub", "engagement_id": "ASYNC-001", "previous_hash": "fbd613435e5cf252", "hash": "3cb1f4d7d4243638"}
{"timestamp": "2026-02-21T08:05:57.715358+00:00", "level": "INFO", "action": "ASYNC_PLUGIN_EXECUTE", "details": "Async executing: slow-test", "operator": "system", "plugin": "slow-test", "engagement_id": "ASYNC-001", "previous_hash": "3cb1f4d7d4243638", "hash": "57dd26a8d86551a3"}
{"timestamp": "2026-02-21T08:05:58.732529+00:00", "level": "INFO", "action": "ASYNC_PLUGIN_EXECUTE", "details": "Async executing: active-test", "operator": "system", "plugin": "active-test", "engagement_id": "ASYNC-001", "previous_hash": "57dd26a8d86551a3", "hash": "a3f87ad9478acfd6"}
{"timestamp": "2026-02-21T08:05:58.733533+00:00", "level": "INFO", "action": "ASYNC_PLUGIN_COMPLETE", "details": "active-test: success=True, findings=0, 0ms", "operator": "system", "plugin": "active-test", "engagement_id": "ASYNC-001", "previous_hash": "a3f87ad9478acfd6", "hash": "cfc3f47424155043"}
{"timestamp": "2026-02-21T08:05:58.764038+00:00", "level": "INFO", "action": "ROE_VALIDATED", "details": "RoE TEST-001 validated successfully", "operator": "system", "plugin": "", "engagement_id": "TEST-001", "previous_hash": "cfc3f47424155043", "hash": "37f013451d614c3e"}
{"timestamp": "2026-02-21T08:05:58.781174+00:00", "level": "WARN", "action": "POLICY_DENIED", "details": "test-plugin: RoE has not been validated", "operator": "system", "plugin": "", "engagement_id": "", "previous_hash": "37f013451d614c3e", "hash": "2d649a0dba3d6fa0"}
{"timestamp": "2026-02-21T08:05:58.807891+00:00", "level": "INFO", "action": "ACTIVATION_CODE_SET", "details": "New activation code configured", "operator": "system", "plugin": "", "engagement_id": "", "previous_hash": "2d649a0dba3d6fa0", "hash": "60ba25ad2c8480b3"}
{"timestamp": "2026-02-21T08:09:51.411469+00:00", "level": "INFO", "action": "ACTIVATION_CODE_SET", "details": "New activation code configured", "operator": "system", "plugin": "", "engagement_id": "", "previous_hash": "60ba25ad2c8480b3", "hash": "87acacc3b57d9b64"}
{"timestamp": "2026-02-21T08:09:51.470158+00:00", "level": "INFO", "action": "ACTIVATION_CODE_SET", "details": "New activation code configured", "operator": "system", "plugin": "", "engagement_id": "", "previous_hash": "87acacc3b57d9b64", "hash": "d7ca9d21973c79c4"}
{"timestamp": "2026-02-21T08:09:51.522880+00:00", "level": "WARN", "action": "ACTIVATION_SET_FAILED", "details": "Code must contain letters, digits, and special characters", "operator": "system", "plugin": "", "engagement_id": "", "previous_hash": "d7ca9d21973c79c4", "hash": "e395bdd4b3e3ef3d"}
{"timestamp": "2026-02-21T08:09:51.524881+00:00", "level": "WARN", "action": "ACTIVATION_SET_FAILED", "details": "Code must contain letters, digits, and special characters", "operator": "system", "plugin": "", "engagement_id": "", "previous_hash": "e395bdd4b3e3ef3d", "hash": "dc8a7840f5378864"}
{"timestamp": "2026-02-21T08:09:51.525881+00:00", "level": "WARN", "action": "ACTIVATION_SET_FAILED", "details": "Code must contain letters, digits, and special characters", "operator": "system", "plugin": "", "engagement_id": "", "previous_hash": "dc8a7840f5378864", "hash": "afba07ea29b8513d"}
{"timestamp": "2026-02-21T08:09:51.527881+00:00", "level": "WARN", "action": "ACTIVATION_SET_FAILED", "details": "Code too short \u2014 minimum 8 characters required", "operator": "system", "plugin": "", "engagement_id": "", "previous_hash": "afba07ea29b8513d", "hash": "1fce378f5c19f9ab"}
{"timestamp": "2026-02-21T08:09:51.559853+00:00", "level": "INFO", "action": "ACTIVATION_CODE_SET", "details": "New activation code configured", "operator": "system", "plugin": "", "engagement_id": "", "previous_hash": "1fce378f5c19f9ab", "hash": "e5c18ffe04c77d1d"}
{"timestamp": "2026-02-21T08:09:51.560579+00:00", "level": "INFO", "action": "ACTIVATION_CODE_CLEARED", "details": "Activation code removed", "operator": "system", "plugin": "", "engagement_id": "", "previous_hash": "e5c18ffe04c77d1d", "hash": "c25a02456731e5d8"}
{"timestamp": "2026-02-21T08:09:51.585277+00:00", "level": "INFO", "action": "ACTIVATION_CODE_SET", "details": "New activation code configured", "operator": "system", "plugin": "", "engagement_id": "", "previous_hash": "c25a02456731e5d8", "hash": "72dcf7e97caeeb47"}
{"timestamp": "2026-02-21T08:09:51.620285+00:00", "level": "INFO", "action": "ACTIVATION_CODE_SET", "details": "New activation code configured", "operator": "system", "plugin": "", "engagement_id": "", "previous_hash": "72dcf7e97caeeb47", "hash": "ae57d3f9ae04350d"}
{"timestamp": "2026-02-21T08:09:51.635549+00:00", "level": "INFO", "action": "ENGAGEMENT_INIT", "details": "Created engagement: ENG-001", "operator": "system", "plugin": "", "engagement_id": "", "previous_hash": "ae57d3f9ae04350d", "hash": "f57aa6a570d3a584"}
{"timestamp": "2026-02-21T08:09:51.654569+00:00", "level": "INFO", "action": "ENGAGEMENT_INIT", "details": "Created engagement: TMPL", "operator": "system", "plugin": "", "engagement_id": "", "previous_hash": "f57aa6a570d3a584", "hash": "404becd904e847f5"}
{"timestamp": "2026-02-21T08:15:39.507768+00:00", "level": "INFO", "action": "ROE_VALIDATED", "details": "RoE TEST-001 validated successfully", "operator": "system", "plugin": "", "engagement_id": "TEST-001", "previous_hash": "404becd904e847f5", "hash": "c90be356aebb9d89"}
{"timestamp": "2026-02-21T08:15:39.507768+00:00", "level": "INFO", "action": "ENGAGEMENT_LOADED", "details": "RoE validated, authorizer: Test Admin", "operator": "system", "plugin": "", "engagement_id": "TEST-001", "previous_hash": "c90be356aebb9d89", "hash": "dbcb1bfbe6e45b4b"}
{"timestamp": "2026-02-21T08:15:39.510900+00:00", "level": "ERROR", "action": "ENGAGEMENT_LOAD_FAILED", "details": "Missing required RoE fields: authorizer, authorized_targets, allowed_tests, start_time_utc, end_time_utc", "operator": "system", "plugin": "", "engagement_id": "", "previous_hash": "dbcb1bfbe6e45b4b", "hash": "9e0221e247401c68"}
{"timestamp": "2026-02-21T08:15:39.519914+00:00", "level": "ERROR", "action": "ENGAGEMENT_LOAD_FAILED", "details": "RoE has expired (end_time: 2026-02-20T08:15:39+00:00)", "operator": "system", "plugin": "", "engagement_id": "", "previous_hash": "9e0221e247401c68", "hash": "45b498c4229584cc"}
{"timestamp": "2026-02-21T08:15:39.520599+00:00", "level": "ERROR", "action": "ENGAGEMENT_LOAD_FAILED", "details": "RoE file not found: \\nonexistent\\roe.yaml", "operator": "system", "plugin": "", "engagement_id": "", "previous_hash": "45b498c4229584cc", "hash": "58b92b4ba2a22621"}
{"timestamp": "2026-02-21T08:15:39.523813+00:00", "level": "INFO", "action": "ROE_VALIDATED", "details": "RoE TEST-001 validated successfully", "operator": "system", "plugin": "", "engagement_id": "TEST-001", "previous_hash": "58b92b4ba2a22621", "hash": "e25751463b3e731f"}
{"timestamp": "2026-02-21T08:15:39.523813+00:00", "level": "INFO", "action": "ENGAGEMENT_LOADED", "details": "RoE validated, authorizer: Test Admin", "operator": "system", "plugin": "", "engagement_id": "TEST-001", "previous_hash": "e25751463b3e731f", "hash": "551959def88b40d3"}
{"timestamp": "2026-02-21T08:15:39.523813+00:00", "level": "INFO", "action": "PLUGIN_DRY_RUN", "details": "Dry run: stub-test", "operator": "system", "plugin": "stub-test", "engagement_id": "TEST-001", "previous_hash": "551959def88b40d3", "hash": "45626215ae82a93c"}
{"timestamp": "2026-02-21T08:15:39.566836+00:00", "level": "INFO", "action": "ROE_VALIDATED", "details": "RoE TEST-001 validated successfully", "operator": "system", "plugin": "", "engagement_id": "TEST-001", "previous_hash": "45626215ae82a93c", "hash": "6a2d9e004900e18b"}
{"timestamp": "2026-02-21T08:15:39.567835+00:00", "level": "INFO", "action": "ENGAGEMENT_LOADED", "details": "RoE validated, authorizer: Test Admin", "operator": "system", "plugin": "", "engagement_id": "TEST-001", "previous_hash": "6a2d9e004900e18b", "hash": "ed94aef8cb557ec2"}
{"timestamp": "2026-02-21T08:15:39.570479+00:00", "level": "INFO", "action": "ROE_VALIDATED", "details": "RoE TEST-001 validated successfully", "operator": "system", "plugin": "", "engagement_id": "TEST-001", "previous_hash": "ed94aef8cb557ec2", "hash": "d027c6adb9af4eec"}
{"timestamp": "2026-02-21T08:15:39.570479+00:00", "level": "INFO", "action": "ENGAGEMENT_LOADED", "details": "RoE validated, authorizer: Test Admin", "operator": "system", "plugin": "", "engagement_id": "TEST-001", "previous_hash": "d027c6adb9af4eec", "hash": "ac268dc991d8fa45"}
{"timestamp": "2026-02-21T08:15:39.570479+00:00", "level": "INFO", "action": "PLUGIN_EXECUTE", "details": "Executing: stub-test", "operator": "system", "plugin": "stub-test", "engagement_id": "TEST-001", "previous_hash": "ac268dc991d8fa45", "hash": "97449db5747f9ace"}
{"timestamp": "2026-02-21T08:15:39.570479+00:00", "level": "INFO", "action": "PLUGIN_COMPLETE", "details": "stub-test: success=True, findings=1, 0ms", "operator": "system", "plugin": "stub-test", "engagement_id": "TEST-001", "previous_hash": "97449db5747f9ace", "hash": "0586a3a638694114"}
{"timestamp": "2026-02-21T08:15:39.572483+00:00", "level": "INFO", "action": "ROE_VALIDATED", "details": "RoE TEST-001 validated successfully", "operator": "system", "plugin": "", "engagement_id": "TEST-001", "previous_hash": "0586a3a638694114", "hash": "16ff20c8f5fb8e60"}
{"timestamp": "2026-02-21T08:15:39.572483+00:00", "level": "INFO", "action": "ENGAGEMENT_LOADED", "details": "RoE validated, authorizer: Test Admin", "operator": "system", "plugin": "", "engagement_id": "TEST-001", "previous_hash": "16ff20c8f5fb8e60", "hash": "4d44c901887cf45d"}
{"timestamp": "2026-02-21T08:15:39.572483+00:00", "level": "INFO", "action": "PLUGIN_EXECUTE", "details": "Executing: fail-test", "operator": "system", "plugin": "fail-test", "engagement_id": "TEST-001", "previous_hash": "4d44c901887cf45d", "hash": "2446fc94aaf2b8ef"}
{"timestamp": "2026-02-21T08:15:39.572483+00:00", "level": "INFO", "action": "PLUGIN_COMPLETE", "details": "fail-test: success=False, findings=0, 0ms", "operator": "system", "plugin": "fail-test", "engagement_id": "TEST-001", "previous_hash": "2446fc94aaf2b8ef", "hash": "8af5899a5495ae51"}
{"timestamp": "2026-02-21T08:15:39.572483+00:00", "level": "INFO", "action": "ROE_VALIDATED", "details": "RoE TEST-001 validated successfully", "operator": "system", "plugin": "", "engagement_id": "TEST-001", "previous_hash": "8af5899a5495ae51", "hash": "43bfc630acce651a"}
{"timestamp": "2026-02-21T08:15:39.572483+00:00", "level": "INFO", "action": "ENGAGEMENT_LOADED", "details": "RoE validated, authorizer: Test Admin", "operator": "system", "plugin": "", "engagement_id": "TEST-001", "previous_hash": "43bfc630acce651a", "hash": "39a446875d41f6bd"}
{"timestamp": "2026-02-21T08:15:39.572483+00:00", "level": "INFO", "action": "ENGAGEMENT_SHUTDOWN", "details": "", "operator": "system", "plugin": "", "engagement_id": "TEST-001", "previous_hash": "39a446875d41f6bd", "hash": "cc39e6bc3956bf21"}
{"timestamp": "2026-02-21T08:15:39.572483+00:00", "level": "WARN", "action": "ACTIVATION_FAILED", "details": "No engagement loaded", "operator": "system", "plugin": "", "engagement_id": "", "previous_hash": "cc39e6bc3956bf21", "hash": "162ccb6603635067"}
{"timestamp": "2026-02-21T08:15:39.572483+00:00", "level": "INFO", "action": "ROE_VALIDATED", "details": "RoE TEST-001 validated successfully", "operator": "system", "plugin": "", "engagement_id": "TEST-001", "previous_hash": "162ccb6603635067", "hash": "eeda568ffed8c093"}
{"timestamp": "2026-02-21T08:15:39.572483+00:00", "level": "INFO", "action": "ENGAGEMENT_LOADED", "details": "RoE validated, authorizer: Test Admin", "operator": "system", "plugin": "", "engagement_id": "TEST-001", "previous_hash": "eeda568ffed8c093", "hash": "53f750c48cc89e35"}
{"timestamp": "2026-02-21T08:15:39.591499+00:00", "level": "INFO", "action": "ASYNC_PLUGIN_EXECUTE", "details": "Async executing: active-test", "operator": "system", "plugin": "active-test", "engagement_id": "ASYNC-001", "previous_hash": "53f750c48cc89e35", "hash": "407ef79bdb35cee9"}
{"timestamp": "2026-02-21T08:15:39.591499+00:00", "level": "INFO", "action": "ASYNC_PLUGIN_COMPLETE", "details": "active-test: success=True, findings=0, 0ms", "operator": "system", "plugin": "active-test", "engagement_id": "ASYNC-001", "previous_hash": "407ef79bdb35cee9", "hash": "261ee64c33f5b606"}
{"timestamp": "2026-02-21T08:15:39.593503+00:00", "level": "INFO", "action": "ASYNC_PLUGIN_EXECUTE", "details": "Async executing: destructive-test", "operator": "system", "plugin": "destructive-test", "engagement_id": "ASYNC-001", "previous_hash": "261ee64c33f5b606", "hash": "56941f08b9de62b6"}
{"timestamp": "2026-02-21T08:15:39.595507+00:00", "level": "INFO", "action": "ASYNC_PLUGIN_COMPLETE", "details": "destructive-test: success=True, findings=0, 0ms", "operator": "system", "plugin": "destructive-test", "engagement_id": "ASYNC-001", "previous_hash": "56941f08b9de62b6", "hash": "f61430f87f29ab2a"}
{"timestamp": "2026-02-21T08:15:39.595507+00:00", "level": "INFO", "action": "ASYNC_PLUGIN_DRY_RUN", "details": "Async dry run: async-stub", "operator": "system", "plugin": "async-stub", "engagement_id": "ASYNC-001", "previous_hash": "f61430f87f29ab2a", "hash": "513415f628f6e28a"}
{"timestamp": "2026-02-21T08:15:39.597512+00:00", "level": "INFO", "action": "ASYNC_PLUGIN_EXECUTE", "details": "Async executing: async-stub", "operator": "system", "plugin": "async-stub", "engagement_id": "ASYNC-001", "previous_hash": "513415f628f6e28a", "hash": "5ae9e36c1e998d34"}
{"timestamp": "2026-02-21T08:15:39.610486+00:00", "level": "INFO", "action": "ASYNC_PLUGIN_COMPLETE", "details": "async-stub: success=True, findings=0, 15ms", "operator": "system", "plugin": "async-stub", "engagement_id": "ASYNC-001", "previous_hash": "5ae9e36c1e998d34", "hash": "0154d6ecba02ebaa"}
{"timestamp": "2026-02-21T08:15:39.612048+00:00", "level": "INFO", "action": "ASYNC_PLUGIN_EXECUTE", "details": "Async executing: slow-test", "operator": "system", "plugin": "slow-test", "engagement_id": "ASYNC-001", "previous_hash": "0154d6ecba02ebaa", "hash": "e59f3a3efb785f20"}
{"timestamp": "2026-02-21T08:15:40.623656+00:00", "level": "INFO", "action": "ASYNC_PLUGIN_EXECUTE", "details": "Async executing: active-test", "operator": "system", "plugin": "active-test", "engagement_id": "ASYNC-001", "previous_hash": "e59f3a3efb785f20", "hash": "42db7865c43bb5ff"}
{"timestamp": "2026-02-21T08:15:40.624656+00:00", "level": "INFO", "action": "ASYNC_PLUGIN_COMPLETE", "details": "active-test: success=True, findings=0, 0ms", "operator": "system", "plugin": "active-test", "engagement_id": "ASYNC-001", "previous_hash": "42db7865c43bb5ff", "hash": "4899e0bfc1206ace"}
{"timestamp": "2026-02-21T08:15:40.648397+00:00", "level": "INFO", "action": "ROE_VALIDATED", "details": "RoE TEST-001 validated successfully", "operator": "system", "plugin": "", "engagement_id": "TEST-001", "previous_hash": "4899e0bfc1206ace", "hash": "9878ef0721470477"}
{"timestamp": "2026-02-21T08:15:40.660278+00:00", "level": "WARN", "action": "POLICY_DENIED", "details": "test-plugin: RoE has not been validated", "operator": "system", "plugin": "", "engagement_id": "", "previous_hash": "9878ef0721470477", "hash": "95aea4066bbf447c"}
{"timestamp": "2026-02-21T08:15:40.695730+00:00", "level": "INFO", "action": "ACTIVATION_CODE_SET", "details": "New activation code configured", "operator": "system", "plugin": "", "engagement_id": "", "previous_hash": "95aea4066bbf447c", "hash": "8da5139c296f4e4c"}
{"timestamp": "2026-02-21T08:25:03.867201+00:00", "level": "INFO", "action": "ACTIVATION_CODE_SET", "details": "New activation code configured", "operator": "system", "plugin": "", "engagement_id": "", "previous_hash": "8da5139c296f4e4c", "hash": "cd9874b7f2fdce4e"}
{"timestamp": "2026-02-21T08:25:03.947776+00:00", "level": "INFO", "action": "ACTIVATION_CODE_SET", "details": "New activation code configured", "operator": "system", "plugin": "", "engagement_id": "", "previous_hash": "cd9874b7f2fdce4e", "hash": "1694114f0a1b3136"}
{"timestamp": "2026-02-21T08:25:04.012514+00:00", "level": "WARN", "action": "ACTIVATION_SET_FAILED", "details": "Code must contain letters, digits, and special characters", "operator": "system", "plugin": "", "engagement_id": "", "previous_hash": "1694114f0a1b3136", "hash": "dc25d1f043256deb"}
{"timestamp": "2026-02-21T08:25:04.015514+00:00", "level": "WARN", "action": "ACTIVATION_SET_FAILED", "details": "Code must contain letters, digits, and special characters", "operator": "system", "plugin": "", "engagement_id": "", "previous_hash": "dc25d1f043256deb", "hash": "b8c38a317109d918"}
{"timestamp": "2026-02-21T08:25:04.018515+00:00", "level": "WARN", "action": "ACTIVATION_SET_FAILED", "details": "Code must contain letters, digits, and special characters", "operator": "system", "plugin": "", "engagement_id": "", "previous_hash": "b8c38a317109d918", "hash": "b30e7d5788d6f5a6"}
{"timestamp": "2026-02-21T08:25:04.020514+00:00", "level": "WARN", "action": "ACTIVATION_SET_FAILED", "details": "Code too short \u2014 minimum 8 characters required", "operator": "system", "plugin": "", "engagement_id": "", "previous_hash": "b30e7d5788d6f5a6", "hash": "614e742ef8fdb1dc"}
{"timestamp": "2026-02-21T08:25:04.081316+00:00", "level": "INFO", "action": "ACTIVATION_CODE_SET", "details": "New activation code configured", "operator": "system", "plugin": "", "engagement_id": "", "previous_hash": "614e742ef8fdb1dc", "hash": "bb0daa5508933943"}
{"timestamp": "2026-02-21T08:25:04.081316+00:00", "level": "INFO", "action": "ACTIVATION_CODE_CLEARED", "details": "Activation code removed", "operator": "system", "plugin": "", "engagement_id": "", "previous_hash": "bb0daa5508933943", "hash": "c415996669214843"}
{"timestamp": "2026-02-21T08:25:04.126429+00:00", "level": "INFO", "action": "ACTIVATION_CODE_SET", "details": "New activation code configured", "operator": "system", "plugin": "", "engagement_id": "", "previous_hash": "c415996669214843", "hash": "95e52322c522eb47"}
{"timestamp": "2026-02-21T08:25:04.173213+00:00", "level": "INFO", "action": "ACTIVATION_CODE_SET", "details": "New activation code configured", "operator": "system", "plugin": "", "engagement_id": "", "previous_hash": "95e52322c522eb47", "hash": "4afb9b882c2a075e"}
{"timestamp": "2026-02-21T08:25:04.193106+00:00", "level": "INFO", "action": "ENGAGEMENT_INIT", "details": "Created engagement: ENG-001", "operator": "system", "plugin": "", "engagement_id": "", "previous_hash": "4afb9b882c2a075e", "hash": "fd8fea1087e62e4f"}
{"timestamp": "2026-02-21T08:25:04.202143+00:00", "level": "INFO", "action": "ENGAGEMENT_INIT", "details": "Created engagement: TMPL", "operator": "system", "plugin": "", "engagement_id": "", "previous_hash": "fd8fea1087e62e4f", "hash": "9fa9f9c0161b269f"}
{"timestamp": "2026-02-21T08:30:51.797200+00:00", "level": "INFO", "action": "ROE_VALIDATED", "details": "RoE TEST-001 validated successfully", "operator": "system", "plugin": "", "engagement_id": "TEST-001", "previous_hash": "9fa9f9c0161b269f", "hash": "9ba515625caeca60"}
{"timestamp": "2026-02-21T08:30:51.797200+00:00", "level": "INFO", "action": "ENGAGEMENT_LOADED", "details": "RoE validated, authorizer: Test Admin", "operator": "system", "plugin": "", "engagement_id": "TEST-001", "previous_hash": "9ba515625caeca60", "hash": "7b8989e6c5172f72"}
{"timestamp": "2026-02-21T08:30:51.797200+00:00", "level": "ERROR", "action": "ENGAGEMENT_LOAD_FAILED", "details": "Missing required RoE fields: authorizer, authorized_targets, allowed_tests, start_time_utc, end_time_utc", "operator": "system", "plugin": "", "engagement_id": "", "previous_hash": "7b8989e6c5172f72", "hash": "772c9c4280140fc8"}
{"timestamp": "2026-02-21T08:30:51.806533+00:00", "level": "ERROR", "action": "ENGAGEMENT_LOAD_FAILED", "details": "RoE has expired (end_time: 2026-02-20T08:30:51+00:00)", "operator": "system", "plugin": "", "engagement_id": "", "previous_hash": "772c9c4280140fc8", "hash": "e311df44f1f2f352"}
{"timestamp": "2026-02-21T08:30:51.806533+00:00", "level": "ERROR", "action": "ENGAGEMENT_LOAD_FAILED", "details": "RoE file not found: \\nonexistent\\roe.yaml", "operator": "system", "plugin": "", "engagement_id": "", "previous_hash": "e311df44f1f2f352", "hash": "6493ad9d1fd3fe1b"}
{"timestamp": "2026-02-21T08:30:51.813774+00:00", "level": "INFO", "action": "ROE_VALIDATED", "details": "RoE TEST-001 validated successfully", "operator": "system", "plugin": "", "engagement_id": "TEST-001", "previous_hash": "6493ad9d1fd3fe1b", "hash": "8bf716e43d4fa172"}
{"timestamp": "2026-02-21T08:30:51.813774+00:00", "level": "INFO", "action": "ENGAGEMENT_LOADED", "details": "RoE validated, authorizer: Test Admin", "operator": "system", "plugin": "", "engagement_id": "TEST-001", "previous_hash": "8bf716e43d4fa172", "hash": "47acceeefbfb90df"}
{"timestamp": "2026-02-21T08:30:51.813774+00:00", "level": "INFO", "action": "PLUGIN_DRY_RUN", "details": "Dry run: stub-test", "operator": "system", "plugin": "stub-test", "engagement_id": "TEST-001", "previous_hash": "47acceeefbfb90df", "hash": "076fde471e8646cd"}
{"timestamp": "2026-02-21T08:30:51.827110+00:00", "level": "INFO", "action": "ROE_VALIDATED", "details": "RoE TEST-001 validated successfully", "operator": "system", "plugin": "", "engagement_id": "TEST-001", "previous_hash": "076fde471e8646cd", "hash": "b4acc5b5a1ba3f59"}
{"timestamp": "2026-02-21T08:30:51.827110+00:00", "level": "INFO", "action": "ENGAGEMENT_LOADED", "details": "RoE validated, authorizer: Test Admin", "operator": "system", "plugin": "", "engagement_id": "TEST-001", "previous_hash": "b4acc5b5a1ba3f59", "hash": "222199f477f7027c"}
{"timestamp": "2026-02-21T08:30:51.830110+00:00", "level": "INFO", "action": "ROE_VALIDATED", "details": "RoE TEST-001 validated successfully", "operator": "system", "plugin": "", "engagement_id": "TEST-001", "previous_hash": "222199f477f7027c", "hash": "3819763b0f486a35"}
{"timestamp": "2026-02-21T08:30:51.830110+00:00", "level": "INFO", "action": "ENGAGEMENT_LOADED", "details": "RoE validated, authorizer: Test Admin", "operator": "system", "plugin": "", "engagement_id": "TEST-001", "previous_hash": "3819763b0f486a35", "hash": "19e79bc3336adf30"}
{"timestamp": "2026-02-21T08:30:51.830110+00:00", "level": "INFO", "action": "PLUGIN_EXECUTE", "details": "Executing: stub-test", "operator": "system", "plugin": "stub-test", "engagement_id": "TEST-001", "previous_hash": "19e79bc3336adf30", "hash": "e0c7919579318946"}
{"timestamp": "2026-02-21T08:30:51.831110+00:00", "level": "INFO", "action": "PLUGIN_COMPLETE", "details": "stub-test: success=True, findings=1, 0ms", "operator": "system", "plugin": "stub-test", "engagement_id": "TEST-001", "previous_hash": "e0c7919579318946", "hash": "bb1c582a4caf03b5"}
{"timestamp": "2026-02-21T08:30:51.831110+00:00", "level": "INFO", "action": "ROE_VALIDATED", "details": "RoE TEST-001 validated successfully", "operator": "system", "plugin": "", "engagement_id": "TEST-001", "previous_hash": "bb1c582a4caf03b5", "hash": "08cbb7a310fd331b"}
{"timestamp": "2026-02-21T08:30:51.831110+00:00", "level": "INFO", "action": "ENGAGEMENT_LOADED", "details": "RoE validated, authorizer: Test Admin", "operator": "system", "plugin": "", "engagement_id": "TEST-001", "previous_hash": "08cbb7a310fd331b", "hash": "81a91bae89ea31e5"}
{"timestamp": "2026-02-21T08:30:51.831110+00:00", "level": "INFO", "action": "PLUGIN_EXECUTE", "details": "Executing: fail-test", "operator": "system", "plugin": "fail-test", "engagement_id": "TEST-001", "previous_hash": "81a91bae89ea31e5", "hash": "c263baefe4618b33"}
{"timestamp": "2026-02-21T08:30:51.831110+00:00", "level": "INFO", "action": "PLUGIN_COMPLETE", "details": "fail-test: success=False, findings=0, 0ms", "operator": "system", "plugin": "fail-test", "engagement_id": "TEST-001", "previous_hash": "c263baefe4618b33", "hash": "1964ad36aa74f284"}
{"timestamp": "2026-02-21T08:30:51.831110+00:00", "level": "INFO", "action": "ROE_VALIDATED", "details": "RoE TEST-001 validated successfully", "operator": "system", "plugin": "", "engagement_id": "TEST-001", "previous_hash": "1964ad36aa74f284", "hash": "b4c230e2ed4613dc"}
{"timestamp": "2026-02-21T08:30:51.831110+00:00", "level": "INFO", "action": "ENGAGEMENT_LOADED", "details": "RoE validated, authorizer: Test Admin", "operator": "system", "plugin": "", "engagement_id": "TEST-001", "previous_hash": "b4c230e2ed4613dc", "hash": "4cab0374e42cdd49"}
{"timestamp": "2026-02-21T08:30:51.831110+00:00", "level": "INFO", "action": "ENGAGEMENT_SHUTDOWN", "details": "", "operator": "system", "plugin": "", "engagement_id": "TEST-001", "previous_hash": "4cab0374e42cdd49", "hash": "c2c429b9b83e67c5"}
{"timestamp": "2026-02-21T08:30:51.831110+00:00", "level": "WARN", "action": "ACTIVATION_FAILED", "details": "No engagement loaded", "operator": "system", "plugin": "", "engagement_id": "", "previous_hash": "c2c429b9b83e67c5", "hash": "fd1e891b25f9f591"}
{"timestamp": "2026-02-21T08:30:51.831110+00:00", "level": "INFO", "action": "ROE_VALIDATED", "details": "RoE TEST-001 validated successfully", "operator": "system", "plugin": "", "engagement_id": "TEST-001", "previous_hash": "fd1e891b25f9f591", "hash": "b78afcad356cf201"}
{"timestamp": "2026-02-21T08:30:51.831110+00:00", "level": "INFO", "action": "ENGAGEMENT_LOADED", "details": "RoE validated, authorizer: Test Admin", "operator": "system", "plugin": "", "engagement_id": "TEST-001", "previous_hash": "b78afcad356cf201", "hash": "572bafc82467227d"}
{"timestamp": "2026-02-21T08:30:51.847086+00:00", "level": "INFO", "action": "ASYNC_PLUGIN_EXECUTE", "details": "Async executing: active-test", "operator": "system", "plugin": "active-test", "engagement_id": "ASYNC-001", "previous_hash": "572bafc82467227d", "hash": "53f41a544d115890"}
{"timestamp": "2026-02-21T08:30:51.847086+00:00", "level": "INFO", "action": "ASYNC_PLUGIN_COMPLETE", "details": "active-test: success=True, findings=0, 0ms", "operator": "system", "plugin": "active-test", "engagement_id": "ASYNC-001", "previous_hash": "53f41a544d115890", "hash": "6542a5f784e75fc9"}
{"timestamp": "2026-02-21T08:30:51.847086+00:00", "level": "INFO", "action": "ASYNC_PLUGIN_EXECUTE", "details": "Async executing: destructive-test", "operator": "system", "plugin": "destructive-test", "engagement_id": "ASYNC-001", "previous_hash": "6542a5f784e75fc9", "hash": "885a1558f012709d"}
{"timestamp": "2026-02-21T08:30:51.847086+00:00", "level": "INFO", "action": "ASYNC_PLUGIN_COMPLETE", "details": "destructive-test: success=True, findings=0, 0ms", "operator": "system", "plugin": "destructive-test", "engagement_id": "ASYNC-001", "previous_hash": "885a1558f012709d", "hash": "1a7c08481d49eba5"}
{"timestamp": "2026-02-21T08:30:51.847086+00:00", "level": "INFO", "action": "ASYNC_PLUGIN_DRY_RUN", "details": "Async dry run: async-stub", "operator": "system", "plugin": "async-stub", "engagement_id": "ASYNC-001", "previous_hash": "1a7c08481d49eba5", "hash": "dffea1c90d5e94e5"}
{"timestamp": "2026-02-21T08:30:51.847086+00:00", "level": "INFO", "action": "ASYNC_PLUGIN_EXECUTE", "details": "Async executing: async-stub", "operator": "system", "plugin": "async-stub", "engagement_id": "ASYNC-001", "previous_hash": "dffea1c90d5e94e5", "hash": "7bcd132c92119182"}
{"timestamp": "2026-02-21T08:30:51.861512+00:00", "level": "INFO", "action": "ASYNC_PLUGIN_COMPLETE", "details": "async-stub: success=True, findings=0, 15ms", "operator": "system", "plugin": "async-stub", "engagement_id": "ASYNC-001", "previous_hash": "7bcd132c92119182", "hash": "ebde4767ba418a7c"}
{"timestamp": "2026-02-21T08:30:51.862668+00:00", "level": "INFO", "action": "ASYNC_PLUGIN_EXECUTE", "details": "Async executing: slow-test", "operator": "system", "plugin": "slow-test", "engagement_id": "ASYNC-001", "previous_hash": "ebde4767ba418a7c", "hash": "a953b72b25c29c17"}
{"timestamp": "2026-02-21T08:30:52.873935+00:00", "level": "INFO", "action": "ASYNC_PLUGIN_EXECUTE", "details": "Async executing: active-test", "operator": "system", "plugin": "active-test", "engagement_id": "ASYNC-001", "previous_hash": "a953b72b25c29c17", "hash": "8fa8ce88fa653060"}
{"timestamp": "2026-02-21T08:30:52.874935+00:00", "level": "INFO", "action": "ASYNC_PLUGIN_COMPLETE", "details": "active-test: success=True, findings=0, 0ms", "operator": "system", "plugin": "active-test", "engagement_id": "ASYNC-001", "previous_hash": "8fa8ce88fa653060", "hash": "9a5e9019d5c0f007"}
{"timestamp": "2026-02-21T08:30:52.899699+00:00", "level": "INFO", "action": "ROE_VALIDATED", "details": "RoE TEST-001 validated successfully", "operator": "system", "plugin": "", "engagement_id": "TEST-001", "previous_hash": "9a5e9019d5c0f007", "hash": "08b62b8837147e50"}
{"timestamp": "2026-02-21T08:30:52.918140+00:00", "level": "WARN", "action": "POLICY_DENIED", "details": "test-plugin: RoE has not been validated", "operator": "system", "plugin": "", "engagement_id": "", "previous_hash": "08b62b8837147e50", "hash": "efa5132e3c2239c0"}
{"timestamp": "2026-02-21T08:30:52.946840+00:00", "level": "INFO", "action": "ACTIVATION_CODE_SET", "details": "New activation code configured", "operator": "system", "plugin": "", "engagement_id": "", "previous_hash": "efa5132e3c2239c0", "hash": "88025f5195d4296e"}
{"timestamp": "2026-02-21T08:33:01.112580+00:00", "level": "INFO", "action": "ACTIVATION_CODE_SET", "details": "New activation code configured", "operator": "system", "plugin": "", "engagement_id": "", "previous_hash": "88025f5195d4296e", "hash": "38c005be04df709a"}
{"timestamp": "2026-02-21T08:33:01.182472+00:00", "level": "INFO", "action": "ACTIVATION_CODE_SET", "details": "New activation code configured", "operator": "system", "plugin": "", "engagement_id": "", "previous_hash": "38c005be04df709a", "hash": "f5cb1e8d2c0ce3c6"}
{"timestamp": "2026-02-21T08:33:01.222279+00:00", "level": "WARN", "action": "ACTIVATION_SET_FAILED", "details": "Code must contain letters, digits, and special characters", "operator": "system", "plugin": "", "engagement_id": "", "previous_hash": "f5cb1e8d2c0ce3c6", "hash": "16b69e583a12affc"}
{"timestamp": "2026-02-21T08:33:01.222279+00:00", "level": "WARN", "action": "ACTIVATION_SET_FAILED", "details": "Code must contain letters, digits, and special characters", "operator": "system", "plugin": "", "engagement_id": "", "previous_hash": "16b69e583a12affc", "hash": "676f03e86df27306"}
{"timestamp": "2026-02-21T08:33:01.222279+00:00", "level": "WARN", "action": "ACTIVATION_SET_FAILED", "details": "Code must contain letters, digits, and special characters", "operator": "system", "plugin": "", "engagement_id": "", "previous_hash": "676f03e86df27306", "hash": "65f490ada0b52de3"}
{"timestamp": "2026-02-21T08:33:01.231898+00:00", "level": "WARN", "action": "ACTIVATION_SET_FAILED", "details": "Code too short \u2014 minimum 8 characters required", "operator": "system", "plugin": "", "engagement_id": "", "previous_hash": "65f490ada0b52de3", "hash": "f956b3243200c409"}
{"timestamp": "2026-02-21T08:33:01.262759+00:00", "level": "INFO", "action": "ACTIVATION_CODE_SET", "details": "New activation code configured", "operator": "system", "plugin": "", "engagement_id": "", "previous_hash": "f956b3243200c409", "hash": "8dd08f3c33dc523f"}
{"timestamp": "2026-02-21T08:33:01.271561+00:00", "level": "INFO", "action": "ACTIVATION_CODE_CLEARED", "details": "Activation code removed", "operator": "system", "plugin": "", "engagement_id": "", "previous_hash": "8dd08f3c33dc523f", "hash": "daae07a4175df799"}
{"timestamp": "2026-02-21T08:33:01.302062+00:00", "level": "INFO", "action": "ACTIVATION_CODE_SET", "details": "New activation code configured", "operator": "system", "plugin": "", "engagement_id": "", "previous_hash": "daae07a4175df799", "hash": "9aa28c54412c9102"}
{"timestamp": "2026-02-21T08:33:01.342943+00:00", "level": "INFO", "action": "ACTIVATION_CODE_SET", "details": "New activation code configured", "operator": "system", "plugin": "", "engagement_id": "", "previous_hash": "9aa28c54412c9102", "hash": "023b3fde27faa6f4"}
{"timestamp": "2026-02-21T08:33:01.364803+00:00", "level": "INFO", "action": "ENGAGEMENT_INIT", "details": "Created engagement: ENG-001", "operator": "system", "plugin": "", "engagement_id": "", "previous_hash": "023b3fde27faa6f4", "hash": "f09943a755fe670a"}
{"timestamp": "2026-02-21T08:33:01.374629+00:00", "level": "INFO", "action": "ENGAGEMENT_INIT", "details": "Created engagement: TMPL", "operator": "system", "plugin": "", "engagement_id": "", "previous_hash": "f09943a755fe670a", "hash": "5cd076e2a4248dad"}
{"timestamp": "2026-02-21T08:38:49.448700+00:00", "level": "INFO", "action": "ROE_VALIDATED", "details": "RoE TEST-001 validated successfully", "operator": "system", "plugin": "", "engagement_id": "TEST-001", "previous_hash": "5cd076e2a4248dad", "hash": "7c31dbf016bfc2ab"}
{"timestamp": "2026-02-21T08:38:49.448700+00:00", "level": "INFO", "action": "ENGAGEMENT_LOADED", "details": "RoE validated, authorizer: Test Admin", "operator": "system", "plugin": "", "engagement_id": "TEST-001", "previous_hash": "7c31dbf016bfc2ab", "hash": "c798939941b6c96a"}
{"timestamp": "2026-02-21T08:38:49.454063+00:00", "level": "ERROR", "action": "ENGAGEMENT_LOAD_FAILED", "details": "Missing required RoE fields: authorizer, authorized_targets, allowed_tests, start_time_utc, end_time_utc", "operator": "system", "plugin": "", "engagement_id": "", "previous_hash": "c798939941b6c96a", "hash": "3bee99baaff830b4"}
{"timestamp": "2026-02-21T08:38:49.462050+00:00", "level": "ERROR", "action": "ENGAGEMENT_LOAD_FAILED", "details": "RoE has expired (end_time: 2026-02-20T08:38:49+00:00)", "operator": "system", "plugin": "", "engagement_id": "", "previous_hash": "3bee99baaff830b4", "hash": "656a531f08d323eb"}
{"timestamp": "2026-02-21T08:38:49.462375+00:00", "level": "ERROR", "action": "ENGAGEMENT_LOAD_FAILED", "details": "RoE file not found: \\nonexistent\\roe.yaml", "operator": "system", "plugin": "", "engagement_id": "", "previous_hash": "656a531f08d323eb", "hash": "3391bb96164adff9"}
{"timestamp": "2026-02-21T08:38:49.465403+00:00", "level": "INFO", "action": "ROE_VALIDATED", "details": "RoE TEST-001 validated successfully", "operator": "system", "plugin": "", "engagement_id": "TEST-001", "previous_hash": "3391bb96164adff9", "hash": "75b7317c3643a1fc"}
{"timestamp": "2026-02-21T08:38:49.465403+00:00", "level": "INFO", "action": "ENGAGEMENT_LOADED", "details": "RoE validated, authorizer: Test Admin", "operator": "system", "plugin": "", "engagement_id": "TEST-001", "previous_hash": "75b7317c3643a1fc", "hash": "0100f987aed596e9"}
{"timestamp": "2026-02-21T08:38:49.465403+00:00", "level": "INFO", "action": "PLUGIN_DRY_RUN", "details": "Dry run: stub-test", "operator": "system", "plugin": "stub-test", "engagement_id": "TEST-001", "previous_hash": "0100f987aed596e9", "hash": "6cb557b4e6a809b1"}
{"timestamp": "2026-02-21T08:38:49.476370+00:00", "level": "INFO", "action": "ROE_VALIDATED", "details": "RoE TEST-001 validated successfully", "operator": "system", "plugin": "", "engagement_id": "TEST-001", "previous_hash": "6cb557b4e6a809b1", "hash": "4974116119fdfdcc"}
{"timestamp": "2026-02-21T08:38:49.476370+00:00", "level": "INFO", "action": "ENGAGEMENT_LOADED", "details": "RoE validated, authorizer: Test Admin", "operator": "system", "plugin": "", "engagement_id": "TEST-001", "previous_hash": "4974116119fdfdcc", "hash": "9b4a7cc96a3339af"}
{"timestamp": "2026-02-21T08:38:49.482979+00:00", "level": "INFO", "action": "ROE_VALIDATED", "details": "RoE TEST-001 validated successfully", "operator": "system", "plugin": "", "engagement_id": "TEST-001", "previous_hash": "9b4a7cc96a3339af", "hash": "c5d573fe1dde2de9"}
{"timestamp": "2026-02-21T08:38:49.482979+00:00", "level": "INFO", "action": "ENGAGEMENT_LOADED", "details": "RoE validated, authorizer: Test Admin", "operator": "system", "plugin": "", "engagement_id": "TEST-001", "previous_hash": "c5d573fe1dde2de9", "hash": "efcaf586fa95b93a"}
{"timestamp": "2026-02-21T08:38:49.483978+00:00", "level": "INFO", "action": "PLUGIN_EXECUTE", "details": "Executing: stub-test", "operator": "system", "plugin": "stub-test", "engagement_id": "TEST-001", "previous_hash": "efcaf586fa95b93a", "hash": "fe114f4f724e2751"}
{"timestamp": "2026-02-21T08:38:49.483978+00:00", "level": "INFO", "action": "PLUGIN_COMPLETE", "details": "stub-test: success=True, findings=1, 0ms", "operator": "system", "plugin": "stub-test", "engagement_id": "TEST-001", "previous_hash": "fe114f4f724e2751", "hash": "c9ddb4ad8d873fe9"}
{"timestamp": "2026-02-21T08:38:49.486977+00:00", "level": "INFO", "action": "ROE_VALIDATED", "details": "RoE TEST-001 validated successfully", "operator": "system", "plugin": "", "engagement_id": "TEST-001", "previous_hash": "c9ddb4ad8d873fe9", "hash": "f03af14658763c6e"}
{"timestamp": "2026-02-21T08:38:49.486977+00:00", "level": "INFO", "action": "ENGAGEMENT_LOADED", "details": "RoE validated, authorizer: Test Admin", "operator": "system", "plugin": "", "engagement_id": "TEST-001", "previous_hash": "f03af14658763c6e", "hash": "e7efa62e32d4b8a7"}
{"timestamp": "2026-02-21T08:38:49.486977+00:00", "level": "INFO", "action": "PLUGIN_EXECUTE", "details": "Executing: fail-test", "operator": "system", "plugin": "fail-test", "engagement_id": "TEST-001", "previous_hash": "e7efa62e32d4b8a7", "hash": "4eb5de6e95a0e988"}
{"timestamp": "2026-02-21T08:38:49.486977+00:00", "level": "INFO", "action": "PLUGIN_COMPLETE", "details": "fail-test: success=False, findings=0, 0ms", "operator": "system", "plugin": "fail-test", "engagement_id": "TEST-001", "previous_hash": "4eb5de6e95a0e988", "hash": "23b3a8ea7ad6c7a9"}
{"timestamp": "2026-02-21T08:38:49.489978+00:00", "level": "INFO", "action": "ROE_VALIDATED", "details": "RoE TEST-001 validated successfully", "operator": "system", "plugin": "", "engagement_id": "TEST-001", "previous_hash": "23b3a8ea7ad6c7a9", "hash": "2afc020cd3e3c5ea"}
{"timestamp": "2026-02-21T08:38:49.489978+00:00", "level": "INFO", "action": "ENGAGEMENT_LOADED", "details": "RoE validated, authorizer: Test Admin", "operator": "system", "plugin": "", "engagement_id": "TEST-001", "previous_hash": "2afc020cd3e3c5ea", "hash": "4b5c66bc6cce9bd8"}
{"timestamp": "2026-02-21T08:38:49.489978+00:00", "level": "INFO", "action": "ENGAGEMENT_SHUTDOWN", "details": "", "operator": "system", "plugin": "", "engagement_id": "TEST-001", "previous_hash": "4b5c66bc6cce9bd8", "hash": "11be66e2f1974492"}
{"timestamp": "2026-02-21T08:38:49.490978+00:00", "level": "WARN", "action": "ACTIVATION_FAILED", "details": "No engagement loaded", "operator": "system", "plugin": "", "engagement_id": "", "previous_hash": "11be66e2f1974492", "hash": "70b106eeb86f4ad4"}
{"timestamp": "2026-02-21T08:38:49.494029+00:00", "level": "INFO", "action": "ROE_VALIDATED", "details": "RoE TEST-001 validated successfully", "operator": "system", "plugin": "", "engagement_id": "TEST-001", "previous_hash": "70b106eeb86f4ad4", "hash": "24f185aa482d57e0"}
{"timestamp": "2026-02-21T08:38:49.494029+00:00", "level": "INFO", "action": "ENGAGEMENT_LOADED", "details": "RoE validated, authorizer: Test Admin", "operator": "system", "plugin": "", "engagement_id": "TEST-001", "previous_hash": "24f185aa482d57e0", "hash": "292f9ed75e1ef829"}
{"timestamp": "2026-02-21T08:38:49.504416+00:00", "level": "INFO", "action": "ASYNC_PLUGIN_EXECUTE", "details": "Async executing: active-test", "operator": "system", "plugin": "active-test", "engagement_id": "ASYNC-001", "previous_hash": "292f9ed75e1ef829", "hash": "69aa5314aeba37b7"}
{"timestamp": "2026-02-21T08:38:49.504416+00:00", "level": "INFO", "action": "ASYNC_PLUGIN_COMPLETE", "details": "active-test: success=True, findings=0, 0ms", "operator": "system", "plugin": "active-test", "engagement_id": "ASYNC-001", "previous_hash": "69aa5314aeba37b7", "hash": "f1c26e295830fd48"}
{"timestamp": "2026-02-21T08:38:49.506420+00:00", "level": "INFO", "action": "ASYNC_PLUGIN_EXECUTE", "details": "Async executing: destructive-test", "operator": "system", "plugin": "destructive-test", "engagement_id": "ASYNC-001", "previous_hash": "f1c26e295830fd48", "hash": "618c10f1c7a34629"}
{"timestamp": "2026-02-21T08:38:49.506420+00:00", "level": "INFO", "action": "ASYNC_PLUGIN_COMPLETE", "details": "destructive-test: success=True, findings=0, 0ms", "operator": "system", "plugin": "destructive-test", "engagement_id": "ASYNC-001", "previous_hash": "618c10f1c7a34629", "hash": "b524c7ff1ee2a574"}
{"timestamp": "2026-02-21T08:38:49.508425+00:00", "level": "INFO", "action": "ASYNC_PLUGIN_DRY_RUN", "details": "Async dry run: async-stub", "operator": "system", "plugin": "async-stub", "engagement_id": "ASYNC-001", "previous_hash": "b524c7ff1ee2a574", "hash": "a5d2f8051135b9ab"}
{"timestamp": "2026-02-21T08:38:49.508425+00:00", "level": "INFO", "action": "ASYNC_PLUGIN_EXECUTE", "details": "Async executing: async-stub", "operator": "system", "plugin": "async-stub", "engagement_id": "ASYNC-001", "previous_hash": "a5d2f8051135b9ab", "hash": "3637a4c8a1a015ee"}
{"timestamp": "2026-02-21T08:38:49.521876+00:00", "level": "INFO", "action": "ASYNC_PLUGIN_COMPLETE", "details": "async-stub: success=True, findings=0, 0ms", "operator": "system", "plugin": "async-stub", "engagement_id": "ASYNC-001", "previous_hash": "3637a4c8a1a015ee", "hash": "af8c6dd60efc41b6"}
{"timestamp": "2026-02-21T08:38:49.523228+00:00", "level": "INFO", "action": "ASYNC_PLUGIN_EXECUTE", "details": "Async executing: slow-test", "operator": "system", "plugin": "slow-test", "engagement_id": "ASYNC-001", "previous_hash": "af8c6dd60efc41b6", "hash": "93ceb1b28cf37b02"}
{"timestamp": "2026-02-21T08:38:50.529881+00:00", "level": "INFO", "action": "ASYNC_PLUGIN_EXECUTE", "details": "Async executing: active-test", "operator": "system", "plugin": "active-test", "engagement_id": "ASYNC-001", "previous_hash": "93ceb1b28cf37b02", "hash": "308e1eba805fcda3"}
{"timestamp": "2026-02-21T08:38:50.529881+00:00", "level": "INFO", "action": "ASYNC_PLUGIN_COMPLETE", "details": "active-test: success=True, findings=0, 0ms", "operator": "system", "plugin": "active-test", "engagement_id": "ASYNC-001", "previous_hash": "308e1eba805fcda3", "hash": "23f04e8fcdb7a75d"}
{"timestamp": "2026-02-21T08:38:50.562348+00:00", "level": "INFO", "action": "ROE_VALIDATED", "details": "RoE TEST-001 validated successfully", "operator": "system", "plugin": "", "engagement_id": "TEST-001", "previous_hash": "23f04e8fcdb7a75d", "hash": "7312fda9e6cb8533"}
{"timestamp": "2026-02-21T08:38:50.571838+00:00", "level": "WARN", "action": "POLICY_DENIED", "details": "test-plugin: RoE has not been validated", "operator": "system", "plugin": "", "engagement_id": "", "previous_hash": "7312fda9e6cb8533", "hash": "abc2dd1ec7bc076c"}
{"timestamp": "2026-02-21T08:38:50.604300+00:00", "level": "INFO", "action": "ACTIVATION_CODE_SET", "details": "New activation code configured", "operator": "system", "plugin": "", "engagement_id": "", "previous_hash": "abc2dd1ec7bc076c", "hash": "4dae0a10ac31fde6"}
{"timestamp": "2026-02-22T07:25:48.134826+00:00", "level": "INFO", "action": "ACTIVATION_CODE_SET", "details": "New activation code configured", "operator": "system", "plugin": "", "engagement_id": "", "previous_hash": "4dae0a10ac31fde6", "hash": "eba076887ec1677e"}
{"timestamp": "2026-02-22T07:25:48.205277+00:00", "level": "INFO", "action": "ACTIVATION_CODE_SET", "details": "New activation code configured", "operator": "system", "plugin": "", "engagement_id": "", "previous_hash": "eba076887ec1677e", "hash": "40bfe0446ef5b7ca"}
{"timestamp": "2026-02-22T07:25:48.249298+00:00", "level": "WARN", "action": "ACTIVATION_SET_FAILED", "details": "Code must contain letters, digits, and special characters", "operator": "system", "plugin": "", "engagement_id": "", "previous_hash": "40bfe0446ef5b7ca", "hash": "4f73b392c0bd51df"}
{"timestamp": "2026-02-22T07:25:48.249298+00:00", "level": "WARN", "action": "ACTIVATION_SET_FAILED", "details": "Code must contain letters, digits, and special characters", "operator": "system", "plugin": "", "engagement_id": "", "previous_hash": "4f73b392c0bd51df", "hash": "180e30503b7939ca"}
{"timestamp": "2026-02-22T07:25:48.249298+00:00", "level": "WARN", "action": "ACTIVATION_SET_FAILED", "details": "Code must contain letters, digits, and special characters", "operator": "system", "plugin": "", "engagement_id": "", "previous_hash": "180e30503b7939ca", "hash": "7564ea0e2029bb5f"}
{"timestamp": "2026-02-22T07:25:48.249298+00:00", "level": "WARN", "action": "ACTIVATION_SET_FAILED", "details": "Code too short \u2014 minimum 8 characters required", "operator": "system", "plugin": "", "engagement_id": "", "previous_hash": "7564ea0e2029bb5f", "hash": "0a394e1dd8b94158"}
{"timestamp": "2026-02-22T07:25:48.286678+00:00", "level": "INFO", "action": "ACTIVATION_CODE_SET", "details": "New activation code configured", "operator": "system", "plugin": "", "engagement_id": "", "previous_hash": "0a394e1dd8b94158", "hash": "7ab7f94db9d4956d"}
{"timestamp": "2026-02-22T07:25:48.287669+00:00", "level": "INFO", "action": "ACTIVATION_CODE_CLEARED", "details": "Activation code removed", "operator": "system", "plugin": "", "engagement_id": "", "previous_hash": "7ab7f94db9d4956d", "hash": "619c24da324cda8e"}
{"timestamp": "2026-02-22T07:25:48.323198+00:00", "level": "INFO", "action": "ACTIVATION_CODE_SET", "details": "New activation code configured", "operator": "system", "plugin": "", "engagement_id": "", "previous_hash": "619c24da324cda8e", "hash": "32a652b1c570eca9"}
{"timestamp": "2026-02-22T07:25:48.362667+00:00", "level": "INFO", "action": "ACTIVATION_CODE_SET", "details": "New activation code configured", "operator": "system", "plugin": "", "engagement_id": "", "previous_hash": "32a652b1c570eca9", "hash": "9076a364d37a1ee6"}
{"timestamp": "2026-02-22T07:25:48.390380+00:00", "level": "INFO", "action": "ENGAGEMENT_INIT", "details": "Created engagement: ENG-001", "operator": "system", "plugin": "", "engagement_id": "", "previous_hash": "9076a364d37a1ee6", "hash": "7b89bccdd7a26fdf"}
{"timestamp": "2026-02-22T07:25:48.399858+00:00", "level": "INFO", "action": "ENGAGEMENT_INIT", "details": "Created engagement: TMPL", "operator": "system", "plugin": "", "engagement_id": "", "previous_hash": "7b89bccdd7a26fdf", "hash": "c9eec0eb199adbee"}
{"timestamp": "2026-02-22T07:31:50.842633+00:00", "level": "INFO", "action": "ROE_VALIDATED", "details": "RoE TEST-001 validated successfully", "operator": "system", "plugin": "", "engagement_id": "TEST-001", "previous_hash": "c9eec0eb199adbee", "hash": "7c8c5c2047154886"}
{"timestamp": "2026-02-22T07:31:50.842633+00:00", "level": "INFO", "action": "ENGAGEMENT_LOADED", "details": "RoE validated, authorizer: Test Admin", "operator": "system", "plugin": "", "engagement_id": "TEST-001", "previous_hash": "7c8c5c2047154886", "hash": "d5f384faa057de40"}
{"timestamp": "2026-02-22T07:31:50.850005+00:00", "level": "ERROR", "action": "ENGAGEMENT_LOAD_FAILED", "details": "Missing required RoE fields: authorizer, authorized_targets, allowed_tests, start_time_utc, end_time_utc", "operator": "system", "plugin": "", "engagement_id": "", "previous_hash": "d5f384faa057de40", "hash": "a8ca020e59a97547"}
{"timestamp": "2026-02-22T07:31:50.859639+00:00", "level": "ERROR", "action": "ENGAGEMENT_LOAD_FAILED", "details": "RoE has expired (end_time: 2026-02-21T07:31:50+00:00)", "operator": "system", "plugin": "", "engagement_id": "", "previous_hash": "a8ca020e59a97547", "hash": "9c83d24149dffe91"}
{"timestamp": "2026-02-22T07:31:50.860644+00:00", "level": "ERROR", "action": "ENGAGEMENT_LOAD_FAILED", "details": "RoE file not found: \\nonexistent\\roe.yaml", "operator": "system", "plugin": "", "engagement_id": "", "previous_hash": "9c83d24149dffe91", "hash": "6caaab8eab6c852a"}
{"timestamp": "2026-02-22T07:31:50.863644+00:00", "level": "INFO", "action": "ROE_VALIDATED", "details": "RoE TEST-001 validated successfully", "operator": "system", "plugin": "", "engagement_id": "TEST-001", "previous_hash": "6caaab8eab6c852a", "hash": "c66624a1fc653229"}
{"timestamp": "2026-02-22T07:31:50.863644+00:00", "level": "INFO", "action": "ENGAGEMENT_LOADED", "details": "RoE validated, authorizer: Test Admin", "operator": "system", "plugin": "", "engagement_id": "TEST-001", "previous_hash": "c66624a1fc653229", "hash": "8d13b209bd4c27f2"}
{"timestamp": "2026-02-22T07:31:50.863644+00:00", "level": "INFO", "action": "PLUGIN_DRY_RUN", "details": "Dry run: stub-test", "operator": "system", "plugin": "stub-test", "engagement_id": "TEST-001", "previous_hash": "8d13b209bd4c27f2", "hash": "8ed083c7128c5cb9"}
{"timestamp": "2026-02-22T07:31:50.877934+00:00", "level": "INFO", "action": "ROE_VALIDATED", "details": "RoE TEST-001 validated successfully", "operator": "system", "plugin": "", "engagement_id": "TEST-001", "previous_hash": "8ed083c7128c5cb9", "hash": "da40a5116cd55546"}
{"timestamp": "2026-02-22T07:31:50.877934+00:00", "level": "INFO", "action": "ENGAGEMENT_LOADED", "details": "RoE validated, authorizer: Test Admin", "operator": "system", "plugin": "", "engagement_id": "TEST-001", "previous_hash": "da40a5116cd55546", "hash": "7085edca936e80b4"}
{"timestamp": "2026-02-22T07:31:50.881412+00:00", "level": "INFO", "action": "ROE_VALIDATED", "details": "RoE TEST-001 validated successfully", "operator": "system", "plugin": "", "engagement_id": "TEST-001", "previous_hash": "7085edca936e80b4", "hash": "3b99d0fe170c9ddf"}
{"timestamp": "2026-02-22T07:31:50.881412+00:00", "level": "INFO", "action": "ENGAGEMENT_LOADED", "details": "RoE validated, authorizer: Test Admin", "operator": "system", "plugin": "", "engagement_id": "TEST-001", "previous_hash": "3b99d0fe170c9ddf", "hash": "2d6b48d1cd22d796"}
{"timestamp": "2026-02-22T07:31:50.881412+00:00", "level": "INFO", "action": "PLUGIN_EXECUTE", "details": "Executing: stub-test", "operator": "system", "plugin": "stub-test", "engagement_id": "TEST-001", "previous_hash": "2d6b48d1cd22d796", "hash": "1292de210968171b"}
{"timestamp": "2026-02-22T07:31:50.881412+00:00", "level": "INFO", "action": "PLUGIN_COMPLETE", "details": "stub-test: success=True, findings=1, 0ms", "operator": "system", "plugin": "stub-test", "engagement_id": "TEST-001", "previous_hash": "1292de210968171b", "hash": "6673a41a94682786"}
{"timestamp": "2026-02-22T07:31:50.884984+00:00", "level": "INFO", "action": "ROE_VALIDATED", "details": "RoE TEST-001 validated successfully", "operator": "system", "plugin": "", "engagement_id": "TEST-001", "previous_hash": "6673a41a94682786", "hash": "19d86d80452af6ff"}
{"timestamp": "2026-02-22T07:31:50.884984+00:00", "level": "INFO", "action": "ENGAGEMENT_LOADED", "details": "RoE validated, authorizer: Test Admin", "operator": "system", "plugin": "", "engagement_id": "TEST-001", "previous_hash": "19d86d80452af6ff", "hash": "eaac224e8e2b2497"}
{"timestamp": "2026-02-22T07:31:50.884984+00:00", "level": "INFO", "action": "PLUGIN_EXECUTE", "details": "Executing: fail-test", "operator": "system", "plugin": "fail-test", "engagement_id": "TEST-001", "previous_hash": "eaac224e8e2b2497", "hash": "50a76d8443f15b84"}
{"timestamp": "2026-02-22T07:31:50.884984+00:00", "level": "INFO", "action": "PLUGIN_COMPLETE", "details": "fail-test: success=False, findings=0, 0ms", "operator": "system", "plugin": "fail-test", "engagement_id": "TEST-001", "previous_hash": "50a76d8443f15b84", "hash": "ab4ae2714048397d"}
{"timestamp": "2026-02-22T07:31:50.890110+00:00", "level": "INFO", "action": "ROE_VALIDATED", "details": "RoE TEST-001 validated successfully", "operator": "system", "plugin": "", "engagement_id": "TEST-001", "previous_hash": "ab4ae2714048397d", "hash": "b0ae412d6a0b824c"}
{"timestamp": "2026-02-22T07:31:50.890110+00:00", "level": "INFO", "action": "ENGAGEMENT_LOADED", "details": "RoE validated, authorizer: Test Admin", "operator": "system", "plugin": "", "engagement_id": "TEST-001", "previous_hash": "b0ae412d6a0b824c", "hash": "e3fff79d7eebc2c9"}
{"timestamp": "2026-02-22T07:31:50.890110+00:00", "level": "INFO", "action": "ENGAGEMENT_SHUTDOWN", "details": "", "operator": "system", "plugin": "", "engagement_id": "TEST-001", "previous_hash": "e3fff79d7eebc2c9", "hash": "61c97db1c058bc06"}
{"timestamp": "2026-02-22T07:31:50.890110+00:00", "level": "WARN", "action": "ACTIVATION_FAILED", "details": "No engagement loaded", "operator": "system", "plugin": "", "engagement_id": "", "previous_hash": "61c97db1c058bc06", "hash": "10a7f48dbd3c6d20"}
{"timestamp": "2026-02-22T07:31:50.890110+00:00", "level": "INFO", "action": "ROE_VALIDATED", "details": "RoE TEST-001 validated successfully", "operator": "system", "plugin": "", "engagement_id": "TEST-001", "previous_hash": "10a7f48dbd3c6d20", "hash": "88fc2567e8a16cf5"}
{"timestamp": "2026-02-22T07:31:50.890110+00:00", "level": "INFO", "action": "ENGAGEMENT_LOADED", "details": "RoE validated, authorizer: Test Admin", "operator": "system", "plugin": "", "engagement_id": "TEST-001", "previous_hash": "88fc2567e8a16cf5", "hash": "f4288dc86fcc339e"}
{"timestamp": "2026-02-22T07:31:50.905510+00:00", "level": "INFO", "action": "ASYNC_PLUGIN_EXECUTE", "details": "Async executing: active-test", "operator": "system", "plugin": "active-test", "engagement_id": "ASYNC-001", "previous_hash": "f4288dc86fcc339e", "hash": "c6298303adbf90af"}
{"timestamp": "2026-02-22T07:31:50.905510+00:00", "level": "INFO", "action": "ASYNC_PLUGIN_COMPLETE", "details": "active-test: success=True, findings=0, 0ms", "operator": "system", "plugin": "active-test", "engagement_id": "ASYNC-001", "previous_hash": "c6298303adbf90af", "hash": "99822de9c14ae7e3"}
{"timestamp": "2026-02-22T07:31:50.907515+00:00", "level": "INFO", "action": "ASYNC_PLUGIN_EXECUTE", "details": "Async executing: destructive-test", "operator": "system", "plugin": "destructive-test", "engagement_id": "ASYNC-001", "previous_hash": "99822de9c14ae7e3", "hash": "a9da67c0ae65d473"}
{"timestamp": "2026-02-22T07:31:50.907515+00:00", "level": "INFO", "action": "ASYNC_PLUGIN_COMPLETE", "details": "destructive-test: success=True, findings=0, 0ms", "operator": "system", "plugin": "destructive-test", "engagement_id": "ASYNC-001", "previous_hash": "a9da67c0ae65d473", "hash": "a96bd9ae0c9733a7"}
{"timestamp": "2026-02-22T07:31:50.909520+00:00", "level": "INFO", "action": "ASYNC_PLUGIN_DRY_RUN", "details": "Async dry run: async-stub", "operator": "system", "plugin": "async-stub", "engagement_id": "ASYNC-001", "previous_hash": "a96bd9ae0c9733a7", "hash": "4c417b0cac3ac44d"}
{"timestamp": "2026-02-22T07:31:50.910590+00:00", "level": "INFO", "action": "ASYNC_PLUGIN_EXECUTE", "details": "Async executing: async-stub", "operator": "system", "plugin": "async-stub", "engagement_id": "ASYNC-001", "previous_hash": "4c417b0cac3ac44d", "hash": "5b25414a0ca636b9"}
{"timestamp": "2026-02-22T07:31:50.933059+00:00", "level": "INFO", "action": "ASYNC_PLUGIN_COMPLETE", "details": "async-stub: success=True, findings=0, 32ms", "operator": "system", "plugin": "async-stub", "engagement_id": "ASYNC-001", "previous_hash": "5b25414a0ca636b9", "hash": "bae15764fd7d0abb"}
{"timestamp": "2026-02-22T07:31:50.935218+00:00", "level": "INFO", "action": "ASYNC_PLUGIN_EXECUTE", "details": "Async executing: slow-test", "operator": "system", "plugin": "slow-test", "engagement_id": "ASYNC-001", "previous_hash": "bae15764fd7d0abb", "hash": "e7b0d66c525104de"}
{"timestamp": "2026-02-22T07:31:51.940379+00:00", "level": "INFO", "action": "ASYNC_PLUGIN_EXECUTE", "details": "Async executing: active-test", "operator": "system", "plugin": "active-test", "engagement_id": "ASYNC-001", "previous_hash": "e7b0d66c525104de", "hash": "ba3d29986e669c69"}
{"timestamp": "2026-02-22T07:31:51.940379+00:00", "level": "INFO", "action": "ASYNC_PLUGIN_COMPLETE", "details": "active-test: success=True, findings=0, 0ms", "operator": "system", "plugin": "active-test", "engagement_id": "ASYNC-001", "previous_hash": "ba3d29986e669c69", "hash": "f2e9f579f419cda6"}
{"timestamp": "2026-02-22T07:31:51.965272+00:00", "level": "INFO", "action": "ROE_VALIDATED", "details": "RoE TEST-001 validated successfully", "operator": "system", "plugin": "", "engagement_id": "TEST-001", "previous_hash": "f2e9f579f419cda6", "hash": "d5769dbfd282ea66"}
{"timestamp": "2026-02-22T07:31:51.988559+00:00", "level": "WARN", "action": "POLICY_DENIED", "details": "test-plugin: RoE has not been validated", "operator": "system", "plugin": "", "engagement_id": "", "previous_hash": "d5769dbfd282ea66", "hash": "84bdc7e82eec8242"}
{"timestamp": "2026-02-22T07:31:52.019736+00:00", "level": "INFO", "action": "ACTIVATION_CODE_SET", "details": "New activation code configured", "operator": "system", "plugin": "", "engagement_id": "", "previous_hash": "84bdc7e82eec8242", "hash": "98e7092eb5a5a11b"}
{"timestamp": "2026-02-22T07:40:26.843269+00:00", "level": "INFO", "action": "ACTIVATION_CODE_SET", "details": "New activation code configured", "operator": "system", "plugin": "", "engagement_id": "", "previous_hash": "98e7092eb5a5a11b", "hash": "7cd1e7f4ce77ff79"}
{"timestamp": "2026-02-22T07:40:26.920475+00:00", "level": "INFO", "action": "ACTIVATION_CODE_SET", "details": "New activation code configured", "operator": "system", "plugin": "", "engagement_id": "", "previous_hash": "7cd1e7f4ce77ff79", "hash": "5d3e0603e9c4fa10"}
{"timestamp": "2026-02-22T07:40:26.955450+00:00", "level": "WARN", "action": "ACTIVATION_SET_FAILED", "details": "Code must contain letters, digits, and special characters", "operator": "system", "plugin": "", "engagement_id": "", "previous_hash": "5d3e0603e9c4fa10", "hash": "b03000230f140bc2"}
{"timestamp": "2026-02-22T07:40:26.972461+00:00", "level": "WARN", "action": "ACTIVATION_SET_FAILED", "details": "Code must contain letters, digits, and special characters", "operator": "system", "plugin": "", "engagement_id": "", "previous_hash": "b03000230f140bc2", "hash": "5525a84133526ddc"}
{"timestamp": "2026-02-22T07:40:26.972461+00:00", "level": "WARN", "action": "ACTIVATION_SET_FAILED", "details": "Code must contain letters, digits, and special characters", "operator": "system", "plugin": "", "engagement_id": "", "previous_hash": "5525a84133526ddc", "hash": "6942c338aab68eb4"}
{"timestamp": "2026-02-22T07:40:26.972461+00:00", "level": "WARN", "action": "ACTIVATION_SET_FAILED", "details": "Code too short \u2014 minimum 8 characters required", "operator": "system", "plugin": "", "engagement_id": "", "previous_hash": "6942c338aab68eb4", "hash": "e4eb16afe65bfd6b"}
{"timestamp": "2026-02-22T07:40:27.010615+00:00", "level": "INFO", "action": "ACTIVATION_CODE_SET", "details": "New activation code configured", "operator": "system", "plugin": "", "engagement_id": "", "previous_hash": "e4eb16afe65bfd6b", "hash": "a3e4497dcb4cb7cb"}
{"timestamp": "2026-02-22T07:40:27.010615+00:00", "level": "INFO", "action": "ACTIVATION_CODE_CLEARED", "details": "Activation code removed", "operator": "system", "plugin": "", "engagement_id": "", "previous_hash": "a3e4497dcb4cb7cb", "hash": "4351214c1d767a59"}
{"timestamp": "2026-02-22T07:40:27.053601+00:00", "level": "INFO", "action": "ACTIVATION_CODE_SET", "details": "New activation code configured", "operator": "system", "plugin": "", "engagement_id": "", "previous_hash": "4351214c1d767a59", "hash": "16a03984ecbee4be"}
{"timestamp": "2026-02-22T07:40:27.093795+00:00", "level": "INFO", "action": "ACTIVATION_CODE_SET", "details": "New activation code configured", "operator": "system", "plugin": "", "engagement_id": "", "previous_hash": "16a03984ecbee4be", "hash": "1ca5455324de28f8"}
{"timestamp": "2026-02-22T07:40:27.113889+00:00", "level": "INFO", "action": "ENGAGEMENT_INIT", "details": "Created engagement: ENG-001", "operator": "system", "plugin": "", "engagement_id": "", "previous_hash": "1ca5455324de28f8", "hash": "66ac0ac52cf20134"}
{"timestamp": "2026-02-22T07:40:27.123888+00:00", "level": "INFO", "action": "ENGAGEMENT_INIT", "details": "Created engagement: TMPL", "operator": "system", "plugin": "", "engagement_id": "", "previous_hash": "66ac0ac52cf20134", "hash": "c37edff6d6bb2543"}
{"timestamp": "2026-02-22T07:46:28.816096+00:00", "level": "INFO", "action": "ROE_VALIDATED", "details": "RoE TEST-001 validated successfully", "operator": "system", "plugin": "", "engagement_id": "TEST-001", "previous_hash": "c37edff6d6bb2543", "hash": "0a8851126bd0096b"}
{"timestamp": "2026-02-22T07:46:28.816096+00:00", "level": "INFO", "action": "ENGAGEMENT_LOADED", "details": "RoE validated, authorizer: Test Admin", "operator": "system", "plugin": "", "engagement_id": "TEST-001", "previous_hash": "0a8851126bd0096b", "hash": "d48e39c6160312e9"}
{"timestamp": "2026-02-22T07:46:28.818803+00:00", "level": "ERROR", "action": "ENGAGEMENT_LOAD_FAILED", "details": "Missing required RoE fields: authorizer, authorized_targets, allowed_tests, start_time_utc, end_time_utc", "operator": "system", "plugin": "", "engagement_id": "", "previous_hash": "d48e39c6160312e9", "hash": "4151c09e542f3540"}
{"timestamp": "2026-02-22T07:46:28.826860+00:00", "level": "ERROR", "action": "ENGAGEMENT_LOAD_FAILED", "details": "RoE has expired (end_time: 2026-02-21T07:46:28+00:00)", "operator": "system", "plugin": "", "engagement_id": "", "previous_hash": "4151c09e542f3540", "hash": "71638da9cc78dd50"}
{"timestamp": "2026-02-22T07:46:28.827859+00:00", "level": "ERROR", "action": "ENGAGEMENT_LOAD_FAILED", "details": "RoE file not found: \\nonexistent\\roe.yaml", "operator": "system", "plugin": "", "engagement_id": "", "previous_hash": "71638da9cc78dd50", "hash": "2b69dc12268907f8"}
{"timestamp": "2026-02-22T07:46:28.830385+00:00", "level": "INFO", "action": "ROE_VALIDATED", "details": "RoE TEST-001 validated successfully", "operator": "system", "plugin": "", "engagement_id": "TEST-001", "previous_hash": "2b69dc12268907f8", "hash": "bedb1a56769ea437"}
{"timestamp": "2026-02-22T07:46:28.830385+00:00", "level": "INFO", "action": "ENGAGEMENT_LOADED", "details": "RoE validated, authorizer: Test Admin", "operator": "system", "plugin": "", "engagement_id": "TEST-001", "previous_hash": "bedb1a56769ea437", "hash": "883abf5a175b80cf"}
{"timestamp": "2026-02-22T07:46:28.830385+00:00", "level": "INFO", "action": "PLUGIN_DRY_RUN", "details": "Dry run: stub-test", "operator": "system", "plugin": "stub-test", "engagement_id": "TEST-001", "previous_hash": "883abf5a175b80cf", "hash": "f92c769b840f3c95"}
{"timestamp": "2026-02-22T07:46:28.841466+00:00", "level": "INFO", "action": "ROE_VALIDATED", "details": "RoE TEST-001 validated successfully", "operator": "system", "plugin": "", "engagement_id": "TEST-001", "previous_hash": "f92c769b840f3c95", "hash": "5fe70792054e6917"}
{"timestamp": "2026-02-22T07:46:28.841466+00:00", "level": "INFO", "action": "ENGAGEMENT_LOADED", "details": "RoE validated, authorizer: Test Admin", "operator": "system", "plugin": "", "engagement_id": "TEST-001", "previous_hash": "5fe70792054e6917", "hash": "3bbd8c96eb04f711"}
{"timestamp": "2026-02-22T07:46:28.846444+00:00", "level": "INFO", "action": "ROE_VALIDATED", "details": "RoE TEST-001 validated successfully", "operator": "system", "plugin": "", "engagement_id": "TEST-001", "previous_hash": "3bbd8c96eb04f711", "hash": "d9915983ae13216a"}
{"timestamp": "2026-02-22T07:46:28.846444+00:00", "level": "INFO", "action": "ENGAGEMENT_LOADED", "details": "RoE validated, authorizer: Test Admin", "operator": "system", "plugin": "", "engagement_id": "TEST-001", "previous_hash": "d9915983ae13216a", "hash": "9feae4f95fabff1a"}
{"timestamp": "2026-02-22T07:46:28.846444+00:00", "level": "INFO", "action": "PLUGIN_EXECUTE", "details": "Executing: stub-test", "operator": "system", "plugin": "stub-test", "engagement_id": "TEST-001", "previous_hash": "9feae4f95fabff1a", "hash": "b2cc24be35b98011"}
{"timestamp": "2026-02-22T07:46:28.846444+00:00", "level": "INFO", "action": "PLUGIN_COMPLETE", "details": "stub-test: success=True, findings=1, 0ms", "operator": "system", "plugin": "stub-test", "engagement_id": "TEST-001", "previous_hash": "b2cc24be35b98011", "hash": "013a3ac8ec657c24"}
{"timestamp": "2026-02-22T07:46:28.846444+00:00", "level": "INFO", "action": "ROE_VALIDATED", "details": "RoE TEST-001 validated successfully", "operator": "system", "plugin": "", "engagement_id": "TEST-001", "previous_hash": "013a3ac8ec657c24", "hash": "ad823766957d3796"}
{"timestamp": "2026-02-22T07:46:28.846444+00:00", "level": "INFO", "action": "ENGAGEMENT_LOADED", "details": "RoE validated, authorizer: Test Admin", "operator": "system", "plugin": "", "engagement_id": "TEST-001", "previous_hash": "ad823766957d3796", "hash": "3bca2645fddfef92"}
{"timestamp": "2026-02-22T07:46:28.846444+00:00", "level": "INFO", "action": "PLUGIN_EXECUTE", "details": "Executing: fail-test", "operator": "system", "plugin": "fail-test", "engagement_id": "TEST-001", "previous_hash": "3bca2645fddfef92", "hash": "c39d5d930c47bf10"}
{"timestamp": "2026-02-22T07:46:28.846444+00:00", "level": "INFO", "action": "PLUGIN_COMPLETE", "details": "fail-test: success=False, findings=0, 0ms", "operator": "system", "plugin": "fail-test", "engagement_id": "TEST-001", "previous_hash": "c39d5d930c47bf10", "hash": "191817305dc70dfc"}
{"timestamp": "2026-02-22T07:46:28.846444+00:00", "level": "INFO", "action": "ROE_VALIDATED", "details": "RoE TEST-001 validated successfully", "operator": "system", "plugin": "", "engagement_id": "TEST-001", "previous_hash": "191817305dc70dfc", "hash": "f594f60d295439c8"}
{"timestamp": "2026-02-22T07:46:28.846444+00:00", "level": "INFO", "action": "ENGAGEMENT_LOADED", "details": "RoE validated, authorizer: Test Admin", "operator": "system", "plugin": "", "engagement_id": "TEST-001", "previous_hash": "f594f60d295439c8", "hash": "50c5e5d5cf71aa11"}
{"timestamp": "2026-02-22T07:46:28.846444+00:00", "level": "INFO", "action": "ENGAGEMENT_SHUTDOWN", "details": "", "operator": "system", "plugin": "", "engagement_id": "TEST-001", "previous_hash": "50c5e5d5cf71aa11", "hash": "e7f91bc03e10b92e"}
{"timestamp": "2026-02-22T07:46:28.857088+00:00", "level": "WARN", "action": "ACTIVATION_FAILED", "details": "No engagement loaded", "operator": "system", "plugin": "", "engagement_id": "", "previous_hash": "e7f91bc03e10b92e", "hash": "4d12ca8533c30396"}
{"timestamp": "2026-02-22T07:46:28.857088+00:00", "level": "INFO", "action": "ROE_VALIDATED", "details": "RoE TEST-001 validated successfully", "operator": "system", "plugin": "", "engagement_id": "TEST-001", "previous_hash": "4d12ca8533c30396", "hash": "6f4671e98d5cd22d"}
{"timestamp": "2026-02-22T07:46:28.857088+00:00", "level": "INFO", "action": "ENGAGEMENT_LOADED", "details": "RoE validated, authorizer: Test Admin", "operator": "system", "plugin": "", "engagement_id": "TEST-001", "previous_hash": "6f4671e98d5cd22d", "hash": "648d73ccc6422c6a"}
{"timestamp": "2026-02-22T07:46:28.893244+00:00", "level": "INFO", "action": "ASYNC_PLUGIN_EXECUTE", "details": "Async executing: active-test", "operator": "system", "plugin": "active-test", "engagement_id": "ASYNC-001", "previous_hash": "648d73ccc6422c6a", "hash": "647b84af90c743f5"}
{"timestamp": "2026-02-22T07:46:28.893244+00:00", "level": "INFO", "action": "ASYNC_PLUGIN_COMPLETE", "details": "active-test: success=True, findings=0, 0ms", "operator": "system", "plugin": "active-test", "engagement_id": "ASYNC-001", "previous_hash": "647b84af90c743f5", "hash": "e31242d893319e53"}
{"timestamp": "2026-02-22T07:46:28.895475+00:00", "level": "INFO", "action": "ASYNC_PLUGIN_EXECUTE", "details": "Async executing: destructive-test", "operator": "system", "plugin": "destructive-test", "engagement_id": "ASYNC-001", "previous_hash": "e31242d893319e53", "hash": "7d01276f40d31990"}
{"timestamp": "2026-02-22T07:46:28.895475+00:00", "level": "INFO", "action": "ASYNC_PLUGIN_COMPLETE", "details": "destructive-test: success=True, findings=0, 0ms", "operator": "system", "plugin": "destructive-test", "engagement_id": "ASYNC-001", "previous_hash": "7d01276f40d31990", "hash": "e090cde3fcbd5ba1"}
{"timestamp": "2026-02-22T07:46:28.896477+00:00", "level": "INFO", "action": "ASYNC_PLUGIN_DRY_RUN", "details": "Async dry run: async-stub", "operator": "system", "plugin": "async-stub", "engagement_id": "ASYNC-001", "previous_hash": "e090cde3fcbd5ba1", "hash": "85ec1f1ae7dc972c"}
{"timestamp": "2026-02-22T07:46:28.898476+00:00", "level": "INFO", "action": "ASYNC_PLUGIN_EXECUTE", "details": "Async executing: async-stub", "operator": "system", "plugin": "async-stub", "engagement_id": "ASYNC-001", "previous_hash": "85ec1f1ae7dc972c", "hash": "9b6b9a540f66e93a"}
{"timestamp": "2026-02-22T07:46:28.920522+00:00", "level": "INFO", "action": "ASYNC_PLUGIN_COMPLETE", "details": "async-stub: success=True, findings=0, 31ms", "operator": "system", "plugin": "async-stub", "engagement_id": "ASYNC-001", "previous_hash": "9b6b9a540f66e93a", "hash": "34c0d77365e21b4c"}
{"timestamp": "2026-02-22T07:46:28.921940+00:00", "level": "INFO", "action": "ASYNC_PLUGIN_EXECUTE", "details": "Async executing: slow-test", "operator": "system", "plugin": "slow-test", "engagement_id": "ASYNC-001", "previous_hash": "34c0d77365e21b4c", "hash": "8cce820f6753bddc"}
{"timestamp": "2026-02-22T07:46:29.932542+00:00", "level": "INFO", "action": "ASYNC_PLUGIN_EXECUTE", "details": "Async executing: active-test", "operator": "system", "plugin": "active-test", "engagement_id": "ASYNC-001", "previous_hash": "8cce820f6753bddc", "hash": "b1133d8098dc400d"}
{"timestamp": "2026-02-22T07:46:29.932542+00:00", "level": "INFO", "action": "ASYNC_PLUGIN_COMPLETE", "details": "active-test: success=True, findings=0, 0ms", "operator": "system", "plugin": "active-test", "engagement_id": "ASYNC-001", "previous_hash": "b1133d8098dc400d", "hash": "897370da6c551c77"}
{"timestamp": "2026-02-22T07:46:29.953978+00:00", "level": "INFO", "action": "ROE_VALIDATED", "details": "RoE TEST-001 validated successfully", "operator": "system", "plugin": "", "engagement_id": "TEST-001", "previous_hash": "897370da6c551c77", "hash": "5fde4b02ba7b1fb4"}
{"timestamp": "2026-02-22T07:46:29.973732+00:00", "level": "WARN", "action": "POLICY_DENIED", "details": "test-plugin: RoE has not been validated", "operator": "system", "plugin": "", "engagement_id": "", "previous_hash": "5fde4b02ba7b1fb4", "hash": "c7cf737ab51dce21"}
{"timestamp": "2026-02-22T07:46:30.005350+00:00", "level": "INFO", "action": "ACTIVATION_CODE_SET", "details": "New activation code configured", "operator": "system", "plugin": "", "engagement_id": "", "previous_hash": "c7cf737ab51dce21", "hash": "ad59628ae1de90a4"}
{"timestamp": "2026-02-22T07:50:46.240112+00:00", "level": "INFO", "action": "ACTIVATION_CODE_SET", "details": "New activation code configured", "operator": "system", "plugin": "", "engagement_id": "", "previous_hash": "ad59628ae1de90a4", "hash": "b24591c08bc68415"}
{"timestamp": "2026-02-22T07:50:46.313371+00:00", "level": "INFO", "action": "ACTIVATION_CODE_SET", "details": "New activation code configured", "operator": "system", "plugin": "", "engagement_id": "", "previous_hash": "b24591c08bc68415", "hash": "a4e4d3185be3ba9a"}
{"timestamp": "2026-02-22T07:50:46.376956+00:00", "level": "WARN", "action": "ACTIVATION_SET_FAILED", "details": "Code must contain letters, digits, and special characters", "operator": "system", "plugin": "", "engagement_id": "", "previous_hash": "a4e4d3185be3ba9a", "hash": "c8d0a72641ee90f6"}
{"timestamp": "2026-02-22T07:50:46.379958+00:00", "level": "WARN", "action": "ACTIVATION_SET_FAILED", "details": "Code must contain letters, digits, and special characters", "operator": "system", "plugin": "", "engagement_id": "", "previous_hash": "c8d0a72641ee90f6", "hash": "28c0e9271621cee6"}
{"timestamp": "2026-02-22T07:50:46.381700+00:00", "level": "WARN", "action": "ACTIVATION_SET_FAILED", "details": "Code must contain letters, digits, and special characters", "operator": "system", "plugin": "", "engagement_id": "", "previous_hash": "28c0e9271621cee6", "hash": "fbccf6f38f9bc177"}
{"timestamp": "2026-02-22T07:50:46.381700+00:00", "level": "WARN", "action": "ACTIVATION_SET_FAILED", "details": "Code too short \u2014 minimum 8 characters required", "operator": "system", "plugin": "", "engagement_id": "", "previous_hash": "fbccf6f38f9bc177", "hash": "ec36254b1f22ce92"}
{"timestamp": "2026-02-22T07:50:46.426648+00:00", "level": "INFO", "action": "ACTIVATION_CODE_SET", "details": "New activation code configured", "operator": "system", "plugin": "", "engagement_id": "", "previous_hash": "ec36254b1f22ce92", "hash": "d1da408c6f664cb9"}
{"timestamp": "2026-02-22T07:50:46.426648+00:00", "level": "INFO", "action": "ACTIVATION_CODE_CLEARED", "details": "Activation code removed", "operator": "system", "plugin": "", "engagement_id": "", "previous_hash": "d1da408c6f664cb9", "hash": "e09673fba838178d"}
{"timestamp": "2026-02-22T07:50:46.466257+00:00", "level": "INFO", "action": "ACTIVATION_CODE_SET", "details": "New activation code configured", "operator": "system", "plugin": "", "engagement_id": "", "previous_hash": "e09673fba838178d", "hash": "39c07a026de7074c"}
{"timestamp": "2026-02-22T07:50:46.512336+00:00", "level": "INFO", "action": "ACTIVATION_CODE_SET", "details": "New activation code configured", "operator": "system", "plugin": "", "engagement_id": "", "previous_hash": "39c07a026de7074c", "hash": "2fa305eafb5080b4"}
{"timestamp": "2026-02-22T07:50:46.527396+00:00", "level": "INFO", "action": "ENGAGEMENT_INIT", "details": "Created engagement: ENG-001", "operator": "system", "plugin": "", "engagement_id": "", "previous_hash": "2fa305eafb5080b4", "hash": "a96fe50702be0209"}
{"timestamp": "2026-02-22T07:50:46.537690+00:00", "level": "INFO", "action": "ENGAGEMENT_INIT", "details": "Created engagement: TMPL", "operator": "system", "plugin": "", "engagement_id": "", "previous_hash": "a96fe50702be0209", "hash": "f461bbec18c47648"}
{"timestamp": "2026-02-22T07:56:50.689368+00:00", "level": "INFO", "action": "ROE_VALIDATED", "details": "RoE TEST-001 validated successfully", "operator": "system", "plugin": "", "engagement_id": "TEST-001", "previous_hash": "f461bbec18c47648", "hash": "002ef9e0325fe16e"}
{"timestamp": "2026-02-22T07:56:50.689368+00:00", "level": "INFO", "action": "ENGAGEMENT_LOADED", "details": "RoE validated, authorizer: Test Admin", "operator": "system", "plugin": "", "engagement_id": "TEST-001", "previous_hash": "002ef9e0325fe16e", "hash": "0174fdb64860500c"}
{"timestamp": "2026-02-22T07:56:50.691370+00:00", "level": "ERROR", "action": "ENGAGEMENT_LOAD_FAILED", "details": "Missing required RoE fields: authorizer, authorized_targets, allowed_tests, start_time_utc, end_time_utc", "operator": "system", "plugin": "", "engagement_id": "", "previous_hash": "0174fdb64860500c", "hash": "a32c351f857f00dc"}
{"timestamp": "2026-02-22T07:56:50.696356+00:00", "level": "ERROR", "action": "ENGAGEMENT_LOAD_FAILED", "details": "RoE has expired (end_time: 2026-02-21T07:56:50+00:00)", "operator": "system", "plugin": "", "engagement_id": "", "previous_hash": "a32c351f857f00dc", "hash": "5e776d5979574179"}
{"timestamp": "2026-02-22T07:56:50.696356+00:00", "level": "ERROR", "action": "ENGAGEMENT_LOAD_FAILED", "details": "RoE file not found: \\nonexistent\\roe.yaml", "operator": "system", "plugin": "", "engagement_id": "", "previous_hash": "5e776d5979574179", "hash": "d813fc9203276b84"}
{"timestamp": "2026-02-22T07:56:50.696356+00:00", "level": "INFO", "action": "ROE_VALIDATED", "details": "RoE TEST-001 validated successfully", "operator": "system", "plugin": "", "engagement_id": "TEST-001", "previous_hash": "d813fc9203276b84", "hash": "b9f51ba7ce459c64"}
{"timestamp": "2026-02-22T07:56:50.696356+00:00", "level": "INFO", "action": "ENGAGEMENT_LOADED", "details": "RoE validated, authorizer: Test Admin", "operator": "system", "plugin": "", "engagement_id": "TEST-001", "previous_hash": "b9f51ba7ce459c64", "hash": "919589cbcf0d0782"}
{"timestamp": "2026-02-22T07:56:50.696356+00:00", "level": "INFO", "action": "PLUGIN_DRY_RUN", "details": "Dry run: stub-test", "operator": "system", "plugin": "stub-test", "engagement_id": "TEST-001", "previous_hash": "919589cbcf0d0782", "hash": "1ce68957bdb333b8"}
{"timestamp": "2026-02-22T07:56:50.721217+00:00", "level": "INFO", "action": "ROE_VALIDATED", "details": "RoE TEST-001 validated successfully", "operator": "system", "plugin": "", "engagement_id": "TEST-001", "previous_hash": "1ce68957bdb333b8", "hash": "58e54618db558a91"}
{"timestamp": "2026-02-22T07:56:50.721217+00:00", "level": "INFO", "action": "ENGAGEMENT_LOADED", "details": "RoE validated, authorizer: Test Admin", "operator": "system", "plugin": "", "engagement_id": "TEST-001", "previous_hash": "58e54618db558a91", "hash": "e204bc1e68c92b90"}
{"timestamp": "2026-02-22T07:56:50.724395+00:00", "level": "INFO", "action": "ROE_VALIDATED", "details": "RoE TEST-001 validated successfully", "operator": "system", "plugin": "", "engagement_id": "TEST-001", "previous_hash": "e204bc1e68c92b90", "hash": "3c3a4135e69afd1e"}
{"timestamp": "2026-02-22T07:56:50.725394+00:00", "level": "INFO", "action": "ENGAGEMENT_LOADED", "details": "RoE validated, authorizer: Test Admin", "operator": "system", "plugin": "", "engagement_id": "TEST-001", "previous_hash": "3c3a4135e69afd1e", "hash": "6f20c120ce7403f5"}
{"timestamp": "2026-02-22T07:56:50.725394+00:00", "level": "INFO", "action": "PLUGIN_EXECUTE", "details": "Executing: stub-test", "operator": "system", "plugin": "stub-test", "engagement_id": "TEST-001", "previous_hash": "6f20c120ce7403f5", "hash": "2f84cfd977421835"}
{"timestamp": "2026-02-22T07:56:50.725394+00:00", "level": "INFO", "action": "PLUGIN_COMPLETE", "details": "stub-test: success=True, findings=1, 0ms", "operator": "system", "plugin": "stub-test", "engagement_id": "TEST-001", "previous_hash": "2f84cfd977421835", "hash": "c398fbd247305f97"}
{"timestamp": "2026-02-22T07:56:50.727775+00:00", "level": "INFO", "action": "ROE_VALIDATED", "details": "RoE TEST-001 validated successfully", "operator": "system", "plugin": "", "engagement_id": "TEST-001", "previous_hash": "c398fbd247305f97", "hash": "dcb84c3e7e23c3bd"}
{"timestamp": "2026-02-22T07:56:50.728775+00:00", "level": "INFO", "action": "ENGAGEMENT_LOADED", "details": "RoE validated, authorizer: Test Admin", "operator": "system", "plugin": "", "engagement_id": "TEST-001", "previous_hash": "dcb84c3e7e23c3bd", "hash": "4b067a8e1d461e59"}
{"timestamp": "2026-02-22T07:56:50.728775+00:00", "level": "INFO", "action": "PLUGIN_EXECUTE", "details": "Executing: fail-test", "operator": "system", "plugin": "fail-test", "engagement_id": "TEST-001", "previous_hash": "4b067a8e1d461e59", "hash": "881591cfe8323fc5"}
{"timestamp": "2026-02-22T07:56:50.728775+00:00", "level": "INFO", "action": "PLUGIN_COMPLETE", "details": "fail-test: success=False, findings=0, 0ms", "operator": "system", "plugin": "fail-test", "engagement_id": "TEST-001", "previous_hash": "881591cfe8323fc5", "hash": "729802707a5fd1c7"}
{"timestamp": "2026-02-22T07:56:50.731093+00:00", "level": "INFO", "action": "ROE_VALIDATED", "details": "RoE TEST-001 validated successfully", "operator": "system", "plugin": "", "engagement_id": "TEST-001", "previous_hash": "729802707a5fd1c7", "hash": "f1586dbc48bbf495"}
{"timestamp": "2026-02-22T07:56:50.731093+00:00", "level": "INFO", "action": "ENGAGEMENT_LOADED", "details": "RoE validated, authorizer: Test Admin", "operator": "system", "plugin": "", "engagement_id": "TEST-001", "previous_hash": "f1586dbc48bbf495", "hash": "d583f64c790d6563"}
{"timestamp": "2026-02-22T07:56:50.731093+00:00", "level": "INFO", "action": "ENGAGEMENT_SHUTDOWN", "details": "", "operator": "system", "plugin": "", "engagement_id": "TEST-001", "previous_hash": "d583f64c790d6563", "hash": "2ed622cae30c2c90"}
{"timestamp": "2026-02-22T07:56:50.731093+00:00", "level": "WARN", "action": "ACTIVATION_FAILED", "details": "No engagement loaded", "operator": "system", "plugin": "", "engagement_id": "", "previous_hash": "2ed622cae30c2c90", "hash": "35cc9912202e7e77"}
{"timestamp": "2026-02-22T07:56:50.736029+00:00", "level": "INFO", "action": "ROE_VALIDATED", "details": "RoE TEST-001 validated successfully", "operator": "system", "plugin": "", "engagement_id": "TEST-001", "previous_hash": "35cc9912202e7e77", "hash": "068dc667ad43bd9b"}
{"timestamp": "2026-02-22T07:56:50.736029+00:00", "level": "INFO", "action": "ENGAGEMENT_LOADED", "details": "RoE validated, authorizer: Test Admin", "operator": "system", "plugin": "", "engagement_id": "TEST-001", "previous_hash": "068dc667ad43bd9b", "hash": "794105ff921b21f1"}
{"timestamp": "2026-02-22T07:56:50.745805+00:00", "level": "INFO", "action": "ASYNC_PLUGIN_EXECUTE", "details": "Async executing: active-test", "operator": "system", "plugin": "active-test", "engagement_id": "ASYNC-001", "previous_hash": "794105ff921b21f1", "hash": "f31a5e2d902e8c4c"}
{"timestamp": "2026-02-22T07:56:50.745805+00:00", "level": "INFO", "action": "ASYNC_PLUGIN_COMPLETE", "details": "active-test: success=True, findings=0, 0ms", "operator": "system", "plugin": "active-test", "engagement_id": "ASYNC-001", "previous_hash": "f31a5e2d902e8c4c", "hash": "e3a875f6ba5f8dd4"}
{"timestamp": "2026-02-22T07:56:50.747808+00:00", "level": "INFO", "action": "ASYNC_PLUGIN_EXECUTE", "details": "Async executing: destructive-test", "operator": "system", "plugin": "destructive-test", "engagement_id": "ASYNC-001", "previous_hash": "e3a875f6ba5f8dd4", "hash": "119c04125bb619f5"}
{"timestamp": "2026-02-22T07:56:50.747808+00:00", "level": "INFO", "action": "ASYNC_PLUGIN_COMPLETE", "details": "destructive-test: success=True, findings=0, 0ms", "operator": "system", "plugin": "destructive-test", "engagement_id": "ASYNC-001", "previous_hash": "119c04125bb619f5", "hash": "af6dd43e4f708267"}
{"timestamp": "2026-02-22T07:56:50.749811+00:00", "level": "INFO", "action": "ASYNC_PLUGIN_DRY_RUN", "details": "Async dry run: async-stub", "operator": "system", "plugin": "async-stub", "engagement_id": "ASYNC-001", "previous_hash": "af6dd43e4f708267", "hash": "6c441864701ec35b"}
{"timestamp": "2026-02-22T07:56:50.749811+00:00", "level": "INFO", "action": "ASYNC_PLUGIN_EXECUTE", "details": "Async executing: async-stub", "operator": "system", "plugin": "async-stub", "engagement_id": "ASYNC-001", "previous_hash": "6c441864701ec35b", "hash": "bbc637ce6ffd3c4f"}
{"timestamp": "2026-02-22T07:56:50.761255+00:00", "level": "INFO", "action": "ASYNC_PLUGIN_COMPLETE", "details": "async-stub: success=True, findings=0, 15ms", "operator": "system", "plugin": "async-stub", "engagement_id": "ASYNC-001", "previous_hash": "bbc637ce6ffd3c4f", "hash": "b261b6eb6600dfe6"}
{"timestamp": "2026-02-22T07:56:50.762605+00:00", "level": "INFO", "action": "ASYNC_PLUGIN_EXECUTE", "details": "Async executing: slow-test", "operator": "system", "plugin": "slow-test", "engagement_id": "ASYNC-001", "previous_hash": "b261b6eb6600dfe6", "hash": "fb4e573435efe8fb"}
{"timestamp": "2026-02-22T07:56:51.773439+00:00", "level": "INFO", "action": "ASYNC_PLUGIN_EXECUTE", "details": "Async executing: active-test", "operator": "system", "plugin": "active-test", "engagement_id": "ASYNC-001", "previous_hash": "fb4e573435efe8fb", "hash": "5931946428b8fcd4"}
{"timestamp": "2026-02-22T07:56:51.774439+00:00", "level": "INFO", "action": "ASYNC_PLUGIN_COMPLETE", "details": "active-test: success=True, findings=0, 0ms", "operator": "system", "plugin": "active-test", "engagement_id": "ASYNC-001", "previous_hash": "5931946428b8fcd4", "hash": "7153ce51f07e88fe"}
{"timestamp": "2026-02-22T07:56:51.796458+00:00", "level": "INFO", "action": "ROE_VALIDATED", "details": "RoE TEST-001 validated successfully", "operator": "system", "plugin": "", "engagement_id": "TEST-001", "previous_hash": "7153ce51f07e88fe", "hash": "0fe63c860249bf75"}
{"timestamp": "2026-02-22T07:56:51.818928+00:00", "level": "WARN", "action": "POLICY_DENIED", "details": "test-plugin: RoE has not been validated", "operator": "system", "plugin": "", "engagement_id": "", "previous_hash": "0fe63c860249bf75", "hash": "b1843876b0feb8d0"}
{"timestamp": "2026-02-22T07:56:51.846201+00:00", "level": "INFO", "action": "ACTIVATION_CODE_SET", "details": "New activation code configured", "operator": "system", "plugin": "", "engagement_id": "", "previous_hash": "b1843876b0feb8d0", "hash": "4874b5fa6d43690b"}
{"timestamp": "2026-02-22T08:39:10.086046+00:00", "level": "INFO", "action": "ACTIVATION_CODE_SET", "details": "New activation code configured", "operator": "system", "plugin": "", "engagement_id": "", "previous_hash": "4874b5fa6d43690b", "hash": "5e84c86b22f2f9c2"}
{"timestamp": "2026-02-22T08:39:10.156408+00:00", "level": "INFO", "action": "ACTIVATION_CODE_SET", "details": "New activation code configured", "operator": "system", "plugin": "", "engagement_id": "", "previous_hash": "5e84c86b22f2f9c2", "hash": "052ffff7f317230c"}
{"timestamp": "2026-02-22T08:39:10.196374+00:00", "level": "WARN", "action": "ACTIVATION_SET_FAILED", "details": "Code must contain letters, digits, and special characters", "operator": "system", "plugin": "", "engagement_id": "", "previous_hash": "052ffff7f317230c", "hash": "ffb5dc5eeeb769f1"}
{"timestamp": "2026-02-22T08:39:10.197941+00:00", "level": "WARN", "action": "ACTIVATION_SET_FAILED", "details": "Code must contain letters, digits, and special characters", "operator": "system", "plugin": "", "engagement_id": "", "previous_hash": "ffb5dc5eeeb769f1", "hash": "534bec04b820ee46"}
{"timestamp": "2026-02-22T08:39:10.198758+00:00", "level": "WARN", "action": "ACTIVATION_SET_FAILED", "details": "Code must contain letters, digits, and special characters", "operator": "system", "plugin": "", "engagement_id": "", "previous_hash": "534bec04b820ee46", "hash": "fb6e505b35aebd59"}
{"timestamp": "2026-02-22T08:39:10.198758+00:00", "level": "WARN", "action": "ACTIVATION_SET_FAILED", "details": "Code too short \u2014 minimum 8 characters required", "operator": "system", "plugin": "", "engagement_id": "", "previous_hash": "fb6e505b35aebd59", "hash": "012dfdaadd017ebb"}
{"timestamp": "2026-02-22T08:39:10.238932+00:00", "level": "INFO", "action": "ACTIVATION_CODE_SET", "details": "New activation code configured", "operator": "system", "plugin": "", "engagement_id": "", "previous_hash": "012dfdaadd017ebb", "hash": "a74fd12789da888f"}
{"timestamp": "2026-02-22T08:39:10.239932+00:00", "level": "INFO", "action": "ACTIVATION_CODE_CLEARED", "details": "Activation code removed", "operator": "system", "plugin": "", "engagement_id": "", "previous_hash": "a74fd12789da888f", "hash": "eb4e435f312c1f6f"}
{"timestamp": "2026-02-22T08:39:10.283453+00:00", "level": "INFO", "action": "ACTIVATION_CODE_SET", "details": "New activation code configured", "operator": "system", "plugin": "", "engagement_id": "", "previous_hash": "eb4e435f312c1f6f", "hash": "69f5e286756a8a2a"}
{"timestamp": "2026-02-22T08:39:10.319794+00:00", "level": "INFO", "action": "ACTIVATION_CODE_SET", "details": "New activation code configured", "operator": "system", "plugin": "", "engagement_id": "", "previous_hash": "69f5e286756a8a2a", "hash": "2a6d3021028853c2"}
{"timestamp": "2026-02-22T08:39:10.348936+00:00", "level": "INFO", "action": "ENGAGEMENT_INIT", "details": "Created engagement: ENG-001", "operator": "system", "plugin": "", "engagement_id": "", "previous_hash": "2a6d3021028853c2", "hash": "628ca77d8d7d3c40"}
{"timestamp": "2026-02-22T08:39:10.364850+00:00", "level": "INFO", "action": "ENGAGEMENT_INIT", "details": "Created engagement: TMPL", "operator": "system", "plugin": "", "engagement_id": "", "previous_hash": "628ca77d8d7d3c40", "hash": "7157c5df33403971"}
{"timestamp": "2026-02-22T08:45:13.968886+00:00", "level": "INFO", "action": "ROE_VALIDATED", "details": "RoE TEST-001 validated successfully", "operator": "system", "plugin": "", "engagement_id": "TEST-001", "previous_hash": "7157c5df33403971", "hash": "4758a5e89ae138ba"}
{"timestamp": "2026-02-22T08:45:13.968886+00:00", "level": "INFO", "action": "ENGAGEMENT_LOADED", "details": "RoE validated, authorizer: Test Admin", "operator": "system", "plugin": "", "engagement_id": "TEST-001", "previous_hash": "4758a5e89ae138ba", "hash": "d3f2ee67410ea066"}
{"timestamp": "2026-02-22T08:45:13.976304+00:00", "level": "ERROR", "action": "ENGAGEMENT_LOAD_FAILED", "details": "Missing required RoE fields: authorizer, authorized_targets, allowed_tests, start_time_utc, end_time_utc", "operator": "system", "plugin": "", "engagement_id": "", "previous_hash": "d3f2ee67410ea066", "hash": "e14e50935452a1e2"}
{"timestamp": "2026-02-22T08:45:13.984514+00:00", "level": "ERROR", "action": "ENGAGEMENT_LOAD_FAILED", "details": "RoE has expired (end_time: 2026-02-21T08:45:13+00:00)", "operator": "system", "plugin": "", "engagement_id": "", "previous_hash": "e14e50935452a1e2", "hash": "b3a9d5cafb1758a9"}
{"timestamp": "2026-02-22T08:45:13.985514+00:00", "level": "ERROR", "action": "ENGAGEMENT_LOAD_FAILED", "details": "RoE file not found: \\nonexistent\\roe.yaml", "operator": "system", "plugin": "", "engagement_id": "", "previous_hash": "b3a9d5cafb1758a9", "hash": "49721a1931ff9025"}
{"timestamp": "2026-02-22T08:45:13.988514+00:00", "level": "INFO", "action": "ROE_VALIDATED", "details": "RoE TEST-001 validated successfully", "operator": "system", "plugin": "", "engagement_id": "TEST-001", "previous_hash": "49721a1931ff9025", "hash": "d42dc75919a14234"}
{"timestamp": "2026-02-22T08:45:13.988514+00:00", "level": "INFO", "action": "ENGAGEMENT_LOADED", "details": "RoE validated, authorizer: Test Admin", "operator": "system", "plugin": "", "engagement_id": "TEST-001", "previous_hash": "d42dc75919a14234", "hash": "423c2258f87b9c6b"}
{"timestamp": "2026-02-22T08:45:13.989515+00:00", "level": "INFO", "action": "PLUGIN_DRY_RUN", "details": "Dry run: stub-test", "operator": "system", "plugin": "stub-test", "engagement_id": "TEST-001", "previous_hash": "423c2258f87b9c6b", "hash": "aa94b4222e127d11"}
{"timestamp": "2026-02-22T08:45:14.036941+00:00", "level": "INFO", "action": "ROE_VALIDATED", "details": "RoE TEST-001 validated successfully", "operator": "system", "plugin": "", "engagement_id": "TEST-001", "previous_hash": "aa94b4222e127d11", "hash": "5433a6752ab59ba3"}
{"timestamp": "2026-02-22T08:45:14.037939+00:00", "level": "INFO", "action": "ENGAGEMENT_LOADED", "details": "RoE validated, authorizer: Test Admin", "operator": "system", "plugin": "", "engagement_id": "TEST-001", "previous_hash": "5433a6752ab59ba3", "hash": "3796d0b25066a14d"}
{"timestamp": "2026-02-22T08:45:14.040522+00:00", "level": "INFO", "action": "ROE_VALIDATED", "details": "RoE TEST-001 validated successfully", "operator": "system", "plugin": "", "engagement_id": "TEST-001", "previous_hash": "3796d0b25066a14d", "hash": "f875ada4eb40cd7b"}
{"timestamp": "2026-02-22T08:45:14.040522+00:00", "level": "INFO", "action": "ENGAGEMENT_LOADED", "details": "RoE validated, authorizer: Test Admin", "operator": "system", "plugin": "", "engagement_id": "TEST-001", "previous_hash": "f875ada4eb40cd7b", "hash": "460b6c5fb06aeec5"}
{"timestamp": "2026-02-22T08:45:14.041525+00:00", "level": "INFO", "action": "PLUGIN_EXECUTE", "details": "Executing: stub-test", "operator": "system", "plugin": "stub-test", "engagement_id": "TEST-001", "previous_hash": "460b6c5fb06aeec5", "hash": "28bce48b17e6c885"}
{"timestamp": "2026-02-22T08:45:14.041525+00:00", "level": "INFO", "action": "PLUGIN_COMPLETE", "details": "stub-test: success=True, findings=1, 0ms", "operator": "system", "plugin": "stub-test", "engagement_id": "TEST-001", "previous_hash": "28bce48b17e6c885", "hash": "767fdf8ac3ec7cf4"}
{"timestamp": "2026-02-22T08:45:14.044525+00:00", "level": "INFO", "action": "ROE_VALIDATED", "details": "RoE TEST-001 validated successfully", "operator": "system", "plugin": "", "engagement_id": "TEST-001", "previous_hash": "767fdf8ac3ec7cf4", "hash": "d585ba02a20ef07b"}
{"timestamp": "2026-02-22T08:45:14.044525+00:00", "level": "INFO", "action": "ENGAGEMENT_LOADED", "details": "RoE validated, authorizer: Test Admin", "operator": "system", "plugin": "", "engagement_id": "TEST-001", "previous_hash": "d585ba02a20ef07b", "hash": "aec8ad5866849667"}
{"timestamp": "2026-02-22T08:45:14.044525+00:00", "level": "INFO", "action": "PLUGIN_EXECUTE", "details": "Executing: fail-test", "operator": "system", "plugin": "fail-test", "engagement_id": "TEST-001", "previous_hash": "aec8ad5866849667", "hash": "ec3862c19ca9589b"}
{"timestamp": "2026-02-22T08:45:14.044525+00:00", "level": "INFO", "action": "PLUGIN_COMPLETE", "details": "fail-test: success=False, findings=0, 0ms", "operator": "system", "plugin": "fail-test", "engagement_id": "TEST-001", "previous_hash": "ec3862c19ca9589b", "hash": "d8e4ae7fe230c474"}
{"timestamp": "2026-02-22T08:45:14.048169+00:00", "level": "INFO", "action": "ROE_VALIDATED", "details": "RoE TEST-001 validated successfully", "operator": "system", "plugin": "", "engagement_id": "TEST-001", "previous_hash": "d8e4ae7fe230c474", "hash": "de536379cca56f26"}
{"timestamp": "2026-02-22T08:45:14.048169+00:00", "level": "INFO", "action": "ENGAGEMENT_LOADED", "details": "RoE validated, authorizer: Test Admin", "operator": "system", "plugin": "", "engagement_id": "TEST-001", "previous_hash": "de536379cca56f26", "hash": "e5e084b019651db9"}
{"timestamp": "2026-02-22T08:45:14.048169+00:00", "level": "INFO", "action": "ENGAGEMENT_SHUTDOWN", "details": "", "operator": "system", "plugin": "", "engagement_id": "TEST-001", "previous_hash": "e5e084b019651db9", "hash": "dafd46adf9b88540"}
{"timestamp": "2026-02-22T08:45:14.048984+00:00", "level": "WARN", "action": "ACTIVATION_FAILED", "details": "No engagement loaded", "operator": "system", "plugin": "", "engagement_id": "", "previous_hash": "dafd46adf9b88540", "hash": "f33eb30e15fff8ba"}
{"timestamp": "2026-02-22T08:45:14.051802+00:00", "level": "INFO", "action": "ROE_VALIDATED", "details": "RoE TEST-001 validated successfully", "operator": "system", "plugin": "", "engagement_id": "TEST-001", "previous_hash": "f33eb30e15fff8ba", "hash": "a9b9dcd6822a4037"}
{"timestamp": "2026-02-22T08:45:14.051802+00:00", "level": "INFO", "action": "ENGAGEMENT_LOADED", "details": "RoE validated, authorizer: Test Admin", "operator": "system", "plugin": "", "engagement_id": "TEST-001", "previous_hash": "a9b9dcd6822a4037", "hash": "e5791020184f175f"}
{"timestamp": "2026-02-22T08:45:14.061689+00:00", "level": "INFO", "action": "ASYNC_PLUGIN_EXECUTE", "details": "Async executing: active-test", "operator": "system", "plugin": "active-test", "engagement_id": "ASYNC-001", "previous_hash": "e5791020184f175f", "hash": "593a5fb0959fd64d"}
{"timestamp": "2026-02-22T08:45:14.063428+00:00", "level": "INFO", "action": "ASYNC_PLUGIN_COMPLETE", "details": "active-test: success=True, findings=0, 0ms", "operator": "system", "plugin": "active-test", "engagement_id": "ASYNC-001", "previous_hash": "593a5fb0959fd64d", "hash": "fd71b803168c2de6"}
{"timestamp": "2026-02-22T08:45:14.065374+00:00", "level": "INFO", "action": "ASYNC_PLUGIN_EXECUTE", "details": "Async executing: destructive-test", "operator": "system", "plugin": "destructive-test", "engagement_id": "ASYNC-001", "previous_hash": "fd71b803168c2de6", "hash": "1dee22965d12b9a4"}
{"timestamp": "2026-02-22T08:45:14.065374+00:00", "level": "INFO", "action": "ASYNC_PLUGIN_COMPLETE", "details": "destructive-test: success=True, findings=0, 0ms", "operator": "system", "plugin": "destructive-test", "engagement_id": "ASYNC-001", "previous_hash": "1dee22965d12b9a4", "hash": "1aef4b9f560a8188"}
{"timestamp": "2026-02-22T08:45:14.067379+00:00", "level": "INFO", "action": "ASYNC_PLUGIN_DRY_RUN", "details": "Async dry run: async-stub", "operator": "system", "plugin": "async-stub", "engagement_id": "ASYNC-001", "previous_hash": "1aef4b9f560a8188", "hash": "6ae9066f20a101c3"}
{"timestamp": "2026-02-22T08:45:14.067379+00:00", "level": "INFO", "action": "ASYNC_PLUGIN_EXECUTE", "details": "Async executing: async-stub", "operator": "system", "plugin": "async-stub", "engagement_id": "ASYNC-001", "previous_hash": "6ae9066f20a101c3", "hash": "222dbc733209a332"}
{"timestamp": "2026-02-22T08:45:14.088300+00:00", "level": "INFO", "action": "ASYNC_PLUGIN_COMPLETE", "details": "async-stub: success=True, findings=0, 30ms", "operator": "system", "plugin": "async-stub", "engagement_id": "ASYNC-001", "previous_hash": "222dbc733209a332", "hash": "dca9dbba5053e9fd"}
{"timestamp": "2026-02-22T08:45:14.089373+00:00", "level": "INFO", "action": "ASYNC_PLUGIN_EXECUTE", "details": "Async executing: slow-test", "operator": "system", "plugin": "slow-test", "engagement_id": "ASYNC-001", "previous_hash": "dca9dbba5053e9fd", "hash": "ec6bff8c6bf506af"}
{"timestamp": "2026-02-22T08:45:15.100282+00:00", "level": "INFO", "action": "ASYNC_PLUGIN_EXECUTE", "details": "Async executing: active-test", "operator": "system", "plugin": "active-test", "engagement_id": "ASYNC-001", "previous_hash": "ec6bff8c6bf506af", "hash": "cb9bf80f11d84e1f"}
{"timestamp": "2026-02-22T08:45:15.100282+00:00", "level": "INFO", "action": "ASYNC_PLUGIN_COMPLETE", "details": "active-test: success=True, findings=0, 0ms", "operator": "system", "plugin": "active-test", "engagement_id": "ASYNC-001", "previous_hash": "cb9bf80f11d84e1f", "hash": "531503f0fe43e1e2"}
{"timestamp": "2026-02-22T08:45:15.118350+00:00", "level": "INFO", "action": "ROE_VALIDATED", "details": "RoE TEST-001 validated successfully", "operator": "system", "plugin": "", "engagement_id": "TEST-001", "previous_hash": "531503f0fe43e1e2", "hash": "9fa28031d77fbd9b"}
{"timestamp": "2026-02-22T08:45:15.139721+00:00", "level": "WARN", "action": "POLICY_DENIED", "details": "test-plugin: RoE has not been validated", "operator": "system", "plugin": "", "engagement_id": "", "previous_hash": "9fa28031d77fbd9b", "hash": "e917f39af396dc8e"}
{"timestamp": "2026-02-22T08:45:15.173813+00:00", "level": "INFO", "action": "ACTIVATION_CODE_SET", "details": "New activation code configured", "operator": "system", "plugin": "", "engagement_id": "", "previous_hash": "e917f39af396dc8e", "hash": "9a825b935221b469"}
{"timestamp": "2026-02-22T08:49:58.540927+00:00", "level": "INFO", "action": "ACTIVATION_CODE_SET", "details": "New activation code configured", "operator": "system", "plugin": "", "engagement_id": "", "previous_hash": "9a825b935221b469", "hash": "241ce9ec8366a507"}
{"timestamp": "2026-02-22T08:49:58.619410+00:00", "level": "INFO", "action": "ACTIVATION_CODE_SET", "details": "New activation code configured", "operator": "system", "plugin": "", "engagement_id": "", "previous_hash": "241ce9ec8366a507", "hash": "8ea0c0310b37e532"}
{"timestamp": "2026-02-22T08:49:58.666151+00:00", "level": "WARN", "action": "ACTIVATION_SET_FAILED", "details": "Code must contain letters, digits, and special characters", "operator": "system", "plugin": "", "engagement_id": "", "previous_hash": "8ea0c0310b37e532", "hash": "e3e55fb78ba2e61f"}
{"timestamp": "2026-02-22T08:49:58.670694+00:00", "level": "WARN", "action": "ACTIVATION_SET_FAILED", "details": "Code must contain letters, digits, and special characters", "operator": "system", "plugin": "", "engagement_id": "", "previous_hash": "e3e55fb78ba2e61f", "hash": "21c9dfdd176d38c8"}
{"timestamp": "2026-02-22T08:49:58.672120+00:00", "level": "WARN", "action": "ACTIVATION_SET_FAILED", "details": "Code must contain letters, digits, and special characters", "operator": "system", "plugin": "", "engagement_id": "", "previous_hash": "21c9dfdd176d38c8", "hash": "e7ee20c65c65d104"}
{"timestamp": "2026-02-22T08:49:58.672120+00:00", "level": "WARN", "action": "ACTIVATION_SET_FAILED", "details": "Code too short \u2014 minimum 8 characters required", "operator": "system", "plugin": "", "engagement_id": "", "previous_hash": "e7ee20c65c65d104", "hash": "7b1da2ac275e4f3a"}
{"timestamp": "2026-02-22T08:49:58.709051+00:00", "level": "INFO", "action": "ACTIVATION_CODE_SET", "details": "New activation code configured", "operator": "system", "plugin": "", "engagement_id": "", "previous_hash": "7b1da2ac275e4f3a", "hash": "72d4828eab6663d8"}
{"timestamp": "2026-02-22T08:49:58.710055+00:00", "level": "INFO", "action": "ACTIVATION_CODE_CLEARED", "details": "Activation code removed", "operator": "system", "plugin": "", "engagement_id": "", "previous_hash": "72d4828eab6663d8", "hash": "4c2b0f325f868344"}
{"timestamp": "2026-02-22T08:49:58.747752+00:00", "level": "INFO", "action": "ACTIVATION_CODE_SET", "details": "New activation code configured", "operator": "system", "plugin": "", "engagement_id": "", "previous_hash": "4c2b0f325f868344", "hash": "4e26d97fb09055cd"}
{"timestamp": "2026-02-22T08:49:58.789136+00:00", "level": "INFO", "action": "ACTIVATION_CODE_SET", "details": "New activation code configured", "operator": "system", "plugin": "", "engagement_id": "", "previous_hash": "4e26d97fb09055cd", "hash": "2906a33f4f940614"}
{"timestamp": "2026-02-22T08:49:58.803073+00:00", "level": "INFO", "action": "ENGAGEMENT_INIT", "details": "Created engagement: ENG-001", "operator": "system", "plugin": "", "engagement_id": "", "previous_hash": "2906a33f4f940614", "hash": "6f55fcd33cb86d0a"}
{"timestamp": "2026-02-22T08:49:58.814821+00:00", "level": "INFO", "action": "ENGAGEMENT_INIT", "details": "Created engagement: TMPL", "operator": "system", "plugin": "", "engagement_id": "", "previous_hash": "6f55fcd33cb86d0a", "hash": "183ada076202d203"}
{"timestamp": "2026-02-22T08:56:01.173075+00:00", "level": "INFO", "action": "ROE_VALIDATED", "details": "RoE TEST-001 validated successfully", "operator": "system", "plugin": "", "engagement_id": "TEST-001", "previous_hash": "183ada076202d203", "hash": "2acd9e75b6724eeb"}
{"timestamp": "2026-02-22T08:56:01.173075+00:00", "level": "INFO", "action": "ENGAGEMENT_LOADED", "details": "RoE validated, authorizer: Test Admin", "operator": "system", "plugin": "", "engagement_id": "TEST-001", "previous_hash": "2acd9e75b6724eeb", "hash": "d707d8c35b09acb0"}
{"timestamp": "2026-02-22T08:56:01.173075+00:00", "level": "ERROR", "action": "ENGAGEMENT_LOAD_FAILED", "details": "Missing required RoE fields: authorizer, authorized_targets, allowed_tests, start_time_utc, end_time_utc", "operator": "system", "plugin": "", "engagement_id": "", "previous_hash": "d707d8c35b09acb0", "hash": "6c39a518ab9f3cc7"}
{"timestamp": "2026-02-22T08:56:01.184285+00:00", "level": "ERROR", "action": "ENGAGEMENT_LOAD_FAILED", "details": "RoE has expired (end_time: 2026-02-21T08:56:01+00:00)", "operator": "system", "plugin": "", "engagement_id": "", "previous_hash": "6c39a518ab9f3cc7", "hash": "74a4037abe1a8a17"}
{"timestamp": "2026-02-22T08:56:01.184285+00:00", "level": "ERROR", "action": "ENGAGEMENT_LOAD_FAILED", "details": "RoE file not found: \\nonexistent\\roe.yaml", "operator": "system", "plugin": "", "engagement_id": "", "previous_hash": "74a4037abe1a8a17", "hash": "3fdf2dd818277a9c"}
{"timestamp": "2026-02-22T08:56:01.187314+00:00", "level": "INFO", "action": "ROE_VALIDATED", "details": "RoE TEST-001 validated successfully", "operator": "system", "plugin": "", "engagement_id": "TEST-001", "previous_hash": "3fdf2dd818277a9c", "hash": "2e7a83ae6e998646"}
{"timestamp": "2026-02-22T08:56:01.187314+00:00", "level": "INFO", "action": "ENGAGEMENT_LOADED", "details": "RoE validated, authorizer: Test Admin", "operator": "system", "plugin": "", "engagement_id": "TEST-001", "previous_hash": "2e7a83ae6e998646", "hash": "61b36d290763a320"}
{"timestamp": "2026-02-22T08:56:01.187314+00:00", "level": "INFO", "action": "PLUGIN_DRY_RUN", "details": "Dry run: stub-test", "operator": "system", "plugin": "stub-test", "engagement_id": "TEST-001", "previous_hash": "61b36d290763a320", "hash": "ea1ceed95d0e7d66"}
{"timestamp": "2026-02-22T08:56:01.187314+00:00", "level": "INFO", "action": "ROE_VALIDATED", "details": "RoE TEST-001 validated successfully", "operator": "system", "plugin": "", "engagement_id": "TEST-001", "previous_hash": "ea1ceed95d0e7d66", "hash": "c0a3697be3c8fb39"}
{"timestamp": "2026-02-22T08:56:01.187314+00:00", "level": "INFO", "action": "ENGAGEMENT_LOADED", "details": "RoE validated, authorizer: Test Admin", "operator": "system", "plugin": "", "engagement_id": "TEST-001", "previous_hash": "c0a3697be3c8fb39", "hash": "21efcbee031a9427"}
{"timestamp": "2026-02-22T08:56:01.187314+00:00", "level": "INFO", "action": "ROE_VALIDATED", "details": "RoE TEST-001 validated successfully", "operator": "system", "plugin": "", "engagement_id": "TEST-001", "previous_hash": "21efcbee031a9427", "hash": "d931efc74b068d02"}
{"timestamp": "2026-02-22T08:56:01.187314+00:00", "level": "INFO", "action": "ENGAGEMENT_LOADED", "details": "RoE validated, authorizer: Test Admin", "operator": "system", "plugin": "", "engagement_id": "TEST-001", "previous_hash": "d931efc74b068d02", "hash": "78b6e91af8bd16e9"}
{"timestamp": "2026-02-22T08:56:01.187314+00:00", "level": "INFO", "action": "PLUGIN_EXECUTE", "details": "Executing: stub-test", "operator": "system", "plugin": "stub-test", "engagement_id": "TEST-001", "previous_hash": "78b6e91af8bd16e9", "hash": "849acf7a8e1fa95f"}
{"timestamp": "2026-02-22T08:56:01.187314+00:00", "level": "INFO", "action": "PLUGIN_COMPLETE", "details": "stub-test: success=True, findings=1, 0ms", "operator": "system", "plugin": "stub-test", "engagement_id": "TEST-001", "previous_hash": "849acf7a8e1fa95f", "hash": "9fa754e395d8a11b"}
{"timestamp": "2026-02-22T08:56:01.199453+00:00", "level": "INFO", "action": "ROE_VALIDATED", "details": "RoE TEST-001 validated successfully", "operator": "system", "plugin": "", "engagement_id": "TEST-001", "previous_hash": "9fa754e395d8a11b", "hash": "f3e47037a311f97a"}
{"timestamp": "2026-02-22T08:56:01.199453+00:00", "level": "INFO", "action": "ENGAGEMENT_LOADED", "details": "RoE validated, authorizer: Test Admin", "operator": "system", "plugin": "", "engagement_id": "TEST-001", "previous_hash": "f3e47037a311f97a", "hash": "3971ea6d440039ae"}
{"timestamp": "2026-02-22T08:56:01.199453+00:00", "level": "INFO", "action": "PLUGIN_EXECUTE", "details": "Executing: fail-test", "operator": "system", "plugin": "fail-test", "engagement_id": "TEST-001", "previous_hash": "3971ea6d440039ae", "hash": "705c821cbf860395"}
{"timestamp": "2026-02-22T08:56:01.199453+00:00", "level": "INFO", "action": "PLUGIN_COMPLETE", "details": "fail-test: success=False, findings=0, 0ms", "operator": "system", "plugin": "fail-test", "engagement_id": "TEST-001", "previous_hash": "705c821cbf860395", "hash": "b1240e9c08027275"}
{"timestamp": "2026-02-22T08:56:01.204605+00:00", "level": "INFO", "action": "ROE_VALIDATED", "details": "RoE TEST-001 validated successfully", "operator": "system", "plugin": "", "engagement_id": "TEST-001", "previous_hash": "b1240e9c08027275", "hash": "c048862ed510c5cd"}
{"timestamp": "2026-02-22T08:56:01.204605+00:00", "level": "INFO", "action": "ENGAGEMENT_LOADED", "details": "RoE validated, authorizer: Test Admin", "operator": "system", "plugin": "", "engagement_id": "TEST-001", "previous_hash": "c048862ed510c5cd", "hash": "a0b58b8c375d5ca8"}
{"timestamp": "2026-02-22T08:56:01.205605+00:00", "level": "INFO", "action": "ENGAGEMENT_SHUTDOWN", "details": "", "operator": "system", "plugin": "", "engagement_id": "TEST-001", "previous_hash": "a0b58b8c375d5ca8", "hash": "dd47d22c2c229bcd"}
{"timestamp": "2026-02-22T08:56:01.205605+00:00", "level": "WARN", "action": "ACTIVATION_FAILED", "details": "No engagement loaded", "operator": "system", "plugin": "", "engagement_id": "", "previous_hash": "dd47d22c2c229bcd", "hash": "8dbe313b6587e4e9"}
{"timestamp": "2026-02-22T08:56:01.209321+00:00", "level": "INFO", "action": "ROE_VALIDATED", "details": "RoE TEST-001 validated successfully", "operator": "system", "plugin": "", "engagement_id": "TEST-001", "previous_hash": "8dbe313b6587e4e9", "hash": "f9520c8161fd278b"}
{"timestamp": "2026-02-22T08:56:01.209321+00:00", "level": "INFO", "action": "ENGAGEMENT_LOADED", "details": "RoE validated, authorizer: Test Admin", "operator": "system", "plugin": "", "engagement_id": "TEST-001", "previous_hash": "f9520c8161fd278b", "hash": "b6a91d6f848b2cc0"}
{"timestamp": "2026-02-22T08:56:01.218915+00:00", "level": "INFO", "action": "ASYNC_PLUGIN_EXECUTE", "details": "Async executing: active-test", "operator": "system", "plugin": "active-test", "engagement_id": "ASYNC-001", "previous_hash": "b6a91d6f848b2cc0", "hash": "5ffb196c791d6c50"}
{"timestamp": "2026-02-22T08:56:01.218915+00:00", "level": "INFO", "action": "ASYNC_PLUGIN_COMPLETE", "details": "active-test: success=True, findings=0, 0ms", "operator": "system", "plugin": "active-test", "engagement_id": "ASYNC-001", "previous_hash": "5ffb196c791d6c50", "hash": "389fdeb0928c397f"}
{"timestamp": "2026-02-22T08:56:01.222511+00:00", "level": "INFO", "action": "ASYNC_PLUGIN_EXECUTE", "details": "Async executing: destructive-test", "operator": "system", "plugin": "destructive-test", "engagement_id": "ASYNC-001", "previous_hash": "389fdeb0928c397f", "hash": "27ccd2ed64348f99"}
{"timestamp": "2026-02-22T08:56:01.222511+00:00", "level": "INFO", "action": "ASYNC_PLUGIN_COMPLETE", "details": "destructive-test: success=True, findings=0, 0ms", "operator": "system", "plugin": "destructive-test", "engagement_id": "ASYNC-001", "previous_hash": "27ccd2ed64348f99", "hash": "4c814a4171ec5799"}
{"timestamp": "2026-02-22T08:56:01.224516+00:00", "level": "INFO", "action": "ASYNC_PLUGIN_DRY_RUN", "details": "Async dry run: async-stub", "operator": "system", "plugin": "async-stub", "engagement_id": "ASYNC-001", "previous_hash": "4c814a4171ec5799", "hash": "b6feed27ec877222"}
{"timestamp": "2026-02-22T08:56:01.224516+00:00", "level": "INFO", "action": "ASYNC_PLUGIN_EXECUTE", "details": "Async executing: async-stub", "operator": "system", "plugin": "async-stub", "engagement_id": "ASYNC-001", "previous_hash": "b6feed27ec877222", "hash": "0d433188a217f3d1"}
{"timestamp": "2026-02-22T08:56:01.249044+00:00", "level": "INFO", "action": "ASYNC_PLUGIN_COMPLETE", "details": "async-stub: success=True, findings=0, 31ms", "operator": "system", "plugin": "async-stub", "engagement_id": "ASYNC-001", "previous_hash": "0d433188a217f3d1", "hash": "361c37a998ba556b"}
{"timestamp": "2026-02-22T08:56:01.252290+00:00", "level": "INFO", "action": "ASYNC_PLUGIN_EXECUTE", "details": "Async executing: slow-test", "operator": "system", "plugin": "slow-test", "engagement_id": "ASYNC-001", "previous_hash": "361c37a998ba556b", "hash": "9d244d1f7c0d6a98"}
{"timestamp": "2026-02-22T08:56:02.262062+00:00", "level": "INFO", "action": "ASYNC_PLUGIN_EXECUTE", "details": "Async executing: active-test", "operator": "system", "plugin": "active-test", "engagement_id": "ASYNC-001", "previous_hash": "9d244d1f7c0d6a98", "hash": "0ae16f8f09b296a2"}
{"timestamp": "2026-02-22T08:56:02.263461+00:00", "level": "INFO", "action": "ASYNC_PLUGIN_COMPLETE", "details": "active-test: success=True, findings=0, 0ms", "operator": "system", "plugin": "active-test", "engagement_id": "ASYNC-001", "previous_hash": "0ae16f8f09b296a2", "hash": "b64cfa427642f9c9"}
{"timestamp": "2026-02-22T08:56:02.296959+00:00", "level": "INFO", "action": "ROE_VALIDATED", "details": "RoE TEST-001 validated successfully", "operator": "system", "plugin": "", "engagement_id": "TEST-001", "previous_hash": "b64cfa427642f9c9", "hash": "c8e483cb1c47da90"}
{"timestamp": "2026-02-22T08:56:02.310508+00:00", "level": "WARN", "action": "POLICY_DENIED", "details": "test-plugin: RoE has not been validated", "operator": "system", "plugin": "", "engagement_id": "", "previous_hash": "c8e483cb1c47da90", "hash": "2233c800e2ed1f2f"}
{"timestamp": "2026-02-22T08:56:02.348878+00:00", "level": "INFO", "action": "ACTIVATION_CODE_SET", "details": "New activation code configured", "operator": "system", "plugin": "", "engagement_id": "", "previous_hash": "2233c800e2ed1f2f", "hash": "2f60e87ea9107f1d"}
{"timestamp": "2026-02-23T04:43:08.564525+00:00", "level": "INFO", "action": "ACTIVATION_CODE_SET", "details": "New activation code configured", "operator": "system", "plugin": "", "engagement_id": "", "previous_hash": "2f60e87ea9107f1d", "hash": "aff84b3afda6d069"}
{"timestamp": "2026-02-23T04:43:08.630477+00:00", "level": "INFO", "action": "ACTIVATION_CODE_SET", "details": "New activation code configured", "operator": "system", "plugin": "", "engagement_id": "", "previous_hash": "aff84b3afda6d069", "hash": "4f6b4a5a459794ac"}
{"timestamp": "2026-02-23T04:43:08.677953+00:00", "level": "WARN", "action": "ACTIVATION_SET_FAILED", "details": "Code must contain letters, digits, and special characters", "operator": "system", "plugin": "", "engagement_id": "", "previous_hash": "4f6b4a5a459794ac", "hash": "325c2c192ed6fabc"}
{"timestamp": "2026-02-23T04:43:08.678961+00:00", "level": "WARN", "action": "ACTIVATION_SET_FAILED", "details": "Code must contain letters, digits, and special characters", "operator": "system", "plugin": "", "engagement_id": "", "previous_hash": "325c2c192ed6fabc", "hash": "e6303b3dd31d481b"}
{"timestamp": "2026-02-23T04:43:08.680539+00:00", "level": "WARN", "action": "ACTIVATION_SET_FAILED", "details": "Code must contain letters, digits, and special characters", "operator": "system", "plugin": "", "engagement_id": "", "previous_hash": "e6303b3dd31d481b", "hash": "404d7f3901bb1d16"}
{"timestamp": "2026-02-23T04:43:08.680539+00:00", "level": "WARN", "action": "ACTIVATION_SET_FAILED", "details": "Code too short \u2014 minimum 8 characters required", "operator": "system", "plugin": "", "engagement_id": "", "previous_hash": "404d7f3901bb1d16", "hash": "bc3fd65f7ca91a95"}
{"timestamp": "2026-02-23T04:43:08.714924+00:00", "level": "INFO", "action": "ACTIVATION_CODE_SET", "details": "New activation code configured", "operator": "system", "plugin": "", "engagement_id": "", "previous_hash": "bc3fd65f7ca91a95", "hash": "9ae4236f6b6acc77"}
{"timestamp": "2026-02-23T04:43:08.714924+00:00", "level": "INFO", "action": "ACTIVATION_CODE_CLEARED", "details": "Activation code removed", "operator": "system", "plugin": "", "engagement_id": "", "previous_hash": "9ae4236f6b6acc77", "hash": "ec761eeb979afbe3"}
{"timestamp": "2026-02-23T04:43:08.746057+00:00", "level": "INFO", "action": "ACTIVATION_CODE_SET", "details": "New activation code configured", "operator": "system", "plugin": "", "engagement_id": "", "previous_hash": "ec761eeb979afbe3", "hash": "0cb118a182ee7a1b"}
{"timestamp": "2026-02-23T04:43:08.780295+00:00", "level": "INFO", "action": "ACTIVATION_CODE_SET", "details": "New activation code configured", "operator": "system", "plugin": "", "engagement_id": "", "previous_hash": "0cb118a182ee7a1b", "hash": "a9c7cb80eb138179"}
{"timestamp": "2026-02-23T04:43:08.796349+00:00", "level": "INFO", "action": "ENGAGEMENT_INIT", "details": "Created engagement: ENG-001", "operator": "system", "plugin": "", "engagement_id": "", "previous_hash": "a9c7cb80eb138179", "hash": "cbbcb303019c5eb7"}
{"timestamp": "2026-02-23T04:43:08.796349+00:00", "level": "INFO", "action": "ENGAGEMENT_INIT", "details": "Created engagement: TMPL", "operator": "system", "plugin": "", "engagement_id": "", "previous_hash": "cbbcb303019c5eb7", "hash": "0231c789ecb98974"}
{"timestamp": "2026-02-23T04:49:18.427873+00:00", "level": "INFO", "action": "ROE_VALIDATED", "details": "RoE TEST-001 validated successfully", "operator": "system", "plugin": "", "engagement_id": "TEST-001", "previous_hash": "0231c789ecb98974", "hash": "f5b913e92bc69d11"}
{"timestamp": "2026-02-23T04:49:18.428384+00:00", "level": "INFO", "action": "ENGAGEMENT_LOADED", "details": "RoE validated, authorizer: Test Admin", "operator": "system", "plugin": "", "engagement_id": "TEST-001", "previous_hash": "f5b913e92bc69d11", "hash": "d34a984525844430"}
{"timestamp": "2026-02-23T04:49:18.435008+00:00", "level": "ERROR", "action": "ENGAGEMENT_LOAD_FAILED", "details": "Missing required RoE fields: authorizer, authorized_targets, allowed_tests, start_time_utc, end_time_utc", "operator": "system", "plugin": "", "engagement_id": "", "previous_hash": "d34a984525844430", "hash": "8ab1136452bb1a29"}
{"timestamp": "2026-02-23T04:49:18.435008+00:00", "level": "ERROR", "action": "ENGAGEMENT_LOAD_FAILED", "details": "RoE has expired (end_time: 2026-02-22T04:49:18+00:00)", "operator": "system", "plugin": "", "engagement_id": "", "previous_hash": "8ab1136452bb1a29", "hash": "94e6486bba38d928"}
{"timestamp": "2026-02-23T04:49:18.435008+00:00", "level": "ERROR", "action": "ENGAGEMENT_LOAD_FAILED", "details": "RoE file not found: \\nonexistent\\roe.yaml", "operator": "system", "plugin": "", "engagement_id": "", "previous_hash": "94e6486bba38d928", "hash": "7d1eaea5b284b5d1"}
{"timestamp": "2026-02-23T04:49:18.446438+00:00", "level": "INFO", "action": "ROE_VALIDATED", "details": "RoE TEST-001 validated successfully", "operator": "system", "plugin": "", "engagement_id": "TEST-001", "previous_hash": "7d1eaea5b284b5d1", "hash": "8c2a646d5611ab03"}
{"timestamp": "2026-02-23T04:49:18.446438+00:00", "level": "INFO", "action": "ENGAGEMENT_LOADED", "details": "RoE validated, authorizer: Test Admin", "operator": "system", "plugin": "", "engagement_id": "TEST-001", "previous_hash": "8c2a646d5611ab03", "hash": "0b258fd925dfff46"}
{"timestamp": "2026-02-23T04:49:18.446972+00:00", "level": "INFO", "action": "PLUGIN_DRY_RUN", "details": "Dry run: stub-test", "operator": "system", "plugin": "stub-test", "engagement_id": "TEST-001", "previous_hash": "0b258fd925dfff46", "hash": "04ebec7c726968c4"}
{"timestamp": "2026-02-23T04:49:18.446972+00:00", "level": "INFO", "action": "ROE_VALIDATED", "details": "RoE TEST-001 validated successfully", "operator": "system", "plugin": "", "engagement_id": "TEST-001", "previous_hash": "04ebec7c726968c4", "hash": "38e8f2dd19c3b69b"}
{"timestamp": "2026-02-23T04:49:18.446972+00:00", "level": "INFO", "action": "ENGAGEMENT_LOADED", "details": "RoE validated, authorizer: Test Admin", "operator": "system", "plugin": "", "engagement_id": "TEST-001", "previous_hash": "38e8f2dd19c3b69b", "hash": "90ad715b4bd2ef99"}
{"timestamp": "2026-02-23T04:49:18.446972+00:00", "level": "INFO", "action": "ROE_VALIDATED", "details": "RoE TEST-001 validated successfully", "operator": "system", "plugin": "", "engagement_id": "TEST-001", "previous_hash": "90ad715b4bd2ef99", "hash": "c4951f617d687378"}
{"timestamp": "2026-02-23T04:49:18.446972+00:00", "level": "INFO", "action": "ENGAGEMENT_LOADED", "details": "RoE validated, authorizer: Test Admin", "operator": "system", "plugin": "", "engagement_id": "TEST-001", "previous_hash": "c4951f617d687378", "hash": "18ecb8e5ea350d45"}
{"timestamp": "2026-02-23T04:49:18.446972+00:00", "level": "INFO", "action": "PLUGIN_EXECUTE", "details": "Executing: stub-test", "operator": "system", "plugin": "stub-test", "engagement_id": "TEST-001", "previous_hash": "18ecb8e5ea350d45", "hash": "6037f4d25ee688d8"}
{"timestamp": "2026-02-23T04:49:18.446972+00:00", "level": "INFO", "action": "PLUGIN_COMPLETE", "details": "stub-test: success=True, findings=1, 0ms", "operator": "system", "plugin": "stub-test", "engagement_id": "TEST-001", "previous_hash": "6037f4d25ee688d8", "hash": "135840dd667ba248"}
{"timestamp": "2026-02-23T04:49:18.446972+00:00", "level": "INFO", "action": "ROE_VALIDATED", "details": "RoE TEST-001 validated successfully", "operator": "system", "plugin": "", "engagement_id": "TEST-001", "previous_hash": "135840dd667ba248", "hash": "33a24f30ba4a496d"}
{"timestamp": "2026-02-23T04:49:18.446972+00:00", "level": "INFO", "action": "ENGAGEMENT_LOADED", "details": "RoE validated, authorizer: Test Admin", "operator": "system", "plugin": "", "engagement_id": "TEST-001", "previous_hash": "33a24f30ba4a496d", "hash": "bbc94d52cac0ce3a"}
{"timestamp": "2026-02-23T04:49:18.446972+00:00", "level": "INFO", "action": "PLUGIN_EXECUTE", "details": "Executing: fail-test", "operator": "system", "plugin": "fail-test", "engagement_id": "TEST-001", "previous_hash": "bbc94d52cac0ce3a", "hash": "9d810bba20a0a491"}
{"timestamp": "2026-02-23T04:49:18.446972+00:00", "level": "INFO", "action": "PLUGIN_COMPLETE", "details": "fail-test: success=False, findings=0, 0ms", "operator": "system", "plugin": "fail-test", "engagement_id": "TEST-001", "previous_hash": "9d810bba20a0a491", "hash": "9682d94aec508547"}
{"timestamp": "2026-02-23T04:49:18.446972+00:00", "level": "INFO", "action": "ROE_VALIDATED", "details": "RoE TEST-001 validated successfully", "operator": "system", "plugin": "", "engagement_id": "TEST-001", "previous_hash": "9682d94aec508547", "hash": "5bb65aed3b0d6165"}
{"timestamp": "2026-02-23T04:49:18.446972+00:00", "level": "INFO", "action": "ENGAGEMENT_LOADED", "details": "RoE validated, authorizer: Test Admin", "operator": "system", "plugin": "", "engagement_id": "TEST-001", "previous_hash": "5bb65aed3b0d6165", "hash": "0e6a1ff29bfdb836"}
{"timestamp": "2026-02-23T04:49:18.446972+00:00", "level": "INFO", "action": "ENGAGEMENT_SHUTDOWN", "details": "", "operator": "system", "plugin": "", "engagement_id": "TEST-001", "previous_hash": "0e6a1ff29bfdb836", "hash": "2115439ed7414913"}
{"timestamp": "2026-02-23T04:49:18.461047+00:00", "level": "WARN", "action": "ACTIVATION_FAILED", "details": "No engagement loaded", "operator": "system", "plugin": "", "engagement_id": "", "previous_hash": "2115439ed7414913", "hash": "5323b8f2865bc24b"}
{"timestamp": "2026-02-23T04:49:18.463095+00:00", "level": "INFO", "action": "ROE_VALIDATED", "details": "RoE TEST-001 validated successfully", "operator": "system", "plugin": "", "engagement_id": "TEST-001", "previous_hash": "5323b8f2865bc24b", "hash": "b1909e7a13b46827"}
{"timestamp": "2026-02-23T04:49:18.464096+00:00", "level": "INFO", "action": "ENGAGEMENT_LOADED", "details": "RoE validated, authorizer: Test Admin", "operator": "system", "plugin": "", "engagement_id": "TEST-001", "previous_hash": "b1909e7a13b46827", "hash": "fd50973a97e524ab"}
{"timestamp": "2026-02-23T04:49:18.474147+00:00", "level": "INFO", "action": "ASYNC_PLUGIN_EXECUTE", "details": "Async executing: active-test", "operator": "system", "plugin": "active-test", "engagement_id": "ASYNC-001", "previous_hash": "fd50973a97e524ab", "hash": "77a41b17a77d7ea2"}
{"timestamp": "2026-02-23T04:49:18.474147+00:00", "level": "INFO", "action": "ASYNC_PLUGIN_COMPLETE", "details": "active-test: success=True, findings=0, 0ms", "operator": "system", "plugin": "active-test", "engagement_id": "ASYNC-001", "previous_hash": "77a41b17a77d7ea2", "hash": "d8763cd852a1b574"}
{"timestamp": "2026-02-23T04:49:18.476147+00:00", "level": "INFO", "action": "ASYNC_PLUGIN_EXECUTE", "details": "Async executing: destructive-test", "operator": "system", "plugin": "destructive-test", "engagement_id": "ASYNC-001", "previous_hash": "d8763cd852a1b574", "hash": "85f2a007c399f764"}
{"timestamp": "2026-02-23T04:49:18.476147+00:00", "level": "INFO", "action": "ASYNC_PLUGIN_COMPLETE", "details": "destructive-test: success=True, findings=0, 0ms", "operator": "system", "plugin": "destructive-test", "engagement_id": "ASYNC-001", "previous_hash": "85f2a007c399f764", "hash": "b8870db58df338ca"}
{"timestamp": "2026-02-23T04:49:18.478149+00:00", "level": "INFO", "action": "ASYNC_PLUGIN_DRY_RUN", "details": "Async dry run: async-stub", "operator": "system", "plugin": "async-stub", "engagement_id": "ASYNC-001", "previous_hash": "b8870db58df338ca", "hash": "f9a6e22bda177788"}
{"timestamp": "2026-02-23T04:49:18.479148+00:00", "level": "INFO", "action": "ASYNC_PLUGIN_EXECUTE", "details": "Async executing: async-stub", "operator": "system", "plugin": "async-stub", "engagement_id": "ASYNC-001", "previous_hash": "f9a6e22bda177788", "hash": "7ac01fd42131afe4"}
{"timestamp": "2026-02-23T04:49:18.496102+00:00", "level": "INFO", "action": "ASYNC_PLUGIN_COMPLETE", "details": "async-stub: success=True, findings=0, 15ms", "operator": "system", "plugin": "async-stub", "engagement_id": "ASYNC-001", "previous_hash": "7ac01fd42131afe4", "hash": "1d084f96f1db47cd"}
{"timestamp": "2026-02-23T04:49:18.496765+00:00", "level": "INFO", "action": "ASYNC_PLUGIN_EXECUTE", "details": "Async executing: slow-test", "operator": "system", "plugin": "slow-test", "engagement_id": "ASYNC-001", "previous_hash": "1d084f96f1db47cd", "hash": "db78fcbe9f71e53f"}
{"timestamp": "2026-02-23T04:49:19.523262+00:00", "level": "INFO", "action": "ASYNC_PLUGIN_EXECUTE", "details": "Async executing: active-test", "operator": "system", "plugin": "active-test", "engagement_id": "ASYNC-001", "previous_hash": "db78fcbe9f71e53f", "hash": "4418dd8d4ff8dd1b"}
{"timestamp": "2026-02-23T04:49:19.524260+00:00", "level": "INFO", "action": "ASYNC_PLUGIN_COMPLETE", "details": "active-test: success=True, findings=0, 0ms", "operator": "system", "plugin": "active-test", "engagement_id": "ASYNC-001", "previous_hash": "4418dd8d4ff8dd1b", "hash": "359a6d3d2858ad4d"}
{"timestamp": "2026-02-23T04:49:19.557001+00:00", "level": "INFO", "action": "ROE_VALIDATED", "details": "RoE TEST-001 validated successfully", "operator": "system", "plugin": "", "engagement_id": "TEST-001", "previous_hash": "359a6d3d2858ad4d", "hash": "aa4e3c8f5970de42"}
{"timestamp": "2026-02-23T04:49:19.572151+00:00", "level": "WARN", "action": "POLICY_DENIED", "details": "test-plugin: RoE has not been validated", "operator": "system", "plugin": "", "engagement_id": "", "previous_hash": "aa4e3c8f5970de42", "hash": "33c77388f688fcdd"}
{"timestamp": "2026-02-23T04:49:19.608726+00:00", "level": "INFO", "action": "ACTIVATION_CODE_SET", "details": "New activation code configured", "operator": "system", "plugin": "", "engagement_id": "", "previous_hash": "33c77388f688fcdd", "hash": "0b53ae5e658306c7"}
{"timestamp": "2026-02-23T06:29:15.765619+00:00", "level": "INFO", "action": "ACTIVATION_CODE_SET", "details": "New activation code configured", "operator": "system", "plugin": "", "engagement_id": "", "previous_hash": "0b53ae5e658306c7", "hash": "2013b856ba42d641"}
{"timestamp": "2026-02-23T06:29:15.852553+00:00", "level": "INFO", "action": "ACTIVATION_CODE_SET", "details": "New activation code configured", "operator": "system", "plugin": "", "engagement_id": "", "previous_hash": "2013b856ba42d641", "hash": "aa7e390b67a73d16"}
{"timestamp": "2026-02-23T06:29:15.892369+00:00", "level": "WARN", "action": "ACTIVATION_SET_FAILED", "details": "Code must contain letters, digits, and special characters", "operator": "system", "plugin": "", "engagement_id": "", "previous_hash": "aa7e390b67a73d16", "hash": "4318225f524ada2e"}
{"timestamp": "2026-02-23T06:29:15.894389+00:00", "level": "WARN", "action": "ACTIVATION_SET_FAILED", "details": "Code must contain letters, digits, and special characters", "operator": "system", "plugin": "", "engagement_id": "", "previous_hash": "4318225f524ada2e", "hash": "34e09082c4709ffa"}
{"timestamp": "2026-02-23T06:29:15.896394+00:00", "level": "WARN", "action": "ACTIVATION_SET_FAILED", "details": "Code must contain letters, digits, and special characters", "operator": "system", "plugin": "", "engagement_id": "", "previous_hash": "34e09082c4709ffa", "hash": "a88ea57717bae88c"}
{"timestamp": "2026-02-23T06:29:15.896394+00:00", "level": "WARN", "action": "ACTIVATION_SET_FAILED", "details": "Code too short \u2014 minimum 8 characters required", "operator": "system", "plugin": "", "engagement_id": "", "previous_hash": "a88ea57717bae88c", "hash": "42dfd47c55d52e03"}
{"timestamp": "2026-02-23T06:29:15.929818+00:00", "level": "INFO", "action": "ACTIVATION_CODE_SET", "details": "New activation code configured", "operator": "system", "plugin": "", "engagement_id": "", "previous_hash": "42dfd47c55d52e03", "hash": "027405ac36e26e7e"}
{"timestamp": "2026-02-23T06:29:15.929818+00:00", "level": "INFO", "action": "ACTIVATION_CODE_CLEARED", "details": "Activation code removed", "operator": "system", "plugin": "", "engagement_id": "", "previous_hash": "027405ac36e26e7e", "hash": "ca23284fd38abcc3"}
{"timestamp": "2026-02-23T06:29:15.967596+00:00", "level": "INFO", "action": "ACTIVATION_CODE_SET", "details": "New activation code configured", "operator": "system", "plugin": "", "engagement_id": "", "previous_hash": "ca23284fd38abcc3", "hash": "bf073edeeb56745a"}
{"timestamp": "2026-02-23T06:29:16.019874+00:00", "level": "INFO", "action": "ACTIVATION_CODE_SET", "details": "New activation code configured", "operator": "system", "plugin": "", "engagement_id": "", "previous_hash": "bf073edeeb56745a", "hash": "1a463377d40d59fc"}
{"timestamp": "2026-02-23T06:29:16.036905+00:00", "level": "INFO", "action": "ENGAGEMENT_INIT", "details": "Created engagement: ENG-001", "operator": "system", "plugin": "", "engagement_id": "", "previous_hash": "1a463377d40d59fc", "hash": "5bd5e59690bf072a"}
{"timestamp": "2026-02-23T06:29:16.046421+00:00", "level": "INFO", "action": "ENGAGEMENT_INIT", "details": "Created engagement: TMPL", "operator": "system", "plugin": "", "engagement_id": "", "previous_hash": "5bd5e59690bf072a", "hash": "58f3eca24b9d5001"}
{"timestamp": "2026-02-23T06:35:20.061092+00:00", "level": "INFO", "action": "ROE_VALIDATED", "details": "RoE TEST-001 validated successfully", "operator": "system", "plugin": "", "engagement_id": "TEST-001", "previous_hash": "58f3eca24b9d5001", "hash": "56dd333c1439e3ba"}
{"timestamp": "2026-02-23T06:35:20.061092+00:00", "level": "INFO", "action": "ENGAGEMENT_LOADED", "details": "RoE validated, authorizer: Test Admin", "operator": "system", "plugin": "", "engagement_id": "TEST-001", "previous_hash": "56dd333c1439e3ba", "hash": "829c528249830fe1"}
{"timestamp": "2026-02-23T06:35:20.064599+00:00", "level": "ERROR", "action": "ENGAGEMENT_LOAD_FAILED", "details": "Missing required RoE fields: authorizer, authorized_targets, allowed_tests, start_time_utc, end_time_utc", "operator": "system", "plugin": "", "engagement_id": "", "previous_hash": "829c528249830fe1", "hash": "88eab05bed17c99e"}
{"timestamp": "2026-02-23T06:35:20.074324+00:00", "level": "ERROR", "action": "ENGAGEMENT_LOAD_FAILED", "details": "RoE has expired (end_time: 2026-02-22T06:35:20+00:00)", "operator": "system", "plugin": "", "engagement_id": "", "previous_hash": "88eab05bed17c99e", "hash": "e196dacc1f6e4e78"}
{"timestamp": "2026-02-23T06:35:20.075324+00:00", "level": "ERROR", "action": "ENGAGEMENT_LOAD_FAILED", "details": "RoE file not found: \\nonexistent\\roe.yaml", "operator": "system", "plugin": "", "engagement_id": "", "previous_hash": "e196dacc1f6e4e78", "hash": "7aa4810c80f19de1"}
{"timestamp": "2026-02-23T06:35:20.078811+00:00", "level": "INFO", "action": "ROE_VALIDATED", "details": "RoE TEST-001 validated successfully", "operator": "system", "plugin": "", "engagement_id": "TEST-001", "previous_hash": "7aa4810c80f19de1", "hash": "7119182289817d63"}
{"timestamp": "2026-02-23T06:35:20.078811+00:00", "level": "INFO", "action": "ENGAGEMENT_LOADED", "details": "RoE validated, authorizer: Test Admin", "operator": "system", "plugin": "", "engagement_id": "TEST-001", "previous_hash": "7119182289817d63", "hash": "01dc6c6a65bea181"}
{"timestamp": "2026-02-23T06:35:20.079815+00:00", "level": "INFO", "action": "PLUGIN_DRY_RUN", "details": "Dry run: stub-test", "operator": "system", "plugin": "stub-test", "engagement_id": "TEST-001", "previous_hash": "01dc6c6a65bea181", "hash": "2b151a925395cad6"}
{"timestamp": "2026-02-23T06:35:20.083370+00:00", "level": "INFO", "action": "ROE_VALIDATED", "details": "RoE TEST-001 validated successfully", "operator": "system", "plugin": "", "engagement_id": "TEST-001", "previous_hash": "2b151a925395cad6", "hash": "feb82e65a75ffa0c"}
{"timestamp": "2026-02-23T06:35:20.083370+00:00", "level": "INFO", "action": "ENGAGEMENT_LOADED", "details": "RoE validated, authorizer: Test Admin", "operator": "system", "plugin": "", "engagement_id": "TEST-001", "previous_hash": "feb82e65a75ffa0c", "hash": "e74b8fed12bf4519"}
{"timestamp": "2026-02-23T06:35:20.086502+00:00", "level": "INFO", "action": "ROE_VALIDATED", "details": "RoE TEST-001 validated successfully", "operator": "system", "plugin": "", "engagement_id": "TEST-001", "previous_hash": "e74b8fed12bf4519", "hash": "e3f8d1291ee1d57c"}
{"timestamp": "2026-02-23T06:35:20.086502+00:00", "level": "INFO", "action": "ENGAGEMENT_LOADED", "details": "RoE validated, authorizer: Test Admin", "operator": "system", "plugin": "", "engagement_id": "TEST-001", "previous_hash": "e3f8d1291ee1d57c", "hash": "c7c2e72c76e85f6a"}
{"timestamp": "2026-02-23T06:35:20.086502+00:00", "level": "INFO", "action": "PLUGIN_EXECUTE", "details": "Executing: stub-test", "operator": "system", "plugin": "stub-test", "engagement_id": "TEST-001", "previous_hash": "c7c2e72c76e85f6a", "hash": "b2f74414e912cf87"}
{"timestamp": "2026-02-23T06:35:20.087501+00:00", "level": "INFO", "action": "PLUGIN_COMPLETE", "details": "stub-test: success=True, findings=1, 0ms", "operator": "system", "plugin": "stub-test", "engagement_id": "TEST-001", "previous_hash": "b2f74414e912cf87", "hash": "5aa9822f35902010"}
{"timestamp": "2026-02-23T06:35:20.091008+00:00", "level": "INFO", "action": "ROE_VALIDATED", "details": "RoE TEST-001 validated successfully", "operator": "system", "plugin": "", "engagement_id": "TEST-001", "previous_hash": "5aa9822f35902010", "hash": "b6660ac868e3b773"}
{"timestamp": "2026-02-23T06:35:20.091008+00:00", "level": "INFO", "action": "ENGAGEMENT_LOADED", "details": "RoE validated, authorizer: Test Admin", "operator": "system", "plugin": "", "engagement_id": "TEST-001", "previous_hash": "b6660ac868e3b773", "hash": "0bb73fcc3623c4ef"}
{"timestamp": "2026-02-23T06:35:20.091008+00:00", "level": "INFO", "action": "PLUGIN_EXECUTE", "details": "Executing: fail-test", "operator": "system", "plugin": "fail-test", "engagement_id": "TEST-001", "previous_hash": "0bb73fcc3623c4ef", "hash": "27802b7f67923968"}
{"timestamp": "2026-02-23T06:35:20.091008+00:00", "level": "INFO", "action": "PLUGIN_COMPLETE", "details": "fail-test: success=False, findings=0, 0ms", "operator": "system", "plugin": "fail-test", "engagement_id": "TEST-001", "previous_hash": "27802b7f67923968", "hash": "18f64fcadf2c09e1"}
{"timestamp": "2026-02-23T06:35:20.097021+00:00", "level": "INFO", "action": "ROE_VALIDATED", "details": "RoE TEST-001 validated successfully", "operator": "system", "plugin": "", "engagement_id": "TEST-001", "previous_hash": "18f64fcadf2c09e1", "hash": "0639b5f8ed72ce55"}
{"timestamp": "2026-02-23T06:35:20.098020+00:00", "level": "INFO", "action": "ENGAGEMENT_LOADED", "details": "RoE validated, authorizer: Test Admin", "operator": "system", "plugin": "", "engagement_id": "TEST-001", "previous_hash": "0639b5f8ed72ce55", "hash": "c6c6f9b1c4ebedac"}
{"timestamp": "2026-02-23T06:35:20.098020+00:00", "level": "INFO", "action": "ENGAGEMENT_SHUTDOWN", "details": "", "operator": "system", "plugin": "", "engagement_id": "TEST-001", "previous_hash": "c6c6f9b1c4ebedac", "hash": "82058bb26533f751"}
{"timestamp": "2026-02-23T06:35:20.099392+00:00", "level": "WARN", "action": "ACTIVATION_FAILED", "details": "No engagement loaded", "operator": "system", "plugin": "", "engagement_id": "", "previous_hash": "82058bb26533f751", "hash": "ee7e0746e55fd082"}
{"timestamp": "2026-02-23T06:35:20.103468+00:00", "level": "INFO", "action": "ROE_VALIDATED", "details": "RoE TEST-001 validated successfully", "operator": "system", "plugin": "", "engagement_id": "TEST-001", "previous_hash": "ee7e0746e55fd082", "hash": "c497597d13cc0a03"}
{"timestamp": "2026-02-23T06:35:20.103468+00:00", "level": "INFO", "action": "ENGAGEMENT_LOADED", "details": "RoE validated, authorizer: Test Admin", "operator": "system", "plugin": "", "engagement_id": "TEST-001", "previous_hash": "c497597d13cc0a03", "hash": "c92ece67f1517522"}
{"timestamp": "2026-02-23T06:35:20.118324+00:00", "level": "INFO", "action": "ASYNC_PLUGIN_EXECUTE", "details": "Async executing: active-test", "operator": "system", "plugin": "active-test", "engagement_id": "ASYNC-001", "previous_hash": "c92ece67f1517522", "hash": "d2f22f1bdf2bd3ed"}
{"timestamp": "2026-02-23T06:35:20.118324+00:00", "level": "INFO", "action": "ASYNC_PLUGIN_COMPLETE", "details": "active-test: success=True, findings=0, 0ms", "operator": "system", "plugin": "active-test", "engagement_id": "ASYNC-001", "previous_hash": "d2f22f1bdf2bd3ed", "hash": "ea3f8d2265875dcf"}
{"timestamp": "2026-02-23T06:35:20.122825+00:00", "level": "INFO", "action": "ASYNC_PLUGIN_EXECUTE", "details": "Async executing: destructive-test", "operator": "system", "plugin": "destructive-test", "engagement_id": "ASYNC-001", "previous_hash": "ea3f8d2265875dcf", "hash": "0f8250511ecf3673"}
{"timestamp": "2026-02-23T06:35:20.122825+00:00", "level": "INFO", "action": "ASYNC_PLUGIN_COMPLETE", "details": "destructive-test: success=True, findings=0, 0ms", "operator": "system", "plugin": "destructive-test", "engagement_id": "ASYNC-001", "previous_hash": "0f8250511ecf3673", "hash": "d2c0f3c3999f6955"}
{"timestamp": "2026-02-23T06:35:20.124826+00:00", "level": "INFO", "action": "ASYNC_PLUGIN_DRY_RUN", "details": "Async dry run: async-stub", "operator": "system", "plugin": "async-stub", "engagement_id": "ASYNC-001", "previous_hash": "d2c0f3c3999f6955", "hash": "3522b51aaaffae04"}
{"timestamp": "2026-02-23T06:35:20.126835+00:00", "level": "INFO", "action": "ASYNC_PLUGIN_EXECUTE", "details": "Async executing: async-stub", "operator": "system", "plugin": "async-stub", "engagement_id": "ASYNC-001", "previous_hash": "3522b51aaaffae04", "hash": "ab977c3ae549dabc"}
{"timestamp": "2026-02-23T06:35:20.145862+00:00", "level": "INFO", "action": "ASYNC_PLUGIN_COMPLETE", "details": "async-stub: success=True, findings=0, 16ms", "operator": "system", "plugin": "async-stub", "engagement_id": "ASYNC-001", "previous_hash": "ab977c3ae549dabc", "hash": "b3a0b8c52033a0fb"}
{"timestamp": "2026-02-23T06:35:20.146958+00:00", "level": "INFO", "action": "ASYNC_PLUGIN_EXECUTE", "details": "Async executing: slow-test", "operator": "system", "plugin": "slow-test", "engagement_id": "ASYNC-001", "previous_hash": "b3a0b8c52033a0fb", "hash": "0d963055c1eb4db5"}
{"timestamp": "2026-02-23T06:35:21.159393+00:00", "level": "INFO", "action": "ASYNC_PLUGIN_EXECUTE", "details": "Async executing: active-test", "operator": "system", "plugin": "active-test", "engagement_id": "ASYNC-001", "previous_hash": "0d963055c1eb4db5", "hash": "ebabc763211f3865"}
{"timestamp": "2026-02-23T06:35:21.159393+00:00", "level": "INFO", "action": "ASYNC_PLUGIN_COMPLETE", "details": "active-test: success=True, findings=0, 0ms", "operator": "system", "plugin": "active-test", "engagement_id": "ASYNC-001", "previous_hash": "ebabc763211f3865", "hash": "866e15cfe47fd1a2"}
{"timestamp": "2026-02-23T06:35:21.193553+00:00", "level": "INFO", "action": "ROE_VALIDATED", "details": "RoE TEST-001 validated successfully", "operator": "system", "plugin": "", "engagement_id": "TEST-001", "previous_hash": "866e15cfe47fd1a2", "hash": "427c33111e2a292b"}
{"timestamp": "2026-02-23T06:35:21.205085+00:00", "level": "WARN", "action": "POLICY_DENIED", "details": "test-plugin: RoE has not been validated", "operator": "system", "plugin": "", "engagement_id": "", "previous_hash": "427c33111e2a292b", "hash": "6fb2410e5a0e27d0"}
{"timestamp": "2026-02-23T06:35:21.244385+00:00", "level": "INFO", "action": "ACTIVATION_CODE_SET", "details": "New activation code configured", "operator": "system", "plugin": "", "engagement_id": "", "previous_hash": "6fb2410e5a0e27d0", "hash": "b7428cd397313156"}
{"timestamp": "2026-02-23T08:10:52.839253+00:00", "level": "INFO", "action": "ACTIVATION_CODE_SET", "details": "New activation code configured", "operator": "system", "plugin": "", "engagement_id": "", "previous_hash": "b7428cd397313156", "hash": "f4c149ff74b69da9"}
{"timestamp": "2026-02-23T08:10:52.916502+00:00", "level": "INFO", "action": "ACTIVATION_CODE_SET", "details": "New activation code configured", "operator": "system", "plugin": "", "engagement_id": "", "previous_hash": "f4c149ff74b69da9", "hash": "6115ad0321241c69"}
{"timestamp": "2026-02-23T08:10:52.956677+00:00", "level": "WARN", "action": "ACTIVATION_SET_FAILED", "details": "Code must contain letters, digits, and special characters", "operator": "system", "plugin": "", "engagement_id": "", "previous_hash": "6115ad0321241c69", "hash": "8a47fa5a1a06325d"}
{"timestamp": "2026-02-23T08:10:52.966547+00:00", "level": "WARN", "action": "ACTIVATION_SET_FAILED", "details": "Code must contain letters, digits, and special characters", "operator": "system", "plugin": "", "engagement_id": "", "previous_hash": "8a47fa5a1a06325d", "hash": "21c3579bb4448f1e"}
{"timestamp": "2026-02-23T08:10:52.966547+00:00", "level": "WARN", "action": "ACTIVATION_SET_FAILED", "details": "Code must contain letters, digits, and special characters", "operator": "system", "plugin": "", "engagement_id": "", "previous_hash": "21c3579bb4448f1e", "hash": "3963fda1cb9f98f0"}
{"timestamp": "2026-02-23T08:10:52.966547+00:00", "level": "WARN", "action": "ACTIVATION_SET_FAILED", "details": "Code too short \u2014 minimum 8 characters required", "operator": "system", "plugin": "", "engagement_id": "", "previous_hash": "3963fda1cb9f98f0", "hash": "d69e3c68749ecd1c"}
{"timestamp": "2026-02-23T08:10:52.996618+00:00", "level": "INFO", "action": "ACTIVATION_CODE_SET", "details": "New activation code configured", "operator": "system", "plugin": "", "engagement_id": "", "previous_hash": "d69e3c68749ecd1c", "hash": "bce78a08d29f28f6"}
{"timestamp": "2026-02-23T08:10:53.003913+00:00", "level": "INFO", "action": "ACTIVATION_CODE_CLEARED", "details": "Activation code removed", "operator": "system", "plugin": "", "engagement_id": "", "previous_hash": "bce78a08d29f28f6", "hash": "15f128cddda931f7"}
{"timestamp": "2026-02-23T08:10:53.040164+00:00", "level": "INFO", "action": "ACTIVATION_CODE_SET", "details": "New activation code configured", "operator": "system", "plugin": "", "engagement_id": "", "previous_hash": "15f128cddda931f7", "hash": "1b9382df32b33df5"}
{"timestamp": "2026-02-23T08:10:53.076885+00:00", "level": "INFO", "action": "ACTIVATION_CODE_SET", "details": "New activation code configured", "operator": "system", "plugin": "", "engagement_id": "", "previous_hash": "1b9382df32b33df5", "hash": "477dfcdc3a862b57"}
{"timestamp": "2026-02-23T08:10:53.096545+00:00", "level": "INFO", "action": "ENGAGEMENT_INIT", "details": "Created engagement: ENG-001", "operator": "system", "plugin": "", "engagement_id": "", "previous_hash": "477dfcdc3a862b57", "hash": "0c839fe64cde39ee"}
{"timestamp": "2026-02-23T08:10:53.106480+00:00", "level": "INFO", "action": "ENGAGEMENT_INIT", "details": "Created engagement: TMPL", "operator": "system", "plugin": "", "engagement_id": "", "previous_hash": "0c839fe64cde39ee", "hash": "9da2e2f6fa60c3fa"}
{"timestamp": "2026-02-23T08:17:00.403654+00:00", "level": "INFO", "action": "ROE_VALIDATED", "details": "RoE TEST-001 validated successfully", "operator": "system", "plugin": "", "engagement_id": "TEST-001", "previous_hash": "9da2e2f6fa60c3fa", "hash": "f415c2d4dc6d170e"}
{"timestamp": "2026-02-23T08:17:00.404060+00:00", "level": "INFO", "action": "ENGAGEMENT_LOADED", "details": "RoE validated, authorizer: Test Admin", "operator": "system", "plugin": "", "engagement_id": "TEST-001", "previous_hash": "f415c2d4dc6d170e", "hash": "fcdad6df115ac91f"}
{"timestamp": "2026-02-23T08:17:00.406577+00:00", "level": "ERROR", "action": "ENGAGEMENT_LOAD_FAILED", "details": "Missing required RoE fields: authorizer, authorized_targets, allowed_tests, start_time_utc, end_time_utc", "operator": "system", "plugin": "", "engagement_id": "", "previous_hash": "fcdad6df115ac91f", "hash": "78208cf1fed2bc3c"}
{"timestamp": "2026-02-23T08:17:00.413602+00:00", "level": "ERROR", "action": "ENGAGEMENT_LOAD_FAILED", "details": "RoE has expired (end_time: 2026-02-22T08:17:00+00:00)", "operator": "system", "plugin": "", "engagement_id": "", "previous_hash": "78208cf1fed2bc3c", "hash": "150eaa6cb2de7f9c"}
{"timestamp": "2026-02-23T08:17:00.415607+00:00", "level": "ERROR", "action": "ENGAGEMENT_LOAD_FAILED", "details": "RoE file not found: \\nonexistent\\roe.yaml", "operator": "system", "plugin": "", "engagement_id": "", "previous_hash": "150eaa6cb2de7f9c", "hash": "a80a61dfdd8e7064"}
{"timestamp": "2026-02-23T08:17:00.421613+00:00", "level": "INFO", "action": "ROE_VALIDATED", "details": "RoE TEST-001 validated successfully", "operator": "system", "plugin": "", "engagement_id": "TEST-001", "previous_hash": "a80a61dfdd8e7064", "hash": "24407fdd93706a01"}
{"timestamp": "2026-02-23T08:17:00.421613+00:00", "level": "INFO", "action": "ENGAGEMENT_LOADED", "details": "RoE validated, authorizer: Test Admin", "operator": "system", "plugin": "", "engagement_id": "TEST-001", "previous_hash": "24407fdd93706a01", "hash": "bd0ce53395018e90"}
{"timestamp": "2026-02-23T08:17:00.421613+00:00", "level": "INFO", "action": "PLUGIN_DRY_RUN", "details": "Dry run: stub-test", "operator": "system", "plugin": "stub-test", "engagement_id": "TEST-001", "previous_hash": "bd0ce53395018e90", "hash": "f9de4ed5e0f15777"}
{"timestamp": "2026-02-23T08:17:00.435397+00:00", "level": "INFO", "action": "ROE_VALIDATED", "details": "RoE TEST-001 validated successfully", "operator": "system", "plugin": "", "engagement_id": "TEST-001", "previous_hash": "f9de4ed5e0f15777", "hash": "716a4001dda44eab"}
{"timestamp": "2026-02-23T08:17:00.435397+00:00", "level": "INFO", "action": "ENGAGEMENT_LOADED", "details": "RoE validated, authorizer: Test Admin", "operator": "system", "plugin": "", "engagement_id": "TEST-001", "previous_hash": "716a4001dda44eab", "hash": "0f0147b7b0f99b53"}
{"timestamp": "2026-02-23T08:17:00.438970+00:00", "level": "INFO", "action": "ROE_VALIDATED", "details": "RoE TEST-001 validated successfully", "operator": "system", "plugin": "", "engagement_id": "TEST-001", "previous_hash": "0f0147b7b0f99b53", "hash": "a37b2c6e5cac402e"}
{"timestamp": "2026-02-23T08:17:00.438970+00:00", "level": "INFO", "action": "ENGAGEMENT_LOADED", "details": "RoE validated, authorizer: Test Admin", "operator": "system", "plugin": "", "engagement_id": "TEST-001", "previous_hash": "a37b2c6e5cac402e", "hash": "804f9292a0b9f70a"}
{"timestamp": "2026-02-23T08:17:00.438970+00:00", "level": "INFO", "action": "PLUGIN_EXECUTE", "details": "Executing: stub-test", "operator": "system", "plugin": "stub-test", "engagement_id": "TEST-001", "previous_hash": "804f9292a0b9f70a", "hash": "ef09846db06f6f5b"}
{"timestamp": "2026-02-23T08:17:00.438970+00:00", "level": "INFO", "action": "PLUGIN_COMPLETE", "details": "stub-test: success=True, findings=1, 0ms", "operator": "system", "plugin": "stub-test", "engagement_id": "TEST-001", "previous_hash": "ef09846db06f6f5b", "hash": "27289a94df948a74"}
{"timestamp": "2026-02-23T08:17:00.442433+00:00", "level": "INFO", "action": "ROE_VALIDATED", "details": "RoE TEST-001 validated successfully", "operator": "system", "plugin": "", "engagement_id": "TEST-001", "previous_hash": "27289a94df948a74", "hash": "aef08abc7198f59b"}
{"timestamp": "2026-02-23T08:17:00.442433+00:00", "level": "INFO", "action": "ENGAGEMENT_LOADED", "details": "RoE validated, authorizer: Test Admin", "operator": "system", "plugin": "", "engagement_id": "TEST-001", "previous_hash": "aef08abc7198f59b", "hash": "9f7103fa00170379"}
{"timestamp": "2026-02-23T08:17:00.442433+00:00", "level": "INFO", "action": "PLUGIN_EXECUTE", "details": "Executing: fail-test", "operator": "system", "plugin": "fail-test", "engagement_id": "TEST-001", "previous_hash": "9f7103fa00170379", "hash": "a60c615b7f1ea65e"}
{"timestamp": "2026-02-23T08:17:00.442433+00:00", "level": "INFO", "action": "PLUGIN_COMPLETE", "details": "fail-test: success=False, findings=0, 0ms", "operator": "system", "plugin": "fail-test", "engagement_id": "TEST-001", "previous_hash": "a60c615b7f1ea65e", "hash": "c79fd84329041626"}
{"timestamp": "2026-02-23T08:17:00.444854+00:00", "level": "INFO", "action": "ROE_VALIDATED", "details": "RoE TEST-001 validated successfully", "operator": "system", "plugin": "", "engagement_id": "TEST-001", "previous_hash": "c79fd84329041626", "hash": "e974c60cd94dc787"}
{"timestamp": "2026-02-23T08:17:00.444854+00:00", "level": "INFO", "action": "ENGAGEMENT_LOADED", "details": "RoE validated, authorizer: Test Admin", "operator": "system", "plugin": "", "engagement_id": "TEST-001", "previous_hash": "e974c60cd94dc787", "hash": "6deb0a529b886f5f"}
{"timestamp": "2026-02-23T08:17:00.446328+00:00", "level": "INFO", "action": "ENGAGEMENT_SHUTDOWN", "details": "", "operator": "system", "plugin": "", "engagement_id": "TEST-001", "previous_hash": "6deb0a529b886f5f", "hash": "3e1a22bb611883cb"}
{"timestamp": "2026-02-23T08:17:00.446328+00:00", "level": "WARN", "action": "ACTIVATION_FAILED", "details": "No engagement loaded", "operator": "system", "plugin": "", "engagement_id": "", "previous_hash": "3e1a22bb611883cb", "hash": "7c108f63c5846df8"}
{"timestamp": "2026-02-23T08:17:00.449331+00:00", "level": "INFO", "action": "ROE_VALIDATED", "details": "RoE TEST-001 validated successfully", "operator": "system", "plugin": "", "engagement_id": "TEST-001", "previous_hash": "7c108f63c5846df8", "hash": "93ca3ac066c1d40e"}
{"timestamp": "2026-02-23T08:17:00.449331+00:00", "level": "INFO", "action": "ENGAGEMENT_LOADED", "details": "RoE validated, authorizer: Test Admin", "operator": "system", "plugin": "", "engagement_id": "TEST-001", "previous_hash": "93ca3ac066c1d40e", "hash": "e733727b20a5880d"}
{"timestamp": "2026-02-23T08:17:00.460308+00:00", "level": "INFO", "action": "ASYNC_PLUGIN_EXECUTE", "details": "Async executing: active-test", "operator": "system", "plugin": "active-test", "engagement_id": "ASYNC-001", "previous_hash": "e733727b20a5880d", "hash": "136269bf40731755"}
{"timestamp": "2026-02-23T08:17:00.460308+00:00", "level": "INFO", "action": "ASYNC_PLUGIN_COMPLETE", "details": "active-test: success=True, findings=0, 0ms", "operator": "system", "plugin": "active-test", "engagement_id": "ASYNC-001", "previous_hash": "136269bf40731755", "hash": "842a64e87e7e9f1a"}
{"timestamp": "2026-02-23T08:17:00.462309+00:00", "level": "INFO", "action": "ASYNC_PLUGIN_EXECUTE", "details": "Async executing: destructive-test", "operator": "system", "plugin": "destructive-test", "engagement_id": "ASYNC-001", "previous_hash": "842a64e87e7e9f1a", "hash": "5d66f2cf4c9a7b08"}
{"timestamp": "2026-02-23T08:17:00.463308+00:00", "level": "INFO", "action": "ASYNC_PLUGIN_COMPLETE", "details": "destructive-test: success=True, findings=0, 0ms", "operator": "system", "plugin": "destructive-test", "engagement_id": "ASYNC-001", "previous_hash": "5d66f2cf4c9a7b08", "hash": "95a42e47cb94e595"}
{"timestamp": "2026-02-23T08:17:00.464301+00:00", "level": "INFO", "action": "ASYNC_PLUGIN_DRY_RUN", "details": "Async dry run: async-stub", "operator": "system", "plugin": "async-stub", "engagement_id": "ASYNC-001", "previous_hash": "95a42e47cb94e595", "hash": "f82331b5aeba32b5"}
{"timestamp": "2026-02-23T08:17:00.465803+00:00", "level": "INFO", "action": "ASYNC_PLUGIN_EXECUTE", "details": "Async executing: async-stub", "operator": "system", "plugin": "async-stub", "engagement_id": "ASYNC-001", "previous_hash": "f82331b5aeba32b5", "hash": "c6e4956b41a33036"}
{"timestamp": "2026-02-23T08:17:00.482405+00:00", "level": "INFO", "action": "ASYNC_PLUGIN_COMPLETE", "details": "async-stub: success=True, findings=0, 15ms", "operator": "system", "plugin": "async-stub", "engagement_id": "ASYNC-001", "previous_hash": "c6e4956b41a33036", "hash": "3fe76a2f6cda96f5"}
{"timestamp": "2026-02-23T08:17:00.484405+00:00", "level": "INFO", "action": "ASYNC_PLUGIN_EXECUTE", "details": "Async executing: slow-test", "operator": "system", "plugin": "slow-test", "engagement_id": "ASYNC-001", "previous_hash": "3fe76a2f6cda96f5", "hash": "e6bb78ad9dab1135"}
{"timestamp": "2026-02-23T08:17:01.489308+00:00", "level": "INFO", "action": "ASYNC_PLUGIN_EXECUTE", "details": "Async executing: active-test", "operator": "system", "plugin": "active-test", "engagement_id": "ASYNC-001", "previous_hash": "e6bb78ad9dab1135", "hash": "d064850e682cd012"}
{"timestamp": "2026-02-23T08:17:01.489308+00:00", "level": "INFO", "action": "ASYNC_PLUGIN_COMPLETE", "details": "active-test: success=True, findings=0, 0ms", "operator": "system", "plugin": "active-test", "engagement_id": "ASYNC-001", "previous_hash": "d064850e682cd012", "hash": "196d3dbd6c9de313"}
{"timestamp": "2026-02-23T08:17:01.526265+00:00", "level": "INFO", "action": "ROE_VALIDATED", "details": "RoE TEST-001 validated successfully", "operator": "system", "plugin": "", "engagement_id": "TEST-001", "previous_hash": "196d3dbd6c9de313", "hash": "2d59d75eb438f555"}
{"timestamp": "2026-02-23T08:17:01.539063+00:00", "level": "WARN", "action": "POLICY_DENIED", "details": "test-plugin: RoE has not been validated", "operator": "system", "plugin": "", "engagement_id": "", "previous_hash": "2d59d75eb438f555", "hash": "4d6a36b3ee6b7a52"}
{"timestamp": "2026-02-23T08:17:01.577893+00:00", "level": "INFO", "action": "ACTIVATION_CODE_SET", "details": "New activation code configured", "operator": "system", "plugin": "", "engagement_id": "", "previous_hash": "4d6a36b3ee6b7a52", "hash": "dc5a7970036119bf"}
{"timestamp": "2026-02-23T08:33:16.695277+00:00", "level": "INFO", "action": "ACTIVATION_CODE_SET", "details": "New activation code configured", "operator": "system", "plugin": "", "engagement_id": "", "previous_hash": "dc5a7970036119bf", "hash": "7333cf0b54ab450c"}
{"timestamp": "2026-02-23T08:33:16.780643+00:00", "level": "INFO", "action": "ACTIVATION_CODE_SET", "details": "New activation code configured", "operator": "system", "plugin": "", "engagement_id": "", "previous_hash": "7333cf0b54ab450c", "hash": "db19130901fcabc8"}
{"timestamp": "2026-02-23T08:33:16.823504+00:00", "level": "WARN", "action": "ACTIVATION_SET_FAILED", "details": "Code must contain letters, digits, and special characters", "operator": "system", "plugin": "", "engagement_id": "", "previous_hash": "db19130901fcabc8", "hash": "9c37e344f558010c"}
{"timestamp": "2026-02-23T08:33:16.825006+00:00", "level": "WARN", "action": "ACTIVATION_SET_FAILED", "details": "Code must contain letters, digits, and special characters", "operator": "system", "plugin": "", "engagement_id": "", "previous_hash": "9c37e344f558010c", "hash": "7ed142133a090c91"}
{"timestamp": "2026-02-23T08:33:16.826113+00:00", "level": "WARN", "action": "ACTIVATION_SET_FAILED", "details": "Code must contain letters, digits, and special characters", "operator": "system", "plugin": "", "engagement_id": "", "previous_hash": "7ed142133a090c91", "hash": "ae94923705d13496"}
{"timestamp": "2026-02-23T08:33:16.828117+00:00", "level": "WARN", "action": "ACTIVATION_SET_FAILED", "details": "Code too short \u2014 minimum 8 characters required", "operator": "system", "plugin": "", "engagement_id": "", "previous_hash": "ae94923705d13496", "hash": "553916a0f41cf3b9"}
{"timestamp": "2026-02-23T08:33:16.858453+00:00", "level": "INFO", "action": "ACTIVATION_CODE_SET", "details": "New activation code configured", "operator": "system", "plugin": "", "engagement_id": "", "previous_hash": "553916a0f41cf3b9", "hash": "4e6173517de0d183"}
{"timestamp": "2026-02-23T08:33:16.859453+00:00", "level": "INFO", "action": "ACTIVATION_CODE_CLEARED", "details": "Activation code removed", "operator": "system", "plugin": "", "engagement_id": "", "previous_hash": "4e6173517de0d183", "hash": "82dd20c557ed924d"}
{"timestamp": "2026-02-23T08:33:16.890763+00:00", "level": "INFO", "action": "ACTIVATION_CODE_SET", "details": "New activation code configured", "operator": "system", "plugin": "", "engagement_id": "", "previous_hash": "82dd20c557ed924d", "hash": "bb214cd760e15aa8"}
{"timestamp": "2026-02-23T08:33:16.926110+00:00", "level": "INFO", "action": "ACTIVATION_CODE_SET", "details": "New activation code configured", "operator": "system", "plugin": "", "engagement_id": "", "previous_hash": "bb214cd760e15aa8", "hash": "a1893a048e5e18f6"}
{"timestamp": "2026-02-23T08:33:16.940308+00:00", "level": "INFO", "action": "ENGAGEMENT_INIT", "details": "Created engagement: ENG-001", "operator": "system", "plugin": "", "engagement_id": "", "previous_hash": "a1893a048e5e18f6", "hash": "468967f558b533f7"}
{"timestamp": "2026-02-23T08:33:16.946250+00:00", "level": "INFO", "action": "ENGAGEMENT_INIT", "details": "Created engagement: TMPL", "operator": "system", "plugin": "", "engagement_id": "", "previous_hash": "468967f558b533f7", "hash": "541359d27523a764"}
{"timestamp": "2026-02-23T08:39:22.017236+00:00", "level": "INFO", "action": "ROE_VALIDATED", "details": "RoE TEST-001 validated successfully", "operator": "system", "plugin": "", "engagement_id": "TEST-001", "previous_hash": "541359d27523a764", "hash": "e3c68d6b5f6dada5"}
{"timestamp": "2026-02-23T08:39:22.018236+00:00", "level": "INFO", "action": "ENGAGEMENT_LOADED", "details": "RoE validated, authorizer: Test Admin", "operator": "system", "plugin": "", "engagement_id": "TEST-001", "previous_hash": "e3c68d6b5f6dada5", "hash": "f758c6b6dab5f467"}
{"timestamp": "2026-02-23T08:39:22.022381+00:00", "level": "ERROR", "action": "ENGAGEMENT_LOAD_FAILED", "details": "Missing required RoE fields: authorizer, authorized_targets, allowed_tests, start_time_utc, end_time_utc", "operator": "system", "plugin": "", "engagement_id": "", "previous_hash": "f758c6b6dab5f467", "hash": "f01eade0881dc666"}
{"timestamp": "2026-02-23T08:39:22.033485+00:00", "level": "ERROR", "action": "ENGAGEMENT_LOAD_FAILED", "details": "RoE has expired (end_time: 2026-02-22T08:39:22+00:00)", "operator": "system", "plugin": "", "engagement_id": "", "previous_hash": "f01eade0881dc666", "hash": "3a521cc63b5661da"}
{"timestamp": "2026-02-23T08:39:22.035485+00:00", "level": "ERROR", "action": "ENGAGEMENT_LOAD_FAILED", "details": "RoE file not found: \\nonexistent\\roe.yaml", "operator": "system", "plugin": "", "engagement_id": "", "previous_hash": "3a521cc63b5661da", "hash": "918511185c6d5c3c"}
{"timestamp": "2026-02-23T08:39:22.038997+00:00", "level": "INFO", "action": "ROE_VALIDATED", "details": "RoE TEST-001 validated successfully", "operator": "system", "plugin": "", "engagement_id": "TEST-001", "previous_hash": "918511185c6d5c3c", "hash": "d1c569365a720b65"}
{"timestamp": "2026-02-23T08:39:22.038997+00:00", "level": "INFO", "action": "ENGAGEMENT_LOADED", "details": "RoE validated, authorizer: Test Admin", "operator": "system", "plugin": "", "engagement_id": "TEST-001", "previous_hash": "d1c569365a720b65", "hash": "73e70789c3420657"}
{"timestamp": "2026-02-23T08:39:22.038997+00:00", "level": "INFO", "action": "PLUGIN_DRY_RUN", "details": "Dry run: stub-test", "operator": "system", "plugin": "stub-test", "engagement_id": "TEST-001", "previous_hash": "73e70789c3420657", "hash": "ea387f352aecac2b"}
{"timestamp": "2026-02-23T08:39:22.042997+00:00", "level": "INFO", "action": "ROE_VALIDATED", "details": "RoE TEST-001 validated successfully", "operator": "system", "plugin": "", "engagement_id": "TEST-001", "previous_hash": "ea387f352aecac2b", "hash": "57608299638f4590"}
{"timestamp": "2026-02-23T08:39:22.042997+00:00", "level": "INFO", "action": "ENGAGEMENT_LOADED", "details": "RoE validated, authorizer: Test Admin", "operator": "system", "plugin": "", "engagement_id": "TEST-001", "previous_hash": "57608299638f4590", "hash": "65ebd7a2e3c8bb1a"}
{"timestamp": "2026-02-23T08:39:22.046492+00:00", "level": "INFO", "action": "ROE_VALIDATED", "details": "RoE TEST-001 validated successfully", "operator": "system", "plugin": "", "engagement_id": "TEST-001", "previous_hash": "65ebd7a2e3c8bb1a", "hash": "638ccee6ccf4a3ef"}
{"timestamp": "2026-02-23T08:39:22.046492+00:00", "level": "INFO", "action": "ENGAGEMENT_LOADED", "details": "RoE validated, authorizer: Test Admin", "operator": "system", "plugin": "", "engagement_id": "TEST-001", "previous_hash": "638ccee6ccf4a3ef", "hash": "1045089c1cf90595"}
{"timestamp": "2026-02-23T08:39:22.046492+00:00", "level": "INFO", "action": "PLUGIN_EXECUTE", "details": "Executing: stub-test", "operator": "system", "plugin": "stub-test", "engagement_id": "TEST-001", "previous_hash": "1045089c1cf90595", "hash": "1629544933c9160c"}
{"timestamp": "2026-02-23T08:39:22.046492+00:00", "level": "INFO", "action": "PLUGIN_COMPLETE", "details": "stub-test: success=True, findings=1, 0ms", "operator": "system", "plugin": "stub-test", "engagement_id": "TEST-001", "previous_hash": "1629544933c9160c", "hash": "8ba78414bd43f8ac"}
{"timestamp": "2026-02-23T08:39:22.050330+00:00", "level": "INFO", "action": "ROE_VALIDATED", "details": "RoE TEST-001 validated successfully", "operator": "system", "plugin": "", "engagement_id": "TEST-001", "previous_hash": "8ba78414bd43f8ac", "hash": "e406225747736c84"}
{"timestamp": "2026-02-23T08:39:22.050330+00:00", "level": "INFO", "action": "ENGAGEMENT_LOADED", "details": "RoE validated, authorizer: Test Admin", "operator": "system", "plugin": "", "engagement_id": "TEST-001", "previous_hash": "e406225747736c84", "hash": "f558b96a98731615"}
{"timestamp": "2026-02-23T08:39:22.050330+00:00", "level": "INFO", "action": "PLUGIN_EXECUTE", "details": "Executing: fail-test", "operator": "system", "plugin": "fail-test", "engagement_id": "TEST-001", "previous_hash": "f558b96a98731615", "hash": "a8bd6a56c0264ef3"}
{"timestamp": "2026-02-23T08:39:22.051824+00:00", "level": "INFO", "action": "PLUGIN_COMPLETE", "details": "fail-test: success=False, findings=0, 0ms", "operator": "system", "plugin": "fail-test", "engagement_id": "TEST-001", "previous_hash": "a8bd6a56c0264ef3", "hash": "11ea02c20766bcc2"}
{"timestamp": "2026-02-23T08:39:22.054828+00:00", "level": "INFO", "action": "ROE_VALIDATED", "details": "RoE TEST-001 validated successfully", "operator": "system", "plugin": "", "engagement_id": "TEST-001", "previous_hash": "11ea02c20766bcc2", "hash": "59acfbef3e753c92"}
{"timestamp": "2026-02-23T08:39:22.054828+00:00", "level": "INFO", "action": "ENGAGEMENT_LOADED", "details": "RoE validated, authorizer: Test Admin", "operator": "system", "plugin": "", "engagement_id": "TEST-001", "previous_hash": "59acfbef3e753c92", "hash": "19506708ea59adbe"}
{"timestamp": "2026-02-23T08:39:22.054828+00:00", "level": "INFO", "action": "ENGAGEMENT_SHUTDOWN", "details": "", "operator": "system", "plugin": "", "engagement_id": "TEST-001", "previous_hash": "19506708ea59adbe", "hash": "5a93d3ac30ec5d22"}
{"timestamp": "2026-02-23T08:39:22.054828+00:00", "level": "WARN", "action": "ACTIVATION_FAILED", "details": "No engagement loaded", "operator": "system", "plugin": "", "engagement_id": "", "previous_hash": "5a93d3ac30ec5d22", "hash": "05f6b532f711cb42"}
{"timestamp": "2026-02-23T08:39:22.058796+00:00", "level": "INFO", "action": "ROE_VALIDATED", "details": "RoE TEST-001 validated successfully", "operator": "system", "plugin": "", "engagement_id": "TEST-001", "previous_hash": "05f6b532f711cb42", "hash": "c0e885d3aac75065"}
{"timestamp": "2026-02-23T08:39:22.058796+00:00", "level": "INFO", "action": "ENGAGEMENT_LOADED", "details": "RoE validated, authorizer: Test Admin", "operator": "system", "plugin": "", "engagement_id": "TEST-001", "previous_hash": "c0e885d3aac75065", "hash": "73c8af64a7e3ced7"}
{"timestamp": "2026-02-23T08:39:22.074309+00:00", "level": "INFO", "action": "ASYNC_PLUGIN_EXECUTE", "details": "Async executing: active-test", "operator": "system", "plugin": "active-test", "engagement_id": "ASYNC-001", "previous_hash": "73c8af64a7e3ced7", "hash": "6d4763e750591b3d"}
{"timestamp": "2026-02-23T08:39:22.075309+00:00", "level": "INFO", "action": "ASYNC_PLUGIN_COMPLETE", "details": "active-test: success=True, findings=0, 0ms", "operator": "system", "plugin": "active-test", "engagement_id": "ASYNC-001", "previous_hash": "6d4763e750591b3d", "hash": "060a49c988cc3aad"}
{"timestamp": "2026-02-23T08:39:22.078729+00:00", "level": "INFO", "action": "ASYNC_PLUGIN_EXECUTE", "details": "Async executing: destructive-test", "operator": "system", "plugin": "destructive-test", "engagement_id": "ASYNC-001", "previous_hash": "060a49c988cc3aad", "hash": "b6f7e916e93ccee9"}
{"timestamp": "2026-02-23T08:39:22.078729+00:00", "level": "INFO", "action": "ASYNC_PLUGIN_COMPLETE", "details": "destructive-test: success=True, findings=0, 0ms", "operator": "system", "plugin": "destructive-test", "engagement_id": "ASYNC-001", "previous_hash": "b6f7e916e93ccee9", "hash": "eba7ec3530176278"}
{"timestamp": "2026-02-23T08:39:22.081728+00:00", "level": "INFO", "action": "ASYNC_PLUGIN_DRY_RUN", "details": "Async dry run: async-stub", "operator": "system", "plugin": "async-stub", "engagement_id": "ASYNC-001", "previous_hash": "eba7ec3530176278", "hash": "9ec2681270cd09c3"}
{"timestamp": "2026-02-23T08:39:22.083728+00:00", "level": "INFO", "action": "ASYNC_PLUGIN_EXECUTE", "details": "Async executing: async-stub", "operator": "system", "plugin": "async-stub", "engagement_id": "ASYNC-001", "previous_hash": "9ec2681270cd09c3", "hash": "89e7facd9e4ad5ab"}
{"timestamp": "2026-02-23T08:39:22.096260+00:00", "level": "INFO", "action": "ASYNC_PLUGIN_COMPLETE", "details": "async-stub: success=True, findings=0, 16ms", "operator": "system", "plugin": "async-stub", "engagement_id": "ASYNC-001", "previous_hash": "89e7facd9e4ad5ab", "hash": "a2b751549aa24fdb"}
{"timestamp": "2026-02-23T08:39:22.097470+00:00", "level": "INFO", "action": "ASYNC_PLUGIN_EXECUTE", "details": "Async executing: slow-test", "operator": "system", "plugin": "slow-test", "engagement_id": "ASYNC-001", "previous_hash": "a2b751549aa24fdb", "hash": "0cbd0fb08d10e6c8"}
{"timestamp": "2026-02-23T08:39:23.115183+00:00", "level": "INFO", "action": "ASYNC_PLUGIN_EXECUTE", "details": "Async executing: active-test", "operator": "system", "plugin": "active-test", "engagement_id": "ASYNC-001", "previous_hash": "0cbd0fb08d10e6c8", "hash": "f6011bacd69a45ee"}
{"timestamp": "2026-02-23T08:39:23.116187+00:00", "level": "INFO", "action": "ASYNC_PLUGIN_COMPLETE", "details": "active-test: success=True, findings=0, 0ms", "operator": "system", "plugin": "active-test", "engagement_id": "ASYNC-001", "previous_hash": "f6011bacd69a45ee", "hash": "6064be420f962f6a"}
{"timestamp": "2026-02-23T08:39:23.144776+00:00", "level": "INFO", "action": "ROE_VALIDATED", "details": "RoE TEST-001 validated successfully", "operator": "system", "plugin": "", "engagement_id": "TEST-001", "previous_hash": "6064be420f962f6a", "hash": "55ffaa7b7132ffba"}
{"timestamp": "2026-02-23T08:39:23.157336+00:00", "level": "WARN", "action": "POLICY_DENIED", "details": "test-plugin: RoE has not been validated", "operator": "system", "plugin": "", "engagement_id": "", "previous_hash": "55ffaa7b7132ffba", "hash": "169450e2cad4c2e9"}
{"timestamp": "2026-02-23T08:39:23.198180+00:00", "level": "INFO", "action": "ACTIVATION_CODE_SET", "details": "New activation code configured", "operator": "system", "plugin": "", "engagement_id": "", "previous_hash": "169450e2cad4c2e9", "hash": "10ace358fe171430"}
{"timestamp": "2026-02-23T08:46:39.249732+00:00", "level": "INFO", "action": "ACTIVATION_CODE_SET", "details": "New activation code configured", "operator": "system", "plugin": "", "engagement_id": "", "previous_hash": "10ace358fe171430", "hash": "c7acb92c501bf4c7"}
{"timestamp": "2026-02-23T08:46:39.325671+00:00", "level": "INFO", "action": "ACTIVATION_CODE_SET", "details": "New activation code configured", "operator": "system", "plugin": "", "engagement_id": "", "previous_hash": "c7acb92c501bf4c7", "hash": "7845256482f6f721"}
{"timestamp": "2026-02-23T08:46:39.368816+00:00", "level": "WARN", "action": "ACTIVATION_SET_FAILED", "details": "Code must contain letters, digits, and special characters", "operator": "system", "plugin": "", "engagement_id": "", "previous_hash": "7845256482f6f721", "hash": "43a0dd1cd618c3bb"}
{"timestamp": "2026-02-23T08:46:39.370842+00:00", "level": "WARN", "action": "ACTIVATION_SET_FAILED", "details": "Code must contain letters, digits, and special characters", "operator": "system", "plugin": "", "engagement_id": "", "previous_hash": "43a0dd1cd618c3bb", "hash": "5be615d630340eda"}
{"timestamp": "2026-02-23T08:46:39.371650+00:00", "level": "WARN", "action": "ACTIVATION_SET_FAILED", "details": "Code must contain letters, digits, and special characters", "operator": "system", "plugin": "", "engagement_id": "", "previous_hash": "5be615d630340eda", "hash": "27ca0f38d11b4218"}
{"timestamp": "2026-02-23T08:46:39.371650+00:00", "level": "WARN", "action": "ACTIVATION_SET_FAILED", "details": "Code too short \u2014 minimum 8 characters required", "operator": "system", "plugin": "", "engagement_id": "", "previous_hash": "27ca0f38d11b4218", "hash": "5d4e92c7c0685462"}
{"timestamp": "2026-02-23T08:46:39.408867+00:00", "level": "INFO", "action": "ACTIVATION_CODE_SET", "details": "New activation code configured", "operator": "system", "plugin": "", "engagement_id": "", "previous_hash": "5d4e92c7c0685462", "hash": "0735d2d71ee6f4c0"}
{"timestamp": "2026-02-23T08:46:39.409872+00:00", "level": "INFO", "action": "ACTIVATION_CODE_CLEARED", "details": "Activation code removed", "operator": "system", "plugin": "", "engagement_id": "", "previous_hash": "0735d2d71ee6f4c0", "hash": "2c7beca8af4275a6"}
{"timestamp": "2026-02-23T08:46:39.444268+00:00", "level": "INFO", "action": "ACTIVATION_CODE_SET", "details": "New activation code configured", "operator": "system", "plugin": "", "engagement_id": "", "previous_hash": "2c7beca8af4275a6", "hash": "c23756af3ad34259"}
{"timestamp": "2026-02-23T08:46:39.480560+00:00", "level": "INFO", "action": "ACTIVATION_CODE_SET", "details": "New activation code configured", "operator": "system", "plugin": "", "engagement_id": "", "previous_hash": "c23756af3ad34259", "hash": "2a5a7aa5744f8eb3"}
{"timestamp": "2026-02-23T08:46:39.501966+00:00", "level": "INFO", "action": "ENGAGEMENT_INIT", "details": "Created engagement: ENG-001", "operator": "system", "plugin": "", "engagement_id": "", "previous_hash": "2a5a7aa5744f8eb3", "hash": "4607acc0b953e8d8"}
{"timestamp": "2026-02-23T08:46:39.506284+00:00", "level": "INFO", "action": "ENGAGEMENT_INIT", "details": "Created engagement: TMPL", "operator": "system", "plugin": "", "engagement_id": "", "previous_hash": "4607acc0b953e8d8", "hash": "0c3673c990cf18c7"}
{"timestamp": "2026-02-23T08:52:42.645906+00:00", "level": "INFO", "action": "ROE_VALIDATED", "details": "RoE TEST-001 validated successfully", "operator": "system", "plugin": "", "engagement_id": "TEST-001", "previous_hash": "0c3673c990cf18c7", "hash": "9c16bc43c19ab593"}
{"timestamp": "2026-02-23T08:52:42.645906+00:00", "level": "INFO", "action": "ENGAGEMENT_LOADED", "details": "RoE validated, authorizer: Test Admin", "operator": "system", "plugin": "", "engagement_id": "TEST-001", "previous_hash": "9c16bc43c19ab593", "hash": "888f8b3a016129a9"}
{"timestamp": "2026-02-23T08:52:42.661957+00:00", "level": "ERROR", "action": "ENGAGEMENT_LOAD_FAILED", "details": "Missing required RoE fields: authorizer, authorized_targets, allowed_tests, start_time_utc, end_time_utc", "operator": "system", "plugin": "", "engagement_id": "", "previous_hash": "888f8b3a016129a9", "hash": "caebd233159cce7d"}
{"timestamp": "2026-02-23T08:52:42.665281+00:00", "level": "ERROR", "action": "ENGAGEMENT_LOAD_FAILED", "details": "RoE has expired (end_time: 2026-02-22T08:52:42+00:00)", "operator": "system", "plugin": "", "engagement_id": "", "previous_hash": "caebd233159cce7d", "hash": "430a16ad06f22f71"}
{"timestamp": "2026-02-23T08:52:42.665281+00:00", "level": "ERROR", "action": "ENGAGEMENT_LOAD_FAILED", "details": "RoE file not found: \\nonexistent\\roe.yaml", "operator": "system", "plugin": "", "engagement_id": "", "previous_hash": "430a16ad06f22f71", "hash": "b724409d540cd300"}
{"timestamp": "2026-02-23T08:52:42.665281+00:00", "level": "INFO", "action": "ROE_VALIDATED", "details": "RoE TEST-001 validated successfully", "operator": "system", "plugin": "", "engagement_id": "TEST-001", "previous_hash": "b724409d540cd300", "hash": "6007ff7eed05d63e"}
{"timestamp": "2026-02-23T08:52:42.665281+00:00", "level": "INFO", "action": "ENGAGEMENT_LOADED", "details": "RoE validated, authorizer: Test Admin", "operator": "system", "plugin": "", "engagement_id": "TEST-001", "previous_hash": "6007ff7eed05d63e", "hash": "7abf4025c6dd6bf6"}
{"timestamp": "2026-02-23T08:52:42.665281+00:00", "level": "INFO", "action": "PLUGIN_DRY_RUN", "details": "Dry run: stub-test", "operator": "system", "plugin": "stub-test", "engagement_id": "TEST-001", "previous_hash": "7abf4025c6dd6bf6", "hash": "df9804c5e7ad52ec"}
{"timestamp": "2026-02-23T08:52:42.688999+00:00", "level": "INFO", "action": "ROE_VALIDATED", "details": "RoE TEST-001 validated successfully", "operator": "system", "plugin": "", "engagement_id": "TEST-001", "previous_hash": "df9804c5e7ad52ec", "hash": "eb4507756f1d3158"}
{"timestamp": "2026-02-23T08:52:42.688999+00:00", "level": "INFO", "action": "ENGAGEMENT_LOADED", "details": "RoE validated, authorizer: Test Admin", "operator": "system", "plugin": "", "engagement_id": "TEST-001", "previous_hash": "eb4507756f1d3158", "hash": "1a88be5a7f26b508"}
{"timestamp": "2026-02-23T08:52:42.692502+00:00", "level": "INFO", "action": "ROE_VALIDATED", "details": "RoE TEST-001 validated successfully", "operator": "system", "plugin": "", "engagement_id": "TEST-001", "previous_hash": "1a88be5a7f26b508", "hash": "b1d49f4b48837d9c"}
{"timestamp": "2026-02-23T08:52:42.692502+00:00", "level": "INFO", "action": "ENGAGEMENT_LOADED", "details": "RoE validated, authorizer: Test Admin", "operator": "system", "plugin": "", "engagement_id": "TEST-001", "previous_hash": "b1d49f4b48837d9c", "hash": "672e8f8a2ac89487"}
{"timestamp": "2026-02-23T08:52:42.692502+00:00", "level": "INFO", "action": "PLUGIN_EXECUTE", "details": "Executing: stub-test", "operator": "system", "plugin": "stub-test", "engagement_id": "TEST-001", "previous_hash": "672e8f8a2ac89487", "hash": "622054acd74bfeb3"}
{"timestamp": "2026-02-23T08:52:42.692502+00:00", "level": "INFO", "action": "PLUGIN_COMPLETE", "details": "stub-test: success=True, findings=1, 0ms", "operator": "system", "plugin": "stub-test", "engagement_id": "TEST-001", "previous_hash": "622054acd74bfeb3", "hash": "5741410330c15ffa"}
{"timestamp": "2026-02-23T08:52:42.695687+00:00", "level": "INFO", "action": "ROE_VALIDATED", "details": "RoE TEST-001 validated successfully", "operator": "system", "plugin": "", "engagement_id": "TEST-001", "previous_hash": "5741410330c15ffa", "hash": "2ccd4baab0381859"}
{"timestamp": "2026-02-23T08:52:42.695687+00:00", "level": "INFO", "action": "ENGAGEMENT_LOADED", "details": "RoE validated, authorizer: Test Admin", "operator": "system", "plugin": "", "engagement_id": "TEST-001", "previous_hash": "2ccd4baab0381859", "hash": "c250d211a24dc463"}
{"timestamp": "2026-02-23T08:52:42.696190+00:00", "level": "INFO", "action": "PLUGIN_EXECUTE", "details": "Executing: fail-test", "operator": "system", "plugin": "fail-test", "engagement_id": "TEST-001", "previous_hash": "c250d211a24dc463", "hash": "ed6ad043c8b2cbc5"}
{"timestamp": "2026-02-23T08:52:42.696190+00:00", "level": "INFO", "action": "PLUGIN_COMPLETE", "details": "fail-test: success=False, findings=0, 0ms", "operator": "system", "plugin": "fail-test", "engagement_id": "TEST-001", "previous_hash": "ed6ad043c8b2cbc5", "hash": "2a265bad1e4dc5c9"}
{"timestamp": "2026-02-23T08:52:42.696190+00:00", "level": "INFO", "action": "ROE_VALIDATED", "details": "RoE TEST-001 validated successfully", "operator": "system", "plugin": "", "engagement_id": "TEST-001", "previous_hash": "2a265bad1e4dc5c9", "hash": "7ed735e1a1f5af2e"}
{"timestamp": "2026-02-23T08:52:42.696190+00:00", "level": "INFO", "action": "ENGAGEMENT_LOADED", "details": "RoE validated, authorizer: Test Admin", "operator": "system", "plugin": "", "engagement_id": "TEST-001", "previous_hash": "7ed735e1a1f5af2e", "hash": "bc6ee5f3efca8261"}
{"timestamp": "2026-02-23T08:52:42.696190+00:00", "level": "INFO", "action": "ENGAGEMENT_SHUTDOWN", "details": "", "operator": "system", "plugin": "", "engagement_id": "TEST-001", "previous_hash": "bc6ee5f3efca8261", "hash": "da2842ac1e9ce9aa"}
{"timestamp": "2026-02-23T08:52:42.696190+00:00", "level": "WARN", "action": "ACTIVATION_FAILED", "details": "No engagement loaded", "operator": "system", "plugin": "", "engagement_id": "", "previous_hash": "da2842ac1e9ce9aa", "hash": "a8a7789e4dee1c4c"}
{"timestamp": "2026-02-23T08:52:42.696190+00:00", "level": "INFO", "action": "ROE_VALIDATED", "details": "RoE TEST-001 validated successfully", "operator": "system", "plugin": "", "engagement_id": "TEST-001", "previous_hash": "a8a7789e4dee1c4c", "hash": "8251f4e9310e7cdd"}
{"timestamp": "2026-02-23T08:52:42.696190+00:00", "level": "INFO", "action": "ENGAGEMENT_LOADED", "details": "RoE validated, authorizer: Test Admin", "operator": "system", "plugin": "", "engagement_id": "TEST-001", "previous_hash": "8251f4e9310e7cdd", "hash": "33cedf4507df2998"}
{"timestamp": "2026-02-23T08:52:42.711541+00:00", "level": "INFO", "action": "ASYNC_PLUGIN_EXECUTE", "details": "Async executing: active-test", "operator": "system", "plugin": "active-test", "engagement_id": "ASYNC-001", "previous_hash": "33cedf4507df2998", "hash": "223b44bdf43deb9a"}
{"timestamp": "2026-02-23T08:52:42.711541+00:00", "level": "INFO", "action": "ASYNC_PLUGIN_COMPLETE", "details": "active-test: success=True, findings=0, 0ms", "operator": "system", "plugin": "active-test", "engagement_id": "ASYNC-001", "previous_hash": "223b44bdf43deb9a", "hash": "02b2276fe7177c8b"}
{"timestamp": "2026-02-23T08:52:42.711541+00:00", "level": "INFO", "action": "ASYNC_PLUGIN_EXECUTE", "details": "Async executing: destructive-test", "operator": "system", "plugin": "destructive-test", "engagement_id": "ASYNC-001", "previous_hash": "02b2276fe7177c8b", "hash": "6d90e168221d1638"}
{"timestamp": "2026-02-23T08:52:42.711541+00:00", "level": "INFO", "action": "ASYNC_PLUGIN_COMPLETE", "details": "destructive-test: success=True, findings=0, 0ms", "operator": "system", "plugin": "destructive-test", "engagement_id": "ASYNC-001", "previous_hash": "6d90e168221d1638", "hash": "c51eee482c1d99f8"}
{"timestamp": "2026-02-23T08:52:42.711541+00:00", "level": "INFO", "action": "ASYNC_PLUGIN_DRY_RUN", "details": "Async dry run: async-stub", "operator": "system", "plugin": "async-stub", "engagement_id": "ASYNC-001", "previous_hash": "c51eee482c1d99f8", "hash": "4b1a66f9e7f1e730"}
{"timestamp": "2026-02-23T08:52:42.718584+00:00", "level": "INFO", "action": "ASYNC_PLUGIN_EXECUTE", "details": "Async executing: async-stub", "operator": "system", "plugin": "async-stub", "engagement_id": "ASYNC-001", "previous_hash": "4b1a66f9e7f1e730", "hash": "11b1d0c5df1ff842"}
{"timestamp": "2026-02-23T08:52:42.736248+00:00", "level": "INFO", "action": "ASYNC_PLUGIN_COMPLETE", "details": "async-stub: success=True, findings=0, 15ms", "operator": "system", "plugin": "async-stub", "engagement_id": "ASYNC-001", "previous_hash": "11b1d0c5df1ff842", "hash": "52bf851a8590ab1b"}
{"timestamp": "2026-02-23T08:52:42.737654+00:00", "level": "INFO", "action": "ASYNC_PLUGIN_EXECUTE", "details": "Async executing: slow-test", "operator": "system", "plugin": "slow-test", "engagement_id": "ASYNC-001", "previous_hash": "52bf851a8590ab1b", "hash": "f0b98332f8da102f"}
{"timestamp": "2026-02-23T08:52:43.746220+00:00", "level": "INFO", "action": "ASYNC_PLUGIN_EXECUTE", "details": "Async executing: active-test", "operator": "system", "plugin": "active-test", "engagement_id": "ASYNC-001", "previous_hash": "f0b98332f8da102f", "hash": "6d7b999d65bb4ce6"}
{"timestamp": "2026-02-23T08:52:43.746220+00:00", "level": "INFO", "action": "ASYNC_PLUGIN_COMPLETE", "details": "active-test: success=True, findings=0, 0ms", "operator": "system", "plugin": "active-test", "engagement_id": "ASYNC-001", "previous_hash": "6d7b999d65bb4ce6", "hash": "31d403e82413e637"}
{"timestamp": "2026-02-23T08:52:43.770573+00:00", "level": "INFO", "action": "ROE_VALIDATED", "details": "RoE TEST-001 validated successfully", "operator": "system", "plugin": "", "engagement_id": "TEST-001", "previous_hash": "31d403e82413e637", "hash": "d9f14eb51e8fd4d5"}
{"timestamp": "2026-02-23T08:52:43.786292+00:00", "level": "WARN", "action": "POLICY_DENIED", "details": "test-plugin: RoE has not been validated", "operator": "system", "plugin": "", "engagement_id": "", "previous_hash": "d9f14eb51e8fd4d5", "hash": "a661e58cc986f6fc"}
{"timestamp": "2026-02-23T08:52:43.821426+00:00", "level": "INFO", "action": "ACTIVATION_CODE_SET", "details": "New activation code configured", "operator": "system", "plugin": "", "engagement_id": "", "previous_hash": "a661e58cc986f6fc", "hash": "15395b2193c3a560"}
{"timestamp": "2026-02-23T09:14:16.570914+00:00", "level": "INFO", "action": "ACTIVATION_CODE_SET", "details": "New activation code configured", "operator": "system", "plugin": "", "engagement_id": "", "previous_hash": "15395b2193c3a560", "hash": "6d26fca300ccaee5"}
{"timestamp": "2026-02-23T09:14:16.657709+00:00", "level": "INFO", "action": "ACTIVATION_CODE_SET", "details": "New activation code configured", "operator": "system", "plugin": "", "engagement_id": "", "previous_hash": "6d26fca300ccaee5", "hash": "3ecbc44439d2abda"}
{"timestamp": "2026-02-23T09:14:16.706809+00:00", "level": "WARN", "action": "ACTIVATION_SET_FAILED", "details": "Code must contain letters, digits, and special characters", "operator": "system", "plugin": "", "engagement_id": "", "previous_hash": "3ecbc44439d2abda", "hash": "b6f9c366558332dc"}
{"timestamp": "2026-02-23T09:14:16.708667+00:00", "level": "WARN", "action": "ACTIVATION_SET_FAILED", "details": "Code must contain letters, digits, and special characters", "operator": "system", "plugin": "", "engagement_id": "", "previous_hash": "b6f9c366558332dc", "hash": "e11cc8dfa5afedee"}
{"timestamp": "2026-02-23T09:14:16.712674+00:00", "level": "WARN", "action": "ACTIVATION_SET_FAILED", "details": "Code must contain letters, digits, and special characters", "operator": "system", "plugin": "", "engagement_id": "", "previous_hash": "e11cc8dfa5afedee", "hash": "c39173f32bd7531c"}
{"timestamp": "2026-02-23T09:14:16.715674+00:00", "level": "WARN", "action": "ACTIVATION_SET_FAILED", "details": "Code too short \u2014 minimum 8 characters required", "operator": "system", "plugin": "", "engagement_id": "", "previous_hash": "c39173f32bd7531c", "hash": "4f37b791c495ad9b"}
{"timestamp": "2026-02-23T09:14:16.752251+00:00", "level": "INFO", "action": "ACTIVATION_CODE_SET", "details": "New activation code configured", "operator": "system", "plugin": "", "engagement_id": "", "previous_hash": "4f37b791c495ad9b", "hash": "dcfbe1ef8b6c45b7"}
{"timestamp": "2026-02-23T09:14:16.752251+00:00", "level": "INFO", "action": "ACTIVATION_CODE_CLEARED", "details": "Activation code removed", "operator": "system", "plugin": "", "engagement_id": "", "previous_hash": "dcfbe1ef8b6c45b7", "hash": "4bd2344f9c453e7a"}
{"timestamp": "2026-02-23T09:14:16.792942+00:00", "level": "INFO", "action": "ACTIVATION_CODE_SET", "details": "New activation code configured", "operator": "system", "plugin": "", "engagement_id": "", "previous_hash": "4bd2344f9c453e7a", "hash": "28128973dd19eced"}
{"timestamp": "2026-02-23T09:14:16.834894+00:00", "level": "INFO", "action": "ACTIVATION_CODE_SET", "details": "New activation code configured", "operator": "system", "plugin": "", "engagement_id": "", "previous_hash": "28128973dd19eced", "hash": "f3157c688a8278ad"}
{"timestamp": "2026-02-23T09:14:16.851544+00:00", "level": "INFO", "action": "ENGAGEMENT_INIT", "details": "Created engagement: ENG-001", "operator": "system", "plugin": "", "engagement_id": "", "previous_hash": "f3157c688a8278ad", "hash": "687459a26eb698d2"}
{"timestamp": "2026-02-23T09:14:16.865096+00:00", "level": "INFO", "action": "ENGAGEMENT_INIT", "details": "Created engagement: TMPL", "operator": "system", "plugin": "", "engagement_id": "", "previous_hash": "687459a26eb698d2", "hash": "2d6b63caf45c08ba"}
{"timestamp": "2026-02-23T09:20:19.301767+00:00", "level": "INFO", "action": "ROE_VALIDATED", "details": "RoE TEST-001 validated successfully", "operator": "system", "plugin": "", "engagement_id": "TEST-001", "previous_hash": "2d6b63caf45c08ba", "hash": "a77e385957e6dd9e"}
{"timestamp": "2026-02-23T09:20:19.301767+00:00", "level": "INFO", "action": "ENGAGEMENT_LOADED", "details": "RoE validated, authorizer: Test Admin", "operator": "system", "plugin": "", "engagement_id": "TEST-001", "previous_hash": "a77e385957e6dd9e", "hash": "719debf0e67be220"}
{"timestamp": "2026-02-23T09:20:19.304214+00:00", "level": "ERROR", "action": "ENGAGEMENT_LOAD_FAILED", "details": "Missing required RoE fields: authorizer, authorized_targets, allowed_tests, start_time_utc, end_time_utc", "operator": "system", "plugin": "", "engagement_id": "", "previous_hash": "719debf0e67be220", "hash": "5f7926fb74902a61"}
{"timestamp": "2026-02-23T09:20:19.318713+00:00", "level": "ERROR", "action": "ENGAGEMENT_LOAD_FAILED", "details": "RoE has expired (end_time: 2026-02-22T09:20:19+00:00)", "operator": "system", "plugin": "", "engagement_id": "", "previous_hash": "5f7926fb74902a61", "hash": "563b8781d61cc61e"}
{"timestamp": "2026-02-23T09:20:19.319717+00:00", "level": "ERROR", "action": "ENGAGEMENT_LOAD_FAILED", "details": "RoE file not found: \\nonexistent\\roe.yaml", "operator": "system", "plugin": "", "engagement_id": "", "previous_hash": "563b8781d61cc61e", "hash": "134c0b0cddfa7bbc"}
{"timestamp": "2026-02-23T09:20:19.323186+00:00", "level": "INFO", "action": "ROE_VALIDATED", "details": "RoE TEST-001 validated successfully", "operator": "system", "plugin": "", "engagement_id": "TEST-001", "previous_hash": "134c0b0cddfa7bbc", "hash": "0b73cb5d03ce6fdb"}
{"timestamp": "2026-02-23T09:20:19.323186+00:00", "level": "INFO", "action": "ENGAGEMENT_LOADED", "details": "RoE validated, authorizer: Test Admin", "operator": "system", "plugin": "", "engagement_id": "TEST-001", "previous_hash": "0b73cb5d03ce6fdb", "hash": "e57538ddde89c62f"}
{"timestamp": "2026-02-23T09:20:19.323186+00:00", "level": "INFO", "action": "PLUGIN_DRY_RUN", "details": "Dry run: stub-test", "operator": "system", "plugin": "stub-test", "engagement_id": "TEST-001", "previous_hash": "e57538ddde89c62f", "hash": "e61302a5ad77758b"}
{"timestamp": "2026-02-23T09:20:19.338526+00:00", "level": "INFO", "action": "ROE_VALIDATED", "details": "RoE TEST-001 validated successfully", "operator": "system", "plugin": "", "engagement_id": "TEST-001", "previous_hash": "e61302a5ad77758b", "hash": "8e55ec5ecf53104e"}
{"timestamp": "2026-02-23T09:20:19.339515+00:00", "level": "INFO", "action": "ENGAGEMENT_LOADED", "details": "RoE validated, authorizer: Test Admin", "operator": "system", "plugin": "", "engagement_id": "TEST-001", "previous_hash": "8e55ec5ecf53104e", "hash": "5371fa8c9075c798"}
{"timestamp": "2026-02-23T09:20:19.342514+00:00", "level": "INFO", "action": "ROE_VALIDATED", "details": "RoE TEST-001 validated successfully", "operator": "system", "plugin": "", "engagement_id": "TEST-001", "previous_hash": "5371fa8c9075c798", "hash": "2f3b78ebff16faec"}
{"timestamp": "2026-02-23T09:20:19.342514+00:00", "level": "INFO", "action": "ENGAGEMENT_LOADED", "details": "RoE validated, authorizer: Test Admin", "operator": "system", "plugin": "", "engagement_id": "TEST-001", "previous_hash": "2f3b78ebff16faec", "hash": "525690662e9ce617"}
{"timestamp": "2026-02-23T09:20:19.342514+00:00", "level": "INFO", "action": "PLUGIN_EXECUTE", "details": "Executing: stub-test", "operator": "system", "plugin": "stub-test", "engagement_id": "TEST-001", "previous_hash": "525690662e9ce617", "hash": "814577ee4deb9022"}
{"timestamp": "2026-02-23T09:20:19.342514+00:00", "level": "INFO", "action": "PLUGIN_COMPLETE", "details": "stub-test: success=True, findings=1, 0ms", "operator": "system", "plugin": "stub-test", "engagement_id": "TEST-001", "previous_hash": "814577ee4deb9022", "hash": "ed4559fa1c36cdd0"}
{"timestamp": "2026-02-23T09:20:19.346514+00:00", "level": "INFO", "action": "ROE_VALIDATED", "details": "RoE TEST-001 validated successfully", "operator": "system", "plugin": "", "engagement_id": "TEST-001", "previous_hash": "ed4559fa1c36cdd0", "hash": "85501dc8ea6c8fe5"}
{"timestamp": "2026-02-23T09:20:19.346514+00:00", "level": "INFO", "action": "ENGAGEMENT_LOADED", "details": "RoE validated, authorizer: Test Admin", "operator": "system", "plugin": "", "engagement_id": "TEST-001", "previous_hash": "85501dc8ea6c8fe5", "hash": "e2e1e91e37683482"}
{"timestamp": "2026-02-23T09:20:19.347514+00:00", "level": "INFO", "action": "PLUGIN_EXECUTE", "details": "Executing: fail-test", "operator": "system", "plugin": "fail-test", "engagement_id": "TEST-001", "previous_hash": "e2e1e91e37683482", "hash": "ac37794a3496fcf7"}
{"timestamp": "2026-02-23T09:20:19.347514+00:00", "level": "INFO", "action": "PLUGIN_COMPLETE", "details": "fail-test: success=False, findings=0, 0ms", "operator": "system", "plugin": "fail-test", "engagement_id": "TEST-001", "previous_hash": "ac37794a3496fcf7", "hash": "0360cb6a9088df58"}
{"timestamp": "2026-02-23T09:20:19.351528+00:00", "level": "INFO", "action": "ROE_VALIDATED", "details": "RoE TEST-001 validated successfully", "operator": "system", "plugin": "", "engagement_id": "TEST-001", "previous_hash": "0360cb6a9088df58", "hash": "86d178c2a0fdb611"}
{"timestamp": "2026-02-23T09:20:19.351528+00:00", "level": "INFO", "action": "ENGAGEMENT_LOADED", "details": "RoE validated, authorizer: Test Admin", "operator": "system", "plugin": "", "engagement_id": "TEST-001", "previous_hash": "86d178c2a0fdb611", "hash": "edb5c6cda98bc960"}
{"timestamp": "2026-02-23T09:20:19.351528+00:00", "level": "INFO", "action": "ENGAGEMENT_SHUTDOWN", "details": "", "operator": "system", "plugin": "", "engagement_id": "TEST-001", "previous_hash": "edb5c6cda98bc960", "hash": "4eebc649a385e1e5"}
{"timestamp": "2026-02-23T09:20:19.352528+00:00", "level": "WARN", "action": "ACTIVATION_FAILED", "details": "No engagement loaded", "operator": "system", "plugin": "", "engagement_id": "", "previous_hash": "4eebc649a385e1e5", "hash": "782e094531638ad0"}
{"timestamp": "2026-02-23T09:20:19.355528+00:00", "level": "INFO", "action": "ROE_VALIDATED", "details": "RoE TEST-001 validated successfully", "operator": "system", "plugin": "", "engagement_id": "TEST-001", "previous_hash": "782e094531638ad0", "hash": "8e790370811ca46c"}
{"timestamp": "2026-02-23T09:20:19.355528+00:00", "level": "INFO", "action": "ENGAGEMENT_LOADED", "details": "RoE validated, authorizer: Test Admin", "operator": "system", "plugin": "", "engagement_id": "TEST-001", "previous_hash": "8e790370811ca46c", "hash": "fe724bb9bbb96dfd"}
{"timestamp": "2026-02-23T09:20:19.367654+00:00", "level": "INFO", "action": "ASYNC_PLUGIN_EXECUTE", "details": "Async executing: active-test", "operator": "system", "plugin": "active-test", "engagement_id": "ASYNC-001", "previous_hash": "fe724bb9bbb96dfd", "hash": "1cbec3cf7c11fbcb"}
{"timestamp": "2026-02-23T09:20:19.367654+00:00", "level": "INFO", "action": "ASYNC_PLUGIN_COMPLETE", "details": "active-test: success=True, findings=0, 0ms", "operator": "system", "plugin": "active-test", "engagement_id": "ASYNC-001", "previous_hash": "1cbec3cf7c11fbcb", "hash": "fd9d76c22e706cd4"}
{"timestamp": "2026-02-23T09:20:19.371048+00:00", "level": "INFO", "action": "ASYNC_PLUGIN_EXECUTE", "details": "Async executing: destructive-test", "operator": "system", "plugin": "destructive-test", "engagement_id": "ASYNC-001", "previous_hash": "fd9d76c22e706cd4", "hash": "9ece8930c00e7acf"}
{"timestamp": "2026-02-23T09:20:19.371048+00:00", "level": "INFO", "action": "ASYNC_PLUGIN_COMPLETE", "details": "destructive-test: success=True, findings=0, 0ms", "operator": "system", "plugin": "destructive-test", "engagement_id": "ASYNC-001", "previous_hash": "9ece8930c00e7acf", "hash": "bab64e8cc8e8a40c"}
{"timestamp": "2026-02-23T09:20:19.373044+00:00", "level": "INFO", "action": "ASYNC_PLUGIN_DRY_RUN", "details": "Async dry run: async-stub", "operator": "system", "plugin": "async-stub", "engagement_id": "ASYNC-001", "previous_hash": "bab64e8cc8e8a40c", "hash": "b86d56d68bf07eff"}
{"timestamp": "2026-02-23T09:20:19.375055+00:00", "level": "INFO", "action": "ASYNC_PLUGIN_EXECUTE", "details": "Async executing: async-stub", "operator": "system", "plugin": "async-stub", "engagement_id": "ASYNC-001", "previous_hash": "b86d56d68bf07eff", "hash": "983bb471cc3ec699"}
{"timestamp": "2026-02-23T09:20:19.392854+00:00", "level": "INFO", "action": "ASYNC_PLUGIN_COMPLETE", "details": "async-stub: success=True, findings=0, 16ms", "operator": "system", "plugin": "async-stub", "engagement_id": "ASYNC-001", "previous_hash": "983bb471cc3ec699", "hash": "86c6c8875355342f"}
{"timestamp": "2026-02-23T09:20:19.394952+00:00", "level": "INFO", "action": "ASYNC_PLUGIN_EXECUTE", "details": "Async executing: slow-test", "operator": "system", "plugin": "slow-test", "engagement_id": "ASYNC-001", "previous_hash": "86c6c8875355342f", "hash": "bc72072012b4b8a8"}
{"timestamp": "2026-02-23T09:20:20.398404+00:00", "level": "INFO", "action": "ASYNC_PLUGIN_EXECUTE", "details": "Async executing: active-test", "operator": "system", "plugin": "active-test", "engagement_id": "ASYNC-001", "previous_hash": "bc72072012b4b8a8", "hash": "994252206e317f5c"}
{"timestamp": "2026-02-23T09:20:20.399406+00:00", "level": "INFO", "action": "ASYNC_PLUGIN_COMPLETE", "details": "active-test: success=True, findings=0, 15ms", "operator": "system", "plugin": "active-test", "engagement_id": "ASYNC-001", "previous_hash": "994252206e317f5c", "hash": "724f0badf9b1aedd"}
{"timestamp": "2026-02-23T09:20:20.421927+00:00", "level": "INFO", "action": "ROE_VALIDATED", "details": "RoE TEST-001 validated successfully", "operator": "system", "plugin": "", "engagement_id": "TEST-001", "previous_hash": "724f0badf9b1aedd", "hash": "166865bc7c8e1cdb"}
{"timestamp": "2026-02-23T09:20:20.432872+00:00", "level": "WARN", "action": "POLICY_DENIED", "details": "test-plugin: RoE has not been validated", "operator": "system", "plugin": "", "engagement_id": "", "previous_hash": "166865bc7c8e1cdb", "hash": "735096839f0e3b0a"}
{"timestamp": "2026-02-23T09:20:20.467379+00:00", "level": "INFO", "action": "ACTIVATION_CODE_SET", "details": "New activation code configured", "operator": "system", "plugin": "", "engagement_id": "", "previous_hash": "735096839f0e3b0a", "hash": "eeb1d4618490d71d"}
{"timestamp": "2026-02-23T09:24:35.038201+00:00", "level": "INFO", "action": "ACTIVATION_CODE_SET", "details": "New activation code configured", "operator": "system", "plugin": "", "engagement_id": "", "previous_hash": "eeb1d4618490d71d", "hash": "5a0c46f730d9fd0b"}
{"timestamp": "2026-02-23T09:24:35.144227+00:00", "level": "INFO", "action": "ACTIVATION_CODE_SET", "details": "New activation code configured", "operator": "system", "plugin": "", "engagement_id": "", "previous_hash": "5a0c46f730d9fd0b", "hash": "dfc0ff79e9bb3267"}
{"timestamp": "2026-02-23T09:24:35.189357+00:00", "level": "WARN", "action": "ACTIVATION_SET_FAILED", "details": "Code must contain letters, digits, and special characters", "operator": "system", "plugin": "", "engagement_id": "", "previous_hash": "dfc0ff79e9bb3267", "hash": "bb09ec1b7006de41"}
{"timestamp": "2026-02-23T09:24:35.191349+00:00", "level": "WARN", "action": "ACTIVATION_SET_FAILED", "details": "Code must contain letters, digits, and special characters", "operator": "system", "plugin": "", "engagement_id": "", "previous_hash": "bb09ec1b7006de41", "hash": "3428c0a3b80b7769"}
{"timestamp": "2026-02-23T09:24:35.194350+00:00", "level": "WARN", "action": "ACTIVATION_SET_FAILED", "details": "Code must contain letters, digits, and special characters", "operator": "system", "plugin": "", "engagement_id": "", "previous_hash": "3428c0a3b80b7769", "hash": "2050193037f27334"}
{"timestamp": "2026-02-23T09:24:35.198270+00:00", "level": "WARN", "action": "ACTIVATION_SET_FAILED", "details": "Code too short \u2014 minimum 8 characters required", "operator": "system", "plugin": "", "engagement_id": "", "previous_hash": "2050193037f27334", "hash": "ec27e7c30075f0ca"}
{"timestamp": "2026-02-23T09:24:35.238168+00:00", "level": "INFO", "action": "ACTIVATION_CODE_SET", "details": "New activation code configured", "operator": "system", "plugin": "", "engagement_id": "", "previous_hash": "ec27e7c30075f0ca", "hash": "c1c60c91acee2cfb"}
{"timestamp": "2026-02-23T09:24:35.238168+00:00", "level": "INFO", "action": "ACTIVATION_CODE_CLEARED", "details": "Activation code removed", "operator": "system", "plugin": "", "engagement_id": "", "previous_hash": "c1c60c91acee2cfb", "hash": "e9e2ff40aed657e8"}
{"timestamp": "2026-02-23T09:24:35.279670+00:00", "level": "INFO", "action": "ACTIVATION_CODE_SET", "details": "New activation code configured", "operator": "system", "plugin": "", "engagement_id": "", "previous_hash": "e9e2ff40aed657e8", "hash": "28a59e2f6ac40792"}
{"timestamp": "2026-02-23T09:24:35.320652+00:00", "level": "INFO", "action": "ACTIVATION_CODE_SET", "details": "New activation code configured", "operator": "system", "plugin": "", "engagement_id": "", "previous_hash": "28a59e2f6ac40792", "hash": "c7e8dbd20b3a9730"}
{"timestamp": "2026-02-23T09:24:35.340180+00:00", "level": "INFO", "action": "ENGAGEMENT_INIT", "details": "Created engagement: ENG-001", "operator": "system", "plugin": "", "engagement_id": "", "previous_hash": "c7e8dbd20b3a9730", "hash": "de5e44dbc0fe191a"}
{"timestamp": "2026-02-23T09:24:35.348482+00:00", "level": "INFO", "action": "ENGAGEMENT_INIT", "details": "Created engagement: TMPL", "operator": "system", "plugin": "", "engagement_id": "", "previous_hash": "de5e44dbc0fe191a", "hash": "335d8e3561788857"}
{"timestamp": "2026-02-23T09:30:37.873949+00:00", "level": "INFO", "action": "ROE_VALIDATED", "details": "RoE TEST-001 validated successfully", "operator": "system", "plugin": "", "engagement_id": "TEST-001", "previous_hash": "335d8e3561788857", "hash": "42cbc2ca13a7506a"}
{"timestamp": "2026-02-23T09:30:37.873949+00:00", "level": "INFO", "action": "ENGAGEMENT_LOADED", "details": "RoE validated, authorizer: Test Admin", "operator": "system", "plugin": "", "engagement_id": "TEST-001", "previous_hash": "42cbc2ca13a7506a", "hash": "1e4f44be82b32a72"}
{"timestamp": "2026-02-23T09:30:37.877029+00:00", "level": "ERROR", "action": "ENGAGEMENT_LOAD_FAILED", "details": "Missing required RoE fields: authorizer, authorized_targets, allowed_tests, start_time_utc, end_time_utc", "operator": "system", "plugin": "", "engagement_id": "", "previous_hash": "1e4f44be82b32a72", "hash": "0a24d132b0520aec"}
{"timestamp": "2026-02-23T09:30:37.888355+00:00", "level": "ERROR", "action": "ENGAGEMENT_LOAD_FAILED", "details": "RoE has expired (end_time: 2026-02-22T09:30:37+00:00)", "operator": "system", "plugin": "", "engagement_id": "", "previous_hash": "0a24d132b0520aec", "hash": "26fee904867f298f"}
{"timestamp": "2026-02-23T09:30:37.889473+00:00", "level": "ERROR", "action": "ENGAGEMENT_LOAD_FAILED", "details": "RoE file not found: \\nonexistent\\roe.yaml", "operator": "system", "plugin": "", "engagement_id": "", "previous_hash": "26fee904867f298f", "hash": "8ceb900a559741dd"}
{"timestamp": "2026-02-23T09:30:37.893486+00:00", "level": "INFO", "action": "ROE_VALIDATED", "details": "RoE TEST-001 validated successfully", "operator": "system", "plugin": "", "engagement_id": "TEST-001", "previous_hash": "8ceb900a559741dd", "hash": "c3e6fd2025941c62"}
{"timestamp": "2026-02-23T09:30:37.893486+00:00", "level": "INFO", "action": "ENGAGEMENT_LOADED", "details": "RoE validated, authorizer: Test Admin", "operator": "system", "plugin": "", "engagement_id": "TEST-001", "previous_hash": "c3e6fd2025941c62", "hash": "89ffd69983d348eb"}
{"timestamp": "2026-02-23T09:30:37.894485+00:00", "level": "INFO", "action": "PLUGIN_DRY_RUN", "details": "Dry run: stub-test", "operator": "system", "plugin": "stub-test", "engagement_id": "TEST-001", "previous_hash": "89ffd69983d348eb", "hash": "d9a5659737bdd683"}
{"timestamp": "2026-02-23T09:30:37.899669+00:00", "level": "INFO", "action": "ROE_VALIDATED", "details": "RoE TEST-001 validated successfully", "operator": "system", "plugin": "", "engagement_id": "TEST-001", "previous_hash": "d9a5659737bdd683", "hash": "a439aa4012503a19"}
{"timestamp": "2026-02-23T09:30:37.899669+00:00", "level": "INFO", "action": "ENGAGEMENT_LOADED", "details": "RoE validated, authorizer: Test Admin", "operator": "system", "plugin": "", "engagement_id": "TEST-001", "previous_hash": "a439aa4012503a19", "hash": "c665b8370392bb48"}
{"timestamp": "2026-02-23T09:30:37.904659+00:00", "level": "INFO", "action": "ROE_VALIDATED", "details": "RoE TEST-001 validated successfully", "operator": "system", "plugin": "", "engagement_id": "TEST-001", "previous_hash": "c665b8370392bb48", "hash": "952bc15250955a9b"}
{"timestamp": "2026-02-23T09:30:37.904659+00:00", "level": "INFO", "action": "ENGAGEMENT_LOADED", "details": "RoE validated, authorizer: Test Admin", "operator": "system", "plugin": "", "engagement_id": "TEST-001", "previous_hash": "952bc15250955a9b", "hash": "64e5794dd6f9e632"}
{"timestamp": "2026-02-23T09:30:37.904659+00:00", "level": "INFO", "action": "PLUGIN_EXECUTE", "details": "Executing: stub-test", "operator": "system", "plugin": "stub-test", "engagement_id": "TEST-001", "previous_hash": "64e5794dd6f9e632", "hash": "50aa7b27607f488a"}
{"timestamp": "2026-02-23T09:30:37.905667+00:00", "level": "INFO", "action": "PLUGIN_COMPLETE", "details": "stub-test: success=True, findings=1, 0ms", "operator": "system", "plugin": "stub-test", "engagement_id": "TEST-001", "previous_hash": "50aa7b27607f488a", "hash": "5ef52183d59cc4c6"}
{"timestamp": "2026-02-23T09:30:37.910173+00:00", "level": "INFO", "action": "ROE_VALIDATED", "details": "RoE TEST-001 validated successfully", "operator": "system", "plugin": "", "engagement_id": "TEST-001", "previous_hash": "5ef52183d59cc4c6", "hash": "aa1557c7b4861eb3"}
{"timestamp": "2026-02-23T09:30:37.910173+00:00", "level": "INFO", "action": "ENGAGEMENT_LOADED", "details": "RoE validated, authorizer: Test Admin", "operator": "system", "plugin": "", "engagement_id": "TEST-001", "previous_hash": "aa1557c7b4861eb3", "hash": "51a6cce0d484f158"}
{"timestamp": "2026-02-23T09:30:37.910173+00:00", "level": "INFO", "action": "PLUGIN_EXECUTE", "details": "Executing: fail-test", "operator": "system", "plugin": "fail-test", "engagement_id": "TEST-001", "previous_hash": "51a6cce0d484f158", "hash": "f697f7860553a94e"}
{"timestamp": "2026-02-23T09:30:37.910173+00:00", "level": "INFO", "action": "PLUGIN_COMPLETE", "details": "fail-test: success=False, findings=0, 0ms", "operator": "system", "plugin": "fail-test", "engagement_id": "TEST-001", "previous_hash": "f697f7860553a94e", "hash": "7d69595b283ec2c5"}
{"timestamp": "2026-02-23T09:30:37.914172+00:00", "level": "INFO", "action": "ROE_VALIDATED", "details": "RoE TEST-001 validated successfully", "operator": "system", "plugin": "", "engagement_id": "TEST-001", "previous_hash": "7d69595b283ec2c5", "hash": "e77f6200ec2575cd"}
{"timestamp": "2026-02-23T09:30:37.915742+00:00", "level": "INFO", "action": "ENGAGEMENT_LOADED", "details": "RoE validated, authorizer: Test Admin", "operator": "system", "plugin": "", "engagement_id": "TEST-001", "previous_hash": "e77f6200ec2575cd", "hash": "abd28be6c0f60619"}
{"timestamp": "2026-02-23T09:30:37.915742+00:00", "level": "INFO", "action": "ENGAGEMENT_SHUTDOWN", "details": "", "operator": "system", "plugin": "", "engagement_id": "TEST-001", "previous_hash": "abd28be6c0f60619", "hash": "7658048983ced858"}
{"timestamp": "2026-02-23T09:30:37.917291+00:00", "level": "WARN", "action": "ACTIVATION_FAILED", "details": "No engagement loaded", "operator": "system", "plugin": "", "engagement_id": "", "previous_hash": "7658048983ced858", "hash": "bad3a40f6c7543c4"}
{"timestamp": "2026-02-23T09:30:37.917291+00:00", "level": "INFO", "action": "ROE_VALIDATED", "details": "RoE TEST-001 validated successfully", "operator": "system", "plugin": "", "engagement_id": "TEST-001", "previous_hash": "bad3a40f6c7543c4", "hash": "31dabd0d0ded4542"}
{"timestamp": "2026-02-23T09:30:37.917291+00:00", "level": "INFO", "action": "ENGAGEMENT_LOADED", "details": "RoE validated, authorizer: Test Admin", "operator": "system", "plugin": "", "engagement_id": "TEST-001", "previous_hash": "31dabd0d0ded4542", "hash": "bdc86130aea5a6a7"}
{"timestamp": "2026-02-23T09:30:37.989756+00:00", "level": "INFO", "action": "ASYNC_PLUGIN_EXECUTE", "details": "Async executing: active-test", "operator": "system", "plugin": "active-test", "engagement_id": "ASYNC-001", "previous_hash": "bdc86130aea5a6a7", "hash": "caeeba4a2e30440a"}
{"timestamp": "2026-02-23T09:30:37.989756+00:00", "level": "INFO", "action": "ASYNC_PLUGIN_COMPLETE", "details": "active-test: success=True, findings=0, 0ms", "operator": "system", "plugin": "active-test", "engagement_id": "ASYNC-001", "previous_hash": "caeeba4a2e30440a", "hash": "8e068233d3704dbd"}
{"timestamp": "2026-02-23T09:30:37.994265+00:00", "level": "INFO", "action": "ASYNC_PLUGIN_EXECUTE", "details": "Async executing: destructive-test", "operator": "system", "plugin": "destructive-test", "engagement_id": "ASYNC-001", "previous_hash": "8e068233d3704dbd", "hash": "fa29d6f889aded10"}
{"timestamp": "2026-02-23T09:30:37.995257+00:00", "level": "INFO", "action": "ASYNC_PLUGIN_COMPLETE", "details": "destructive-test: success=True, findings=0, 0ms", "operator": "system", "plugin": "destructive-test", "engagement_id": "ASYNC-001", "previous_hash": "fa29d6f889aded10", "hash": "2c1632a7a48c0adc"}
{"timestamp": "2026-02-23T09:30:37.996256+00:00", "level": "INFO", "action": "ASYNC_PLUGIN_DRY_RUN", "details": "Async dry run: async-stub", "operator": "system", "plugin": "async-stub", "engagement_id": "ASYNC-001", "previous_hash": "2c1632a7a48c0adc", "hash": "89efc24ace1ffcad"}
{"timestamp": "2026-02-23T09:30:37.998467+00:00", "level": "INFO", "action": "ASYNC_PLUGIN_EXECUTE", "details": "Async executing: async-stub", "operator": "system", "plugin": "async-stub", "engagement_id": "ASYNC-001", "previous_hash": "89efc24ace1ffcad", "hash": "e4c603beb7030966"}
{"timestamp": "2026-02-23T09:30:38.013737+00:00", "level": "INFO", "action": "ASYNC_PLUGIN_COMPLETE", "details": "async-stub: success=True, findings=0, 16ms", "operator": "system", "plugin": "async-stub", "engagement_id": "ASYNC-001", "previous_hash": "e4c603beb7030966", "hash": "6bd285c0967af6b4"}
{"timestamp": "2026-02-23T09:30:38.030543+00:00", "level": "INFO", "action": "ASYNC_PLUGIN_EXECUTE", "details": "Async executing: slow-test", "operator": "system", "plugin": "slow-test", "engagement_id": "ASYNC-001", "previous_hash": "6bd285c0967af6b4", "hash": "24902c8c8b665b36"}
{"timestamp": "2026-02-23T09:30:39.046051+00:00", "level": "INFO", "action": "ASYNC_PLUGIN_EXECUTE", "details": "Async executing: active-test", "operator": "system", "plugin": "active-test", "engagement_id": "ASYNC-001", "previous_hash": "24902c8c8b665b36", "hash": "646e013581768eb1"}
{"timestamp": "2026-02-23T09:30:39.046051+00:00", "level": "INFO", "action": "ASYNC_PLUGIN_COMPLETE", "details": "active-test: success=True, findings=0, 0ms", "operator": "system", "plugin": "active-test", "engagement_id": "ASYNC-001", "previous_hash": "646e013581768eb1", "hash": "ad800823dd675e65"}
{"timestamp": "2026-02-23T09:30:39.070246+00:00", "level": "INFO", "action": "ROE_VALIDATED", "details": "RoE TEST-001 validated successfully", "operator": "system", "plugin": "", "engagement_id": "TEST-001", "previous_hash": "ad800823dd675e65", "hash": "9a1d6ec0822e70fd"}
{"timestamp": "2026-02-23T09:30:39.083504+00:00", "level": "WARN", "action": "POLICY_DENIED", "details": "test-plugin: RoE has not been validated", "operator": "system", "plugin": "", "engagement_id": "", "previous_hash": "9a1d6ec0822e70fd", "hash": "bf24272862c4e457"}
{"timestamp": "2026-02-23T09:30:39.117216+00:00", "level": "INFO", "action": "ACTIVATION_CODE_SET", "details": "New activation code configured", "operator": "system", "plugin": "", "engagement_id": "", "previous_hash": "bf24272862c4e457", "hash": "468abafddfc6f672"}
{"timestamp": "2026-02-23T09:47:26.120223+00:00", "level": "INFO", "action": "ACTIVATION_CODE_SET", "details": "New activation code configured", "operator": "system", "plugin": "", "engagement_id": "", "previous_hash": "468abafddfc6f672", "hash": "05088de2c081bc42"}
{"timestamp": "2026-02-23T09:47:26.196692+00:00", "level": "INFO", "action": "ACTIVATION_CODE_SET", "details": "New activation code configured", "operator": "system", "plugin": "", "engagement_id": "", "previous_hash": "05088de2c081bc42", "hash": "1685b0718f343ebd"}
{"timestamp": "2026-02-23T09:47:26.241056+00:00", "level": "WARN", "action": "ACTIVATION_SET_FAILED", "details": "Code must contain letters, digits, and special characters", "operator": "system", "plugin": "", "engagement_id": "", "previous_hash": "1685b0718f343ebd", "hash": "8273c063732cf773"}
{"timestamp": "2026-02-23T09:47:26.241056+00:00", "level": "WARN", "action": "ACTIVATION_SET_FAILED", "details": "Code must contain letters, digits, and special characters", "operator": "system", "plugin": "", "engagement_id": "", "previous_hash": "8273c063732cf773", "hash": "219870895ddbf049"}
{"timestamp": "2026-02-23T09:47:26.241056+00:00", "level": "WARN", "action": "ACTIVATION_SET_FAILED", "details": "Code must contain letters, digits, and special characters", "operator": "system", "plugin": "", "engagement_id": "", "previous_hash": "219870895ddbf049", "hash": "9ee251a2086a5e5a"}
{"timestamp": "2026-02-23T09:47:26.241056+00:00", "level": "WARN", "action": "ACTIVATION_SET_FAILED", "details": "Code too short \u2014 minimum 8 characters required", "operator": "system", "plugin": "", "engagement_id": "", "previous_hash": "9ee251a2086a5e5a", "hash": "d25fb7ac3ae12579"}
{"timestamp": "2026-02-23T09:47:26.280024+00:00", "level": "INFO", "action": "ACTIVATION_CODE_SET", "details": "New activation code configured", "operator": "system", "plugin": "", "engagement_id": "", "previous_hash": "d25fb7ac3ae12579", "hash": "5085397516ad23ce"}
{"timestamp": "2026-02-23T09:47:26.280024+00:00", "level": "INFO", "action": "ACTIVATION_CODE_CLEARED", "details": "Activation code removed", "operator": "system", "plugin": "", "engagement_id": "", "previous_hash": "5085397516ad23ce", "hash": "da5012a52099d592"}
{"timestamp": "2026-02-23T09:47:26.325896+00:00", "level": "INFO", "action": "ACTIVATION_CODE_SET", "details": "New activation code configured", "operator": "system", "plugin": "", "engagement_id": "", "previous_hash": "da5012a52099d592", "hash": "63b3e71332b44dfa"}
{"timestamp": "2026-02-23T09:47:26.373053+00:00", "level": "INFO", "action": "ACTIVATION_CODE_SET", "details": "New activation code configured", "operator": "system", "plugin": "", "engagement_id": "", "previous_hash": "63b3e71332b44dfa", "hash": "6357a5bab52b3019"}
{"timestamp": "2026-02-23T09:47:26.404723+00:00", "level": "INFO", "action": "ENGAGEMENT_INIT", "details": "Created engagement: ENG-001", "operator": "system", "plugin": "", "engagement_id": "", "previous_hash": "6357a5bab52b3019", "hash": "b9df766ef9e17100"}
{"timestamp": "2026-02-23T09:47:26.409651+00:00", "level": "INFO", "action": "ENGAGEMENT_INIT", "details": "Created engagement: TMPL", "operator": "system", "plugin": "", "engagement_id": "", "previous_hash": "b9df766ef9e17100", "hash": "ae10457a2eef7874"}
{"timestamp": "2026-02-23T09:53:28.459172+00:00", "level": "INFO", "action": "ROE_VALIDATED", "details": "RoE TEST-001 validated successfully", "operator": "system", "plugin": "", "engagement_id": "TEST-001", "previous_hash": "ae10457a2eef7874", "hash": "b9ddf60e0c6006bc"}
{"timestamp": "2026-02-23T09:53:28.459172+00:00", "level": "INFO", "action": "ENGAGEMENT_LOADED", "details": "RoE validated, authorizer: Test Admin", "operator": "system", "plugin": "", "engagement_id": "TEST-001", "previous_hash": "b9ddf60e0c6006bc", "hash": "4eb93cb3c238e7f7"}
{"timestamp": "2026-02-23T09:53:28.462450+00:00", "level": "ERROR", "action": "ENGAGEMENT_LOAD_FAILED", "details": "Missing required RoE fields: authorizer, authorized_targets, allowed_tests, start_time_utc, end_time_utc", "operator": "system", "plugin": "", "engagement_id": "", "previous_hash": "4eb93cb3c238e7f7", "hash": "e515489402d04472"}
{"timestamp": "2026-02-23T09:53:28.469481+00:00", "level": "ERROR", "action": "ENGAGEMENT_LOAD_FAILED", "details": "RoE has expired (end_time: 2026-02-22T09:53:28+00:00)", "operator": "system", "plugin": "", "engagement_id": "", "previous_hash": "e515489402d04472", "hash": "937bd7886e01cb32"}
{"timestamp": "2026-02-23T09:53:28.469481+00:00", "level": "ERROR", "action": "ENGAGEMENT_LOAD_FAILED", "details": "RoE file not found: \\nonexistent\\roe.yaml", "operator": "system", "plugin": "", "engagement_id": "", "previous_hash": "937bd7886e01cb32", "hash": "fd1d74ef26506948"}
{"timestamp": "2026-02-23T09:53:28.472987+00:00", "level": "INFO", "action": "ROE_VALIDATED", "details": "RoE TEST-001 validated successfully", "operator": "system", "plugin": "", "engagement_id": "TEST-001", "previous_hash": "fd1d74ef26506948", "hash": "71686c124e890ca4"}
{"timestamp": "2026-02-23T09:53:28.472987+00:00", "level": "INFO", "action": "ENGAGEMENT_LOADED", "details": "RoE validated, authorizer: Test Admin", "operator": "system", "plugin": "", "engagement_id": "TEST-001", "previous_hash": "71686c124e890ca4", "hash": "9ac8009f38719eea"}
{"timestamp": "2026-02-23T09:53:28.472987+00:00", "level": "INFO", "action": "PLUGIN_DRY_RUN", "details": "Dry run: stub-test", "operator": "system", "plugin": "stub-test", "engagement_id": "TEST-001", "previous_hash": "9ac8009f38719eea", "hash": "cda55934da504100"}
{"timestamp": "2026-02-23T09:53:28.488654+00:00", "level": "INFO", "action": "ROE_VALIDATED", "details": "RoE TEST-001 validated successfully", "operator": "system", "plugin": "", "engagement_id": "TEST-001", "previous_hash": "cda55934da504100", "hash": "0cf6eaa28ecd8436"}
{"timestamp": "2026-02-23T09:53:28.488654+00:00", "level": "INFO", "action": "ENGAGEMENT_LOADED", "details": "RoE validated, authorizer: Test Admin", "operator": "system", "plugin": "", "engagement_id": "TEST-001", "previous_hash": "0cf6eaa28ecd8436", "hash": "5536141533aa7c93"}
{"timestamp": "2026-02-23T09:53:28.493189+00:00", "level": "INFO", "action": "ROE_VALIDATED", "details": "RoE TEST-001 validated successfully", "operator": "system", "plugin": "", "engagement_id": "TEST-001", "previous_hash": "5536141533aa7c93", "hash": "285f539afb989462"}
{"timestamp": "2026-02-23T09:53:28.494192+00:00", "level": "INFO", "action": "ENGAGEMENT_LOADED", "details": "RoE validated, authorizer: Test Admin", "operator": "system", "plugin": "", "engagement_id": "TEST-001", "previous_hash": "285f539afb989462", "hash": "39e5b7a478492591"}
{"timestamp": "2026-02-23T09:53:28.494192+00:00", "level": "INFO", "action": "PLUGIN_EXECUTE", "details": "Executing: stub-test", "operator": "system", "plugin": "stub-test", "engagement_id": "TEST-001", "previous_hash": "39e5b7a478492591", "hash": "59d8c0b14aa466ea"}
{"timestamp": "2026-02-23T09:53:28.494192+00:00", "level": "INFO", "action": "PLUGIN_COMPLETE", "details": "stub-test: success=True, findings=1, 0ms", "operator": "system", "plugin": "stub-test", "engagement_id": "TEST-001", "previous_hash": "59d8c0b14aa466ea", "hash": "cfc75279082a6769"}
{"timestamp": "2026-02-23T09:53:28.497214+00:00", "level": "INFO", "action": "ROE_VALIDATED", "details": "RoE TEST-001 validated successfully", "operator": "system", "plugin": "", "engagement_id": "TEST-001", "previous_hash": "cfc75279082a6769", "hash": "4700790da03689d0"}
{"timestamp": "2026-02-23T09:53:28.497214+00:00", "level": "INFO", "action": "ENGAGEMENT_LOADED", "details": "RoE validated, authorizer: Test Admin", "operator": "system", "plugin": "", "engagement_id": "TEST-001", "previous_hash": "4700790da03689d0", "hash": "303fe4b7f957cfeb"}
{"timestamp": "2026-02-23T09:53:28.498213+00:00", "level": "INFO", "action": "PLUGIN_EXECUTE", "details": "Executing: fail-test", "operator": "system", "plugin": "fail-test", "engagement_id": "TEST-001", "previous_hash": "303fe4b7f957cfeb", "hash": "394740f31ee8cba4"}
{"timestamp": "2026-02-23T09:53:28.498213+00:00", "level": "INFO", "action": "PLUGIN_COMPLETE", "details": "fail-test: success=False, findings=0, 0ms", "operator": "system", "plugin": "fail-test", "engagement_id": "TEST-001", "previous_hash": "394740f31ee8cba4", "hash": "5112bfe77979a9b2"}
{"timestamp": "2026-02-23T09:53:28.499799+00:00", "level": "INFO", "action": "ROE_VALIDATED", "details": "RoE TEST-001 validated successfully", "operator": "system", "plugin": "", "engagement_id": "TEST-001", "previous_hash": "5112bfe77979a9b2", "hash": "e62fd637fb632370"}
{"timestamp": "2026-02-23T09:53:28.499799+00:00", "level": "INFO", "action": "ENGAGEMENT_LOADED", "details": "RoE validated, authorizer: Test Admin", "operator": "system", "plugin": "", "engagement_id": "TEST-001", "previous_hash": "e62fd637fb632370", "hash": "1f0e38bd79a88153"}
{"timestamp": "2026-02-23T09:53:28.499799+00:00", "level": "INFO", "action": "ENGAGEMENT_SHUTDOWN", "details": "", "operator": "system", "plugin": "", "engagement_id": "TEST-001", "previous_hash": "1f0e38bd79a88153", "hash": "007bbcf476e9eefd"}
{"timestamp": "2026-02-23T09:53:28.499799+00:00", "level": "WARN", "action": "ACTIVATION_FAILED", "details": "No engagement loaded", "operator": "system", "plugin": "", "engagement_id": "", "previous_hash": "007bbcf476e9eefd", "hash": "84baac130cf98167"}
{"timestamp": "2026-02-23T09:53:28.499799+00:00", "level": "INFO", "action": "ROE_VALIDATED", "details": "RoE TEST-001 validated successfully", "operator": "system", "plugin": "", "engagement_id": "TEST-001", "previous_hash": "84baac130cf98167", "hash": "db3b53ccb6300b81"}
{"timestamp": "2026-02-23T09:53:28.499799+00:00", "level": "INFO", "action": "ENGAGEMENT_LOADED", "details": "RoE validated, authorizer: Test Admin", "operator": "system", "plugin": "", "engagement_id": "TEST-001", "previous_hash": "db3b53ccb6300b81", "hash": "0b7d8a37f7de2616"}
{"timestamp": "2026-02-23T09:53:28.518952+00:00", "level": "INFO", "action": "ASYNC_PLUGIN_EXECUTE", "details": "Async executing: active-test", "operator": "system", "plugin": "active-test", "engagement_id": "ASYNC-001", "previous_hash": "0b7d8a37f7de2616", "hash": "a2ff9465294feef4"}
{"timestamp": "2026-02-23T09:53:28.518952+00:00", "level": "INFO", "action": "ASYNC_PLUGIN_COMPLETE", "details": "active-test: success=True, findings=0, 0ms", "operator": "system", "plugin": "active-test", "engagement_id": "ASYNC-001", "previous_hash": "a2ff9465294feef4", "hash": "70d45da5bb322fee"}
{"timestamp": "2026-02-23T09:53:28.518952+00:00", "level": "INFO", "action": "ASYNC_PLUGIN_EXECUTE", "details": "Async executing: destructive-test", "operator": "system", "plugin": "destructive-test", "engagement_id": "ASYNC-001", "previous_hash": "70d45da5bb322fee", "hash": "88ad61c7939abf78"}
{"timestamp": "2026-02-23T09:53:28.518952+00:00", "level": "INFO", "action": "ASYNC_PLUGIN_COMPLETE", "details": "destructive-test: success=True, findings=0, 0ms", "operator": "system", "plugin": "destructive-test", "engagement_id": "ASYNC-001", "previous_hash": "88ad61c7939abf78", "hash": "6bf7af0eeeca9bfb"}
{"timestamp": "2026-02-23T09:53:28.518952+00:00", "level": "INFO", "action": "ASYNC_PLUGIN_DRY_RUN", "details": "Async dry run: async-stub", "operator": "system", "plugin": "async-stub", "engagement_id": "ASYNC-001", "previous_hash": "6bf7af0eeeca9bfb", "hash": "d1299ea20204a04b"}
{"timestamp": "2026-02-23T09:53:28.518952+00:00", "level": "INFO", "action": "ASYNC_PLUGIN_EXECUTE", "details": "Async executing: async-stub", "operator": "system", "plugin": "async-stub", "engagement_id": "ASYNC-001", "previous_hash": "d1299ea20204a04b", "hash": "e48f65e3f38ac2fd"}
{"timestamp": "2026-02-23T09:53:28.539820+00:00", "level": "INFO", "action": "ASYNC_PLUGIN_COMPLETE", "details": "async-stub: success=True, findings=0, 30ms", "operator": "system", "plugin": "async-stub", "engagement_id": "ASYNC-001", "previous_hash": "e48f65e3f38ac2fd", "hash": "3016ab3ffa79f8c5"}
{"timestamp": "2026-02-23T09:53:28.541358+00:00", "level": "INFO", "action": "ASYNC_PLUGIN_EXECUTE", "details": "Async executing: slow-test", "operator": "system", "plugin": "slow-test", "engagement_id": "ASYNC-001", "previous_hash": "3016ab3ffa79f8c5", "hash": "d418c00fde369bde"}
{"timestamp": "2026-02-23T09:53:29.551846+00:00", "level": "INFO", "action": "ASYNC_PLUGIN_EXECUTE", "details": "Async executing: active-test", "operator": "system", "plugin": "active-test", "engagement_id": "ASYNC-001", "previous_hash": "d418c00fde369bde", "hash": "2350a49b14ddb8ab"}
{"timestamp": "2026-02-23T09:53:29.551846+00:00", "level": "INFO", "action": "ASYNC_PLUGIN_COMPLETE", "details": "active-test: success=True, findings=0, 0ms", "operator": "system", "plugin": "active-test", "engagement_id": "ASYNC-001", "previous_hash": "2350a49b14ddb8ab", "hash": "b5a2fe27a55d470e"}
{"timestamp": "2026-02-23T09:53:29.590684+00:00", "level": "INFO", "action": "ROE_VALIDATED", "details": "RoE TEST-001 validated successfully", "operator": "system", "plugin": "", "engagement_id": "TEST-001", "previous_hash": "b5a2fe27a55d470e", "hash": "424931b86533b16d"}
{"timestamp": "2026-02-23T09:53:29.605903+00:00", "level": "WARN", "action": "POLICY_DENIED", "details": "test-plugin: RoE has not been validated", "operator": "system", "plugin": "", "engagement_id": "", "previous_hash": "424931b86533b16d", "hash": "5311ec6467bda949"}
{"timestamp": "2026-02-23T09:53:29.644321+00:00", "level": "INFO", "action": "ACTIVATION_CODE_SET", "details": "New activation code configured", "operator": "system", "plugin": "", "engagement_id": "", "previous_hash": "5311ec6467bda949", "hash": "a3e2f45901061ccf"}
{"timestamp": "2026-02-23T11:03:23.712324+00:00", "level": "INFO", "action": "ACTIVATION_CODE_SET", "details": "New activation code configured", "operator": "system", "plugin": "", "engagement_id": "", "previous_hash": "a3e2f45901061ccf", "hash": "a5c83d945cb2bc13"}
{"timestamp": "2026-02-23T11:03:23.786090+00:00", "level": "INFO", "action": "ACTIVATION_CODE_SET", "details": "New activation code configured", "operator": "system", "plugin": "", "engagement_id": "", "previous_hash": "a5c83d945cb2bc13", "hash": "922931a9461f7e32"}
{"timestamp": "2026-02-23T11:03:23.829462+00:00", "level": "WARN", "action": "ACTIVATION_SET_FAILED", "details": "Code must contain letters, digits, and special characters", "operator": "system", "plugin": "", "engagement_id": "", "previous_hash": "922931a9461f7e32", "hash": "7762a13bc2549e39"}
{"timestamp": "2026-02-23T11:03:23.830462+00:00", "level": "WARN", "action": "ACTIVATION_SET_FAILED", "details": "Code must contain letters, digits, and special characters", "operator": "system", "plugin": "", "engagement_id": "", "previous_hash": "7762a13bc2549e39", "hash": "91bd9b3e522802c8"}
{"timestamp": "2026-02-23T11:03:23.832461+00:00", "level": "WARN", "action": "ACTIVATION_SET_FAILED", "details": "Code must contain letters, digits, and special characters", "operator": "system", "plugin": "", "engagement_id": "", "previous_hash": "91bd9b3e522802c8", "hash": "52701b62c8f1d78a"}
{"timestamp": "2026-02-23T11:03:23.833462+00:00", "level": "WARN", "action": "ACTIVATION_SET_FAILED", "details": "Code too short \u2014 minimum 8 characters required", "operator": "system", "plugin": "", "engagement_id": "", "previous_hash": "52701b62c8f1d78a", "hash": "64138810b9f2b952"}
{"timestamp": "2026-02-23T11:03:23.867887+00:00", "level": "INFO", "action": "ACTIVATION_CODE_SET", "details": "New activation code configured", "operator": "system", "plugin": "", "engagement_id": "", "previous_hash": "64138810b9f2b952", "hash": "71cc34a14f601882"}
{"timestamp": "2026-02-23T11:03:23.868891+00:00", "level": "INFO", "action": "ACTIVATION_CODE_CLEARED", "details": "Activation code removed", "operator": "system", "plugin": "", "engagement_id": "", "previous_hash": "71cc34a14f601882", "hash": "a1ac4aff6e6cc8fb"}
{"timestamp": "2026-02-23T11:03:23.902745+00:00", "level": "INFO", "action": "ACTIVATION_CODE_SET", "details": "New activation code configured", "operator": "system", "plugin": "", "engagement_id": "", "previous_hash": "a1ac4aff6e6cc8fb", "hash": "34228fe10a7131b5"}
{"timestamp": "2026-02-23T11:03:23.943049+00:00", "level": "INFO", "action": "ACTIVATION_CODE_SET", "details": "New activation code configured", "operator": "system", "plugin": "", "engagement_id": "", "previous_hash": "34228fe10a7131b5", "hash": "7775d705b5714c16"}
{"timestamp": "2026-02-23T11:03:23.967198+00:00", "level": "INFO", "action": "ENGAGEMENT_INIT", "details": "Created engagement: ENG-001", "operator": "system", "plugin": "", "engagement_id": "", "previous_hash": "7775d705b5714c16", "hash": "64ec4ffa673ceee1"}
{"timestamp": "2026-02-23T11:03:23.976305+00:00", "level": "INFO", "action": "ENGAGEMENT_INIT", "details": "Created engagement: TMPL", "operator": "system", "plugin": "", "engagement_id": "", "previous_hash": "64ec4ffa673ceee1", "hash": "7a0a2b9bde291ed5"}
{"timestamp": "2026-02-23T11:09:25.681078+00:00", "level": "INFO", "action": "ROE_VALIDATED", "details": "RoE TEST-001 validated successfully", "operator": "system", "plugin": "", "engagement_id": "TEST-001", "previous_hash": "7a0a2b9bde291ed5", "hash": "211f6cf360c47108"}
{"timestamp": "2026-02-23T11:09:25.681078+00:00", "level": "INFO", "action": "ENGAGEMENT_LOADED", "details": "RoE validated, authorizer: Test Admin", "operator": "system", "plugin": "", "engagement_id": "TEST-001", "previous_hash": "211f6cf360c47108", "hash": "c8843cc50d7aa3e2"}
{"timestamp": "2026-02-23T11:09:25.681078+00:00", "level": "ERROR", "action": "ENGAGEMENT_LOAD_FAILED", "details": "Missing required RoE fields: authorizer, authorized_targets, allowed_tests, start_time_utc, end_time_utc", "operator": "system", "plugin": "", "engagement_id": "", "previous_hash": "c8843cc50d7aa3e2", "hash": "bc1425e057b95e6d"}
{"timestamp": "2026-02-23T11:09:25.691899+00:00", "level": "ERROR", "action": "ENGAGEMENT_LOAD_FAILED", "details": "RoE has expired (end_time: 2026-02-22T11:09:25+00:00)", "operator": "system", "plugin": "", "engagement_id": "", "previous_hash": "bc1425e057b95e6d", "hash": "85580faced7afac0"}
{"timestamp": "2026-02-23T11:09:25.693902+00:00", "level": "ERROR", "action": "ENGAGEMENT_LOAD_FAILED", "details": "RoE file not found: \\nonexistent\\roe.yaml", "operator": "system", "plugin": "", "engagement_id": "", "previous_hash": "85580faced7afac0", "hash": "ceadf2a0550113fa"}
{"timestamp": "2026-02-23T11:09:25.696925+00:00", "level": "INFO", "action": "ROE_VALIDATED", "details": "RoE TEST-001 validated successfully", "operator": "system", "plugin": "", "engagement_id": "TEST-001", "previous_hash": "ceadf2a0550113fa", "hash": "1d26287abd8748e0"}
{"timestamp": "2026-02-23T11:09:25.696925+00:00", "level": "INFO", "action": "ENGAGEMENT_LOADED", "details": "RoE validated, authorizer: Test Admin", "operator": "system", "plugin": "", "engagement_id": "TEST-001", "previous_hash": "1d26287abd8748e0", "hash": "e9ffb573e5145f6f"}
{"timestamp": "2026-02-23T11:09:25.696925+00:00", "level": "INFO", "action": "PLUGIN_DRY_RUN", "details": "Dry run: stub-test", "operator": "system", "plugin": "stub-test", "engagement_id": "TEST-001", "previous_hash": "e9ffb573e5145f6f", "hash": "591715ceff4ec38d"}
{"timestamp": "2026-02-23T11:09:25.707568+00:00", "level": "INFO", "action": "ROE_VALIDATED", "details": "RoE TEST-001 validated successfully", "operator": "system", "plugin": "", "engagement_id": "TEST-001", "previous_hash": "591715ceff4ec38d", "hash": "d3cc1f0c3037f350"}
{"timestamp": "2026-02-23T11:09:25.707568+00:00", "level": "INFO", "action": "ENGAGEMENT_LOADED", "details": "RoE validated, authorizer: Test Admin", "operator": "system", "plugin": "", "engagement_id": "TEST-001", "previous_hash": "d3cc1f0c3037f350", "hash": "70ef3934714045d0"}
{"timestamp": "2026-02-23T11:09:25.714096+00:00", "level": "INFO", "action": "ROE_VALIDATED", "details": "RoE TEST-001 validated successfully", "operator": "system", "plugin": "", "engagement_id": "TEST-001", "previous_hash": "70ef3934714045d0", "hash": "b60eaade067a49fa"}
{"timestamp": "2026-02-23T11:09:25.714096+00:00", "level": "INFO", "action": "ENGAGEMENT_LOADED", "details": "RoE validated, authorizer: Test Admin", "operator": "system", "plugin": "", "engagement_id": "TEST-001", "previous_hash": "b60eaade067a49fa", "hash": "db24c6127d5c049c"}
{"timestamp": "2026-02-23T11:09:25.714096+00:00", "level": "INFO", "action": "PLUGIN_EXECUTE", "details": "Executing: stub-test", "operator": "system", "plugin": "stub-test", "engagement_id": "TEST-001", "previous_hash": "db24c6127d5c049c", "hash": "0011bc5f0e4cc1a4"}
{"timestamp": "2026-02-23T11:09:25.714096+00:00", "level": "INFO", "action": "PLUGIN_COMPLETE", "details": "stub-test: success=True, findings=1, 0ms", "operator": "system", "plugin": "stub-test", "engagement_id": "TEST-001", "previous_hash": "0011bc5f0e4cc1a4", "hash": "db424403fc4cd0ec"}
{"timestamp": "2026-02-23T11:09:25.715627+00:00", "level": "INFO", "action": "ROE_VALIDATED", "details": "RoE TEST-001 validated successfully", "operator": "system", "plugin": "", "engagement_id": "TEST-001", "previous_hash": "db424403fc4cd0ec", "hash": "1ad75453bc7483ba"}
{"timestamp": "2026-02-23T11:09:25.715627+00:00", "level": "INFO", "action": "ENGAGEMENT_LOADED", "details": "RoE validated, authorizer: Test Admin", "operator": "system", "plugin": "", "engagement_id": "TEST-001", "previous_hash": "1ad75453bc7483ba", "hash": "73fe4e86141d67c1"}
{"timestamp": "2026-02-23T11:09:25.715627+00:00", "level": "INFO", "action": "PLUGIN_EXECUTE", "details": "Executing: fail-test", "operator": "system", "plugin": "fail-test", "engagement_id": "TEST-001", "previous_hash": "73fe4e86141d67c1", "hash": "057cf7377bbaf074"}
{"timestamp": "2026-02-23T11:09:25.715627+00:00", "level": "INFO", "action": "PLUGIN_COMPLETE", "details": "fail-test: success=False, findings=0, 0ms", "operator": "system", "plugin": "fail-test", "engagement_id": "TEST-001", "previous_hash": "057cf7377bbaf074", "hash": "0ff6b398a22b2494"}
{"timestamp": "2026-02-23T11:09:25.720661+00:00", "level": "INFO", "action": "ROE_VALIDATED", "details": "RoE TEST-001 validated successfully", "operator": "system", "plugin": "", "engagement_id": "TEST-001", "previous_hash": "0ff6b398a22b2494", "hash": "a14faab936f1cc30"}
{"timestamp": "2026-02-23T11:09:25.720661+00:00", "level": "INFO", "action": "ENGAGEMENT_LOADED", "details": "RoE validated, authorizer: Test Admin", "operator": "system", "plugin": "", "engagement_id": "TEST-001", "previous_hash": "a14faab936f1cc30", "hash": "65cf9025ddf5a03d"}
{"timestamp": "2026-02-23T11:09:25.720661+00:00", "level": "INFO", "action": "ENGAGEMENT_SHUTDOWN", "details": "", "operator": "system", "plugin": "", "engagement_id": "TEST-001", "previous_hash": "65cf9025ddf5a03d", "hash": "641ba9cd2bd5ed61"}
{"timestamp": "2026-02-23T11:09:25.720661+00:00", "level": "WARN", "action": "ACTIVATION_FAILED", "details": "No engagement loaded", "operator": "system", "plugin": "", "engagement_id": "", "previous_hash": "641ba9cd2bd5ed61", "hash": "47b54e5fdd820eac"}
{"timestamp": "2026-02-23T11:09:25.725674+00:00", "level": "INFO", "action": "ROE_VALIDATED", "details": "RoE TEST-001 validated successfully", "operator": "system", "plugin": "", "engagement_id": "TEST-001", "previous_hash": "47b54e5fdd820eac", "hash": "e58c1fcf23736a8c"}
{"timestamp": "2026-02-23T11:09:25.725674+00:00", "level": "INFO", "action": "ENGAGEMENT_LOADED", "details": "RoE validated, authorizer: Test Admin", "operator": "system", "plugin": "", "engagement_id": "TEST-001", "previous_hash": "e58c1fcf23736a8c", "hash": "608081efcc0e12da"}
{"timestamp": "2026-02-23T11:09:25.737399+00:00", "level": "INFO", "action": "ASYNC_PLUGIN_EXECUTE", "details": "Async executing: active-test", "operator": "system", "plugin": "active-test", "engagement_id": "ASYNC-001", "previous_hash": "608081efcc0e12da", "hash": "0a658064adc03091"}
{"timestamp": "2026-02-23T11:09:25.737399+00:00", "level": "INFO", "action": "ASYNC_PLUGIN_COMPLETE", "details": "active-test: success=True, findings=0, 0ms", "operator": "system", "plugin": "active-test", "engagement_id": "ASYNC-001", "previous_hash": "0a658064adc03091", "hash": "1f367c3e8b982416"}
{"timestamp": "2026-02-23T11:09:25.739998+00:00", "level": "INFO", "action": "ASYNC_PLUGIN_EXECUTE", "details": "Async executing: destructive-test", "operator": "system", "plugin": "destructive-test", "engagement_id": "ASYNC-001", "previous_hash": "1f367c3e8b982416", "hash": "83f9055e09286ab2"}
{"timestamp": "2026-02-23T11:09:25.740519+00:00", "level": "INFO", "action": "ASYNC_PLUGIN_COMPLETE", "details": "destructive-test: success=True, findings=0, 0ms", "operator": "system", "plugin": "destructive-test", "engagement_id": "ASYNC-001", "previous_hash": "83f9055e09286ab2", "hash": "415c72ddfccc9a35"}
{"timestamp": "2026-02-23T11:09:25.741563+00:00", "level": "INFO", "action": "ASYNC_PLUGIN_DRY_RUN", "details": "Async dry run: async-stub", "operator": "system", "plugin": "async-stub", "engagement_id": "ASYNC-001", "previous_hash": "415c72ddfccc9a35", "hash": "c8c1e2c76620ac78"}
{"timestamp": "2026-02-23T11:09:25.743140+00:00", "level": "INFO", "action": "ASYNC_PLUGIN_EXECUTE", "details": "Async executing: async-stub", "operator": "system", "plugin": "async-stub", "engagement_id": "ASYNC-001", "previous_hash": "c8c1e2c76620ac78", "hash": "ac360e5ccec97228"}
{"timestamp": "2026-02-23T11:09:25.759415+00:00", "level": "INFO", "action": "ASYNC_PLUGIN_COMPLETE", "details": "async-stub: success=True, findings=0, 16ms", "operator": "system", "plugin": "async-stub", "engagement_id": "ASYNC-001", "previous_hash": "ac360e5ccec97228", "hash": "00b6b0156bda5a5d"}
{"timestamp": "2026-02-23T11:09:25.761574+00:00", "level": "INFO", "action": "ASYNC_PLUGIN_EXECUTE", "details": "Async executing: slow-test", "operator": "system", "plugin": "slow-test", "engagement_id": "ASYNC-001", "previous_hash": "00b6b0156bda5a5d", "hash": "d4a2564d5947b8fd"}
{"timestamp": "2026-02-23T11:09:26.765872+00:00", "level": "INFO", "action": "ASYNC_PLUGIN_EXECUTE", "details": "Async executing: active-test", "operator": "system", "plugin": "active-test", "engagement_id": "ASYNC-001", "previous_hash": "d4a2564d5947b8fd", "hash": "b1b67c988159b618"}
{"timestamp": "2026-02-23T11:09:26.765872+00:00", "level": "INFO", "action": "ASYNC_PLUGIN_COMPLETE", "details": "active-test: success=True, findings=0, 0ms", "operator": "system", "plugin": "active-test", "engagement_id": "ASYNC-001", "previous_hash": "b1b67c988159b618", "hash": "265dcc89e025d762"}
{"timestamp": "2026-02-23T11:09:26.791110+00:00", "level": "INFO", "action": "ROE_VALIDATED", "details": "RoE TEST-001 validated successfully", "operator": "system", "plugin": "", "engagement_id": "TEST-001", "previous_hash": "265dcc89e025d762", "hash": "1a5ffcaaaa059dc1"}
{"timestamp": "2026-02-23T11:09:26.806325+00:00", "level": "WARN", "action": "POLICY_DENIED", "details": "test-plugin: RoE has not been validated", "operator": "system", "plugin": "", "engagement_id": "", "previous_hash": "1a5ffcaaaa059dc1", "hash": "44ed864c57313e76"}
{"timestamp": "2026-02-23T11:09:26.847853+00:00", "level": "INFO", "action": "ACTIVATION_CODE_SET", "details": "New activation code configured", "operator": "system", "plugin": "", "engagement_id": "", "previous_hash": "44ed864c57313e76", "hash": "78e9c2360b7b757c"}
{"timestamp": "2026-02-23T11:13:44.729093+00:00", "level": "INFO", "action": "ACTIVATION_CODE_SET", "details": "New activation code configured", "operator": "system", "plugin": "", "engagement_id": "", "previous_hash": "78e9c2360b7b757c", "hash": "1e5bb4b3dd395676"}
{"timestamp": "2026-02-23T11:13:44.799675+00:00", "level": "INFO", "action": "ACTIVATION_CODE_SET", "details": "New activation code configured", "operator": "system", "plugin": "", "engagement_id": "", "previous_hash": "1e5bb4b3dd395676", "hash": "8a96082587eb8b5a"}
{"timestamp": "2026-02-23T11:13:44.839598+00:00", "level": "WARN", "action": "ACTIVATION_SET_FAILED", "details": "Code must contain letters, digits, and special characters", "operator": "system", "plugin": "", "engagement_id": "", "previous_hash": "8a96082587eb8b5a", "hash": "6965d934634522a8"}
{"timestamp": "2026-02-23T11:13:44.840597+00:00", "level": "WARN", "action": "ACTIVATION_SET_FAILED", "details": "Code must contain letters, digits, and special characters", "operator": "system", "plugin": "", "engagement_id": "", "previous_hash": "6965d934634522a8", "hash": "555bd8e9a07c908c"}
{"timestamp": "2026-02-23T11:13:44.842597+00:00", "level": "WARN", "action": "ACTIVATION_SET_FAILED", "details": "Code must contain letters, digits, and special characters", "operator": "system", "plugin": "", "engagement_id": "", "previous_hash": "555bd8e9a07c908c", "hash": "515110144886e738"}
{"timestamp": "2026-02-23T11:13:44.843598+00:00", "level": "WARN", "action": "ACTIVATION_SET_FAILED", "details": "Code too short \u2014 minimum 8 characters required", "operator": "system", "plugin": "", "engagement_id": "", "previous_hash": "515110144886e738", "hash": "c5bf17c9efeb458a"}
{"timestamp": "2026-02-23T11:13:44.873719+00:00", "level": "INFO", "action": "ACTIVATION_CODE_SET", "details": "New activation code configured", "operator": "system", "plugin": "", "engagement_id": "", "previous_hash": "c5bf17c9efeb458a", "hash": "2d02e480fbc6a68c"}
{"timestamp": "2026-02-23T11:13:44.873719+00:00", "level": "INFO", "action": "ACTIVATION_CODE_CLEARED", "details": "Activation code removed", "operator": "system", "plugin": "", "engagement_id": "", "previous_hash": "2d02e480fbc6a68c", "hash": "65ad20e58038b27a"}
{"timestamp": "2026-02-23T11:13:44.913483+00:00", "level": "INFO", "action": "ACTIVATION_CODE_SET", "details": "New activation code configured", "operator": "system", "plugin": "", "engagement_id": "", "previous_hash": "65ad20e58038b27a", "hash": "6812e71cab6b6c74"}
{"timestamp": "2026-02-23T11:13:44.952752+00:00", "level": "INFO", "action": "ACTIVATION_CODE_SET", "details": "New activation code configured", "operator": "system", "plugin": "", "engagement_id": "", "previous_hash": "6812e71cab6b6c74", "hash": "e1e1f22ab01de6d2"}
{"timestamp": "2026-02-23T11:13:44.976056+00:00", "level": "INFO", "action": "ENGAGEMENT_INIT", "details": "Created engagement: ENG-001", "operator": "system", "plugin": "", "engagement_id": "", "previous_hash": "e1e1f22ab01de6d2", "hash": "5b81f8ba3317f791"}
{"timestamp": "2026-02-23T11:13:44.987276+00:00", "level": "INFO", "action": "ENGAGEMENT_INIT", "details": "Created engagement: TMPL", "operator": "system", "plugin": "", "engagement_id": "", "previous_hash": "5b81f8ba3317f791", "hash": "dcb4f4e7aee86d85"}
{"timestamp": "2026-02-23T11:19:49.704348+00:00", "level": "INFO", "action": "ROE_VALIDATED", "details": "RoE TEST-001 validated successfully", "operator": "system", "plugin": "", "engagement_id": "TEST-001", "previous_hash": "dcb4f4e7aee86d85", "hash": "119b6cd57111d9d9"}
{"timestamp": "2026-02-23T11:19:49.704348+00:00", "level": "INFO", "action": "ENGAGEMENT_LOADED", "details": "RoE validated, authorizer: Test Admin", "operator": "system", "plugin": "", "engagement_id": "TEST-001", "previous_hash": "119b6cd57111d9d9", "hash": "b1fe830aba2e913b"}
{"timestamp": "2026-02-23T11:19:49.707582+00:00", "level": "ERROR", "action": "ENGAGEMENT_LOAD_FAILED", "details": "Missing required RoE fields: authorizer, authorized_targets, allowed_tests, start_time_utc, end_time_utc", "operator": "system", "plugin": "", "engagement_id": "", "previous_hash": "b1fe830aba2e913b", "hash": "77448e42b80bd94b"}
{"timestamp": "2026-02-23T11:19:49.754533+00:00", "level": "ERROR", "action": "ENGAGEMENT_LOAD_FAILED", "details": "RoE has expired (end_time: 2026-02-22T11:19:49+00:00)", "operator": "system", "plugin": "", "engagement_id": "", "previous_hash": "77448e42b80bd94b", "hash": "4ed2127cec969235"}
{"timestamp": "2026-02-23T11:19:49.755533+00:00", "level": "ERROR", "action": "ENGAGEMENT_LOAD_FAILED", "details": "RoE file not found: \\nonexistent\\roe.yaml", "operator": "system", "plugin": "", "engagement_id": "", "previous_hash": "4ed2127cec969235", "hash": "3fec86103e7c8218"}
{"timestamp": "2026-02-23T11:19:49.758543+00:00", "level": "INFO", "action": "ROE_VALIDATED", "details": "RoE TEST-001 validated successfully", "operator": "system", "plugin": "", "engagement_id": "TEST-001", "previous_hash": "3fec86103e7c8218", "hash": "7c340cf9e46685bc"}
{"timestamp": "2026-02-23T11:19:49.759611+00:00", "level": "INFO", "action": "ENGAGEMENT_LOADED", "details": "RoE validated, authorizer: Test Admin", "operator": "system", "plugin": "", "engagement_id": "TEST-001", "previous_hash": "7c340cf9e46685bc", "hash": "1d8a6b6ccd46ce7d"}
{"timestamp": "2026-02-23T11:19:49.759611+00:00", "level": "INFO", "action": "PLUGIN_DRY_RUN", "details": "Dry run: stub-test", "operator": "system", "plugin": "stub-test", "engagement_id": "TEST-001", "previous_hash": "1d8a6b6ccd46ce7d", "hash": "91f370534b73c333"}
{"timestamp": "2026-02-23T11:19:49.762615+00:00", "level": "INFO", "action": "ROE_VALIDATED", "details": "RoE TEST-001 validated successfully", "operator": "system", "plugin": "", "engagement_id": "TEST-001", "previous_hash": "91f370534b73c333", "hash": "499e39660fe18521"}
{"timestamp": "2026-02-23T11:19:49.762615+00:00", "level": "INFO", "action": "ENGAGEMENT_LOADED", "details": "RoE validated, authorizer: Test Admin", "operator": "system", "plugin": "", "engagement_id": "TEST-001", "previous_hash": "499e39660fe18521", "hash": "b8daa3d28843fe89"}
{"timestamp": "2026-02-23T11:19:49.765614+00:00", "level": "INFO", "action": "ROE_VALIDATED", "details": "RoE TEST-001 validated successfully", "operator": "system", "plugin": "", "engagement_id": "TEST-001", "previous_hash": "b8daa3d28843fe89", "hash": "7f9850d64534a85d"}
{"timestamp": "2026-02-23T11:19:49.766616+00:00", "level": "INFO", "action": "ENGAGEMENT_LOADED", "details": "RoE validated, authorizer: Test Admin", "operator": "system", "plugin": "", "engagement_id": "TEST-001", "previous_hash": "7f9850d64534a85d", "hash": "ce601bb805a39b9c"}
{"timestamp": "2026-02-23T11:19:49.766616+00:00", "level": "INFO", "action": "PLUGIN_EXECUTE", "details": "Executing: stub-test", "operator": "system", "plugin": "stub-test", "engagement_id": "TEST-001", "previous_hash": "ce601bb805a39b9c", "hash": "ac05e73adaf42eb8"}
{"timestamp": "2026-02-23T11:19:49.766616+00:00", "level": "INFO", "action": "PLUGIN_COMPLETE", "details": "stub-test: success=True, findings=1, 0ms", "operator": "system", "plugin": "stub-test", "engagement_id": "TEST-001", "previous_hash": "ac05e73adaf42eb8", "hash": "f495a2f69c9bb051"}
{"timestamp": "2026-02-23T11:19:49.770125+00:00", "level": "INFO", "action": "ROE_VALIDATED", "details": "RoE TEST-001 validated successfully", "operator": "system", "plugin": "", "engagement_id": "TEST-001", "previous_hash": "f495a2f69c9bb051", "hash": "513bd0d8503520b4"}
{"timestamp": "2026-02-23T11:19:49.770125+00:00", "level": "INFO", "action": "ENGAGEMENT_LOADED", "details": "RoE validated, authorizer: Test Admin", "operator": "system", "plugin": "", "engagement_id": "TEST-001", "previous_hash": "513bd0d8503520b4", "hash": "e3c97d9bdbe45072"}
{"timestamp": "2026-02-23T11:19:49.770125+00:00", "level": "INFO", "action": "PLUGIN_EXECUTE", "details": "Executing: fail-test", "operator": "system", "plugin": "fail-test", "engagement_id": "TEST-001", "previous_hash": "e3c97d9bdbe45072", "hash": "807283f34277fea2"}
{"timestamp": "2026-02-23T11:19:49.770125+00:00", "level": "INFO", "action": "PLUGIN_COMPLETE", "details": "fail-test: success=False, findings=0, 0ms", "operator": "system", "plugin": "fail-test", "engagement_id": "TEST-001", "previous_hash": "807283f34277fea2", "hash": "f3a47244a798b09f"}
{"timestamp": "2026-02-23T11:19:49.773124+00:00", "level": "INFO", "action": "ROE_VALIDATED", "details": "RoE TEST-001 validated successfully", "operator": "system", "plugin": "", "engagement_id": "TEST-001", "previous_hash": "f3a47244a798b09f", "hash": "6a816ab246d7b3e1"}
{"timestamp": "2026-02-23T11:19:49.773124+00:00", "level": "INFO", "action": "ENGAGEMENT_LOADED", "details": "RoE validated, authorizer: Test Admin", "operator": "system", "plugin": "", "engagement_id": "TEST-001", "previous_hash": "6a816ab246d7b3e1", "hash": "1e3d056cbec9e34a"}
{"timestamp": "2026-02-23T11:19:49.773124+00:00", "level": "INFO", "action": "ENGAGEMENT_SHUTDOWN", "details": "", "operator": "system", "plugin": "", "engagement_id": "TEST-001", "previous_hash": "1e3d056cbec9e34a", "hash": "51d27884a5ffa1d5"}
{"timestamp": "2026-02-23T11:19:49.774124+00:00", "level": "WARN", "action": "ACTIVATION_FAILED", "details": "No engagement loaded", "operator": "system", "plugin": "", "engagement_id": "", "previous_hash": "51d27884a5ffa1d5", "hash": "96752d51e21ea624"}
{"timestamp": "2026-02-23T11:19:49.777626+00:00", "level": "INFO", "action": "ROE_VALIDATED", "details": "RoE TEST-001 validated successfully", "operator": "system", "plugin": "", "engagement_id": "TEST-001", "previous_hash": "96752d51e21ea624", "hash": "880e2d8ae04bcf71"}
{"timestamp": "2026-02-23T11:19:49.777626+00:00", "level": "INFO", "action": "ENGAGEMENT_LOADED", "details": "RoE validated, authorizer: Test Admin", "operator": "system", "plugin": "", "engagement_id": "TEST-001", "previous_hash": "880e2d8ae04bcf71", "hash": "e30119f8619e5908"}
{"timestamp": "2026-02-23T11:19:49.794170+00:00", "level": "INFO", "action": "ASYNC_PLUGIN_EXECUTE", "details": "Async executing: active-test", "operator": "system", "plugin": "active-test", "engagement_id": "ASYNC-001", "previous_hash": "e30119f8619e5908", "hash": "fb9c92edab9df7c7"}
{"timestamp": "2026-02-23T11:19:49.794170+00:00", "level": "INFO", "action": "ASYNC_PLUGIN_COMPLETE", "details": "active-test: success=True, findings=0, 0ms", "operator": "system", "plugin": "active-test", "engagement_id": "ASYNC-001", "previous_hash": "fb9c92edab9df7c7", "hash": "3be7d5fe30c86c78"}
{"timestamp": "2026-02-23T11:19:49.797675+00:00", "level": "INFO", "action": "ASYNC_PLUGIN_EXECUTE", "details": "Async executing: destructive-test", "operator": "system", "plugin": "destructive-test", "engagement_id": "ASYNC-001", "previous_hash": "3be7d5fe30c86c78", "hash": "b6940f2fddd228bb"}
{"timestamp": "2026-02-23T11:19:49.798678+00:00", "level": "INFO", "action": "ASYNC_PLUGIN_COMPLETE", "details": "destructive-test: success=True, findings=0, 0ms", "operator": "system", "plugin": "destructive-test", "engagement_id": "ASYNC-001", "previous_hash": "b6940f2fddd228bb", "hash": "a8440714a4213eb0"}
{"timestamp": "2026-02-23T11:19:49.799680+00:00", "level": "INFO", "action": "ASYNC_PLUGIN_DRY_RUN", "details": "Async dry run: async-stub", "operator": "system", "plugin": "async-stub", "engagement_id": "ASYNC-001", "previous_hash": "a8440714a4213eb0", "hash": "701fe29ebeb34045"}
{"timestamp": "2026-02-23T11:19:49.801678+00:00", "level": "INFO", "action": "ASYNC_PLUGIN_EXECUTE", "details": "Async executing: async-stub", "operator": "system", "plugin": "async-stub", "engagement_id": "ASYNC-001", "previous_hash": "701fe29ebeb34045", "hash": "4df6f308e1348ce6"}
{"timestamp": "2026-02-23T11:19:49.827810+00:00", "level": "INFO", "action": "ASYNC_PLUGIN_COMPLETE", "details": "async-stub: success=True, findings=0, 30ms", "operator": "system", "plugin": "async-stub", "engagement_id": "ASYNC-001", "previous_hash": "4df6f308e1348ce6", "hash": "c2cb63858179deca"}
{"timestamp": "2026-02-23T11:19:49.830304+00:00", "level": "INFO", "action": "ASYNC_PLUGIN_EXECUTE", "details": "Async executing: slow-test", "operator": "system", "plugin": "slow-test", "engagement_id": "ASYNC-001", "previous_hash": "c2cb63858179deca", "hash": "976a21d91e2b33ee"}
{"timestamp": "2026-02-23T11:19:50.837869+00:00", "level": "INFO", "action": "ASYNC_PLUGIN_EXECUTE", "details": "Async executing: active-test", "operator": "system", "plugin": "active-test", "engagement_id": "ASYNC-001", "previous_hash": "976a21d91e2b33ee", "hash": "7998103fcc8388b8"}
{"timestamp": "2026-02-23T11:19:50.839326+00:00", "level": "INFO", "action": "ASYNC_PLUGIN_COMPLETE", "details": "active-test: success=True, findings=0, 0ms", "operator": "system", "plugin": "active-test", "engagement_id": "ASYNC-001", "previous_hash": "7998103fcc8388b8", "hash": "a654ba56b62a70d2"}
{"timestamp": "2026-02-23T11:19:50.891469+00:00", "level": "INFO", "action": "ROE_VALIDATED", "details": "RoE TEST-001 validated successfully", "operator": "system", "plugin": "", "engagement_id": "TEST-001", "previous_hash": "a654ba56b62a70d2", "hash": "9dc0f85364fa2c56"}
{"timestamp": "2026-02-23T11:19:50.903575+00:00", "level": "WARN", "action": "POLICY_DENIED", "details": "test-plugin: RoE has not been validated", "operator": "system", "plugin": "", "engagement_id": "", "previous_hash": "9dc0f85364fa2c56", "hash": "e61324eb017b72c9"}
{"timestamp": "2026-02-23T11:19:50.942939+00:00", "level": "INFO", "action": "ACTIVATION_CODE_SET", "details": "New activation code configured", "operator": "system", "plugin": "", "engagement_id": "", "previous_hash": "e61324eb017b72c9", "hash": "6736aa3a50d5b788"}
{"timestamp": "2026-02-23T11:23:59.427299+00:00", "level": "INFO", "action": "ACTIVATION_CODE_SET", "details": "New activation code configured", "operator": "system", "plugin": "", "engagement_id": "", "previous_hash": "6736aa3a50d5b788", "hash": "9272fe8fe30ae5ba"}
{"timestamp": "2026-02-23T11:23:59.506540+00:00", "level": "INFO", "action": "ACTIVATION_CODE_SET", "details": "New activation code configured", "operator": "system", "plugin": "", "engagement_id": "", "previous_hash": "9272fe8fe30ae5ba", "hash": "3dcc7fe7a6a7f6e5"}
{"timestamp": "2026-02-23T11:23:59.549721+00:00", "level": "WARN", "action": "ACTIVATION_SET_FAILED", "details": "Code must contain letters, digits, and special characters", "operator": "system", "plugin": "", "engagement_id": "", "previous_hash": "3dcc7fe7a6a7f6e5", "hash": "9c2129dec64f9d6f"}
{"timestamp": "2026-02-23T11:23:59.554269+00:00", "level": "WARN", "action": "ACTIVATION_SET_FAILED", "details": "Code must contain letters, digits, and special characters", "operator": "system", "plugin": "", "engagement_id": "", "previous_hash": "9c2129dec64f9d6f", "hash": "b287e69c429b5afe"}
{"timestamp": "2026-02-23T11:23:59.554269+00:00", "level": "WARN", "action": "ACTIVATION_SET_FAILED", "details": "Code must contain letters, digits, and special characters", "operator": "system", "plugin": "", "engagement_id": "", "previous_hash": "b287e69c429b5afe", "hash": "01dc37ce00912f8e"}
{"timestamp": "2026-02-23T11:23:59.556274+00:00", "level": "WARN", "action": "ACTIVATION_SET_FAILED", "details": "Code too short \u2014 minimum 8 characters required", "operator": "system", "plugin": "", "engagement_id": "", "previous_hash": "01dc37ce00912f8e", "hash": "19cd3bde243f2551"}
{"timestamp": "2026-02-23T11:23:59.589697+00:00", "level": "INFO", "action": "ACTIVATION_CODE_SET", "details": "New activation code configured", "operator": "system", "plugin": "", "engagement_id": "", "previous_hash": "19cd3bde243f2551", "hash": "ea0f62cca5dc6c4c"}
{"timestamp": "2026-02-23T11:23:59.589697+00:00", "level": "INFO", "action": "ACTIVATION_CODE_CLEARED", "details": "Activation code removed", "operator": "system", "plugin": "", "engagement_id": "", "previous_hash": "ea0f62cca5dc6c4c", "hash": "7adfb82418a408e4"}
{"timestamp": "2026-02-23T11:23:59.626956+00:00", "level": "INFO", "action": "ACTIVATION_CODE_SET", "details": "New activation code configured", "operator": "system", "plugin": "", "engagement_id": "", "previous_hash": "7adfb82418a408e4", "hash": "42bc01143d04f002"}
{"timestamp": "2026-02-23T11:23:59.666096+00:00", "level": "INFO", "action": "ACTIVATION_CODE_SET", "details": "New activation code configured", "operator": "system", "plugin": "", "engagement_id": "", "previous_hash": "42bc01143d04f002", "hash": "926c3a65180c525b"}
{"timestamp": "2026-02-23T11:23:59.681833+00:00", "level": "INFO", "action": "ENGAGEMENT_INIT", "details": "Created engagement: ENG-001", "operator": "system", "plugin": "", "engagement_id": "", "previous_hash": "926c3a65180c525b", "hash": "fa53e02d9720d1e4"}
{"timestamp": "2026-02-23T11:23:59.693986+00:00", "level": "INFO", "action": "ENGAGEMENT_INIT", "details": "Created engagement: TMPL", "operator": "system", "plugin": "", "engagement_id": "", "previous_hash": "fa53e02d9720d1e4", "hash": "5101ab0f9e4ae2af"}
{"timestamp": "2026-02-23T11:30:04.574463+00:00", "level": "INFO", "action": "ROE_VALIDATED", "details": "RoE TEST-001 validated successfully", "operator": "system", "plugin": "", "engagement_id": "TEST-001", "previous_hash": "5101ab0f9e4ae2af", "hash": "c04bb23daa38b1e9"}
{"timestamp": "2026-02-23T11:30:04.575463+00:00", "level": "INFO", "action": "ENGAGEMENT_LOADED", "details": "RoE validated, authorizer: Test Admin", "operator": "system", "plugin": "", "engagement_id": "TEST-001", "previous_hash": "c04bb23daa38b1e9", "hash": "dfa801c672c7522a"}
{"timestamp": "2026-02-23T11:30:04.579443+00:00", "level": "ERROR", "action": "ENGAGEMENT_LOAD_FAILED", "details": "Missing required RoE fields: authorizer, authorized_targets, allowed_tests, start_time_utc, end_time_utc", "operator": "system", "plugin": "", "engagement_id": "", "previous_hash": "dfa801c672c7522a", "hash": "b8f04cd84e53b8b3"}
{"timestamp": "2026-02-23T11:30:04.589321+00:00", "level": "ERROR", "action": "ENGAGEMENT_LOAD_FAILED", "details": "RoE has expired (end_time: 2026-02-22T11:30:04+00:00)", "operator": "system", "plugin": "", "engagement_id": "", "previous_hash": "b8f04cd84e53b8b3", "hash": "bb8758e2174cb8ba"}
{"timestamp": "2026-02-23T11:30:04.590321+00:00", "level": "ERROR", "action": "ENGAGEMENT_LOAD_FAILED", "details": "RoE file not found: \\nonexistent\\roe.yaml", "operator": "system", "plugin": "", "engagement_id": "", "previous_hash": "bb8758e2174cb8ba", "hash": "a8d9f94eef498399"}
{"timestamp": "2026-02-23T11:30:04.594324+00:00", "level": "INFO", "action": "ROE_VALIDATED", "details": "RoE TEST-001 validated successfully", "operator": "system", "plugin": "", "engagement_id": "TEST-001", "previous_hash": "a8d9f94eef498399", "hash": "a48eba1751605ddf"}
{"timestamp": "2026-02-23T11:30:04.594324+00:00", "level": "INFO", "action": "ENGAGEMENT_LOADED", "details": "RoE validated, authorizer: Test Admin", "operator": "system", "plugin": "", "engagement_id": "TEST-001", "previous_hash": "a48eba1751605ddf", "hash": "4cbb645a2db176c6"}
{"timestamp": "2026-02-23T11:30:04.595325+00:00", "level": "INFO", "action": "PLUGIN_DRY_RUN", "details": "Dry run: stub-test", "operator": "system", "plugin": "stub-test", "engagement_id": "TEST-001", "previous_hash": "4cbb645a2db176c6", "hash": "b5360277c1c22c59"}
{"timestamp": "2026-02-23T11:30:04.598768+00:00", "level": "INFO", "action": "ROE_VALIDATED", "details": "RoE TEST-001 validated successfully", "operator": "system", "plugin": "", "engagement_id": "TEST-001", "previous_hash": "b5360277c1c22c59", "hash": "8611e211485fba02"}
{"timestamp": "2026-02-23T11:30:04.598768+00:00", "level": "INFO", "action": "ENGAGEMENT_LOADED", "details": "RoE validated, authorizer: Test Admin", "operator": "system", "plugin": "", "engagement_id": "TEST-001", "previous_hash": "8611e211485fba02", "hash": "7d99b67396df0a40"}
{"timestamp": "2026-02-23T11:30:04.601943+00:00", "level": "INFO", "action": "ROE_VALIDATED", "details": "RoE TEST-001 validated successfully", "operator": "system", "plugin": "", "engagement_id": "TEST-001", "previous_hash": "7d99b67396df0a40", "hash": "a1938fe4c32e497a"}
{"timestamp": "2026-02-23T11:30:04.602943+00:00", "level": "INFO", "action": "ENGAGEMENT_LOADED", "details": "RoE validated, authorizer: Test Admin", "operator": "system", "plugin": "", "engagement_id": "TEST-001", "previous_hash": "a1938fe4c32e497a", "hash": "f20b00f007df5236"}
{"timestamp": "2026-02-23T11:30:04.602943+00:00", "level": "INFO", "action": "PLUGIN_EXECUTE", "details": "Executing: stub-test", "operator": "system", "plugin": "stub-test", "engagement_id": "TEST-001", "previous_hash": "f20b00f007df5236", "hash": "0411fb5beb30fecc"}
{"timestamp": "2026-02-23T11:30:04.602943+00:00", "level": "INFO", "action": "PLUGIN_COMPLETE", "details": "stub-test: success=True, findings=1, 0ms", "operator": "system", "plugin": "stub-test", "engagement_id": "TEST-001", "previous_hash": "0411fb5beb30fecc", "hash": "a39d2bda032276db"}
{"timestamp": "2026-02-23T11:30:04.606260+00:00", "level": "INFO", "action": "ROE_VALIDATED", "details": "RoE TEST-001 validated successfully", "operator": "system", "plugin": "", "engagement_id": "TEST-001", "previous_hash": "a39d2bda032276db", "hash": "e2a8f907fcc728b0"}
{"timestamp": "2026-02-23T11:30:04.606260+00:00", "level": "INFO", "action": "ENGAGEMENT_LOADED", "details": "RoE validated, authorizer: Test Admin", "operator": "system", "plugin": "", "engagement_id": "TEST-001", "previous_hash": "e2a8f907fcc728b0", "hash": "c8e750da65568dae"}
{"timestamp": "2026-02-23T11:30:04.606260+00:00", "level": "INFO", "action": "PLUGIN_EXECUTE", "details": "Executing: fail-test", "operator": "system", "plugin": "fail-test", "engagement_id": "TEST-001", "previous_hash": "c8e750da65568dae", "hash": "7a2ef77c67cefa3a"}
{"timestamp": "2026-02-23T11:30:04.606260+00:00", "level": "INFO", "action": "PLUGIN_COMPLETE", "details": "fail-test: success=False, findings=0, 0ms", "operator": "system", "plugin": "fail-test", "engagement_id": "TEST-001", "previous_hash": "7a2ef77c67cefa3a", "hash": "65240e4c7cdca9cd"}
{"timestamp": "2026-02-23T11:30:04.609317+00:00", "level": "INFO", "action": "ROE_VALIDATED", "details": "RoE TEST-001 validated successfully", "operator": "system", "plugin": "", "engagement_id": "TEST-001", "previous_hash": "65240e4c7cdca9cd", "hash": "751964f8693e78e8"}
{"timestamp": "2026-02-23T11:30:04.609317+00:00", "level": "INFO", "action": "ENGAGEMENT_LOADED", "details": "RoE validated, authorizer: Test Admin", "operator": "system", "plugin": "", "engagement_id": "TEST-001", "previous_hash": "751964f8693e78e8", "hash": "d60310453ba8a77b"}
{"timestamp": "2026-02-23T11:30:04.610319+00:00", "level": "INFO", "action": "ENGAGEMENT_SHUTDOWN", "details": "", "operator": "system", "plugin": "", "engagement_id": "TEST-001", "previous_hash": "d60310453ba8a77b", "hash": "3794dd76902fad8b"}
{"timestamp": "2026-02-23T11:30:04.610319+00:00", "level": "WARN", "action": "ACTIVATION_FAILED", "details": "No engagement loaded", "operator": "system", "plugin": "", "engagement_id": "", "previous_hash": "3794dd76902fad8b", "hash": "e1ae961578457a75"}
{"timestamp": "2026-02-23T11:30:04.614333+00:00", "level": "INFO", "action": "ROE_VALIDATED", "details": "RoE TEST-001 validated successfully", "operator": "system", "plugin": "", "engagement_id": "TEST-001", "previous_hash": "e1ae961578457a75", "hash": "5a804b29623e99b3"}
{"timestamp": "2026-02-23T11:30:04.614333+00:00", "level": "INFO", "action": "ENGAGEMENT_LOADED", "details": "RoE validated, authorizer: Test Admin", "operator": "system", "plugin": "", "engagement_id": "TEST-001", "previous_hash": "5a804b29623e99b3", "hash": "84bb5bcad4a926a6"}
{"timestamp": "2026-02-23T11:30:04.625130+00:00", "level": "INFO", "action": "ASYNC_PLUGIN_EXECUTE", "details": "Async executing: active-test", "operator": "system", "plugin": "active-test", "engagement_id": "ASYNC-001", "previous_hash": "84bb5bcad4a926a6", "hash": "9c2d7066f112fb2f"}
{"timestamp": "2026-02-23T11:30:04.625130+00:00", "level": "INFO", "action": "ASYNC_PLUGIN_COMPLETE", "details": "active-test: success=True, findings=0, 0ms", "operator": "system", "plugin": "active-test", "engagement_id": "ASYNC-001", "previous_hash": "9c2d7066f112fb2f", "hash": "2b17bff70be3237b"}
{"timestamp": "2026-02-23T11:30:04.627130+00:00", "level": "INFO", "action": "ASYNC_PLUGIN_EXECUTE", "details": "Async executing: destructive-test", "operator": "system", "plugin": "destructive-test", "engagement_id": "ASYNC-001", "previous_hash": "2b17bff70be3237b", "hash": "36f56bcfa7a52a3a"}
{"timestamp": "2026-02-23T11:30:04.627130+00:00", "level": "INFO", "action": "ASYNC_PLUGIN_COMPLETE", "details": "destructive-test: success=True, findings=0, 0ms", "operator": "system", "plugin": "destructive-test", "engagement_id": "ASYNC-001", "previous_hash": "36f56bcfa7a52a3a", "hash": "7691c71ae5d5ecbf"}
{"timestamp": "2026-02-23T11:30:04.628635+00:00", "level": "INFO", "action": "ASYNC_PLUGIN_DRY_RUN", "details": "Async dry run: async-stub", "operator": "system", "plugin": "async-stub", "engagement_id": "ASYNC-001", "previous_hash": "7691c71ae5d5ecbf", "hash": "a1a543e69f8a0f51"}
{"timestamp": "2026-02-23T11:30:04.631031+00:00", "level": "INFO", "action": "ASYNC_PLUGIN_EXECUTE", "details": "Async executing: async-stub", "operator": "system", "plugin": "async-stub", "engagement_id": "ASYNC-001", "previous_hash": "a1a543e69f8a0f51", "hash": "239a6d3ed6af018b"}
{"timestamp": "2026-02-23T11:30:04.652565+00:00", "level": "INFO", "action": "ASYNC_PLUGIN_COMPLETE", "details": "async-stub: success=True, findings=0, 31ms", "operator": "system", "plugin": "async-stub", "engagement_id": "ASYNC-001", "previous_hash": "239a6d3ed6af018b", "hash": "9839ac78669682be"}
{"timestamp": "2026-02-23T11:30:04.654566+00:00", "level": "INFO", "action": "ASYNC_PLUGIN_EXECUTE", "details": "Async executing: slow-test", "operator": "system", "plugin": "slow-test", "engagement_id": "ASYNC-001", "previous_hash": "9839ac78669682be", "hash": "f073e86a0c9d0658"}
{"timestamp": "2026-02-23T11:30:05.669228+00:00", "level": "INFO", "action": "ASYNC_PLUGIN_EXECUTE", "details": "Async executing: active-test", "operator": "system", "plugin": "active-test", "engagement_id": "ASYNC-001", "previous_hash": "f073e86a0c9d0658", "hash": "f6cdb6f049062981"}
{"timestamp": "2026-02-23T11:30:05.670100+00:00", "level": "INFO", "action": "ASYNC_PLUGIN_COMPLETE", "details": "active-test: success=True, findings=0, 0ms", "operator": "system", "plugin": "active-test", "engagement_id": "ASYNC-001", "previous_hash": "f6cdb6f049062981", "hash": "8caee3d777b708c9"}
{"timestamp": "2026-02-23T11:30:05.695911+00:00", "level": "INFO", "action": "ROE_VALIDATED", "details": "RoE TEST-001 validated successfully", "operator": "system", "plugin": "", "engagement_id": "TEST-001", "previous_hash": "8caee3d777b708c9", "hash": "28e990618eb7ee83"}
{"timestamp": "2026-02-23T11:30:05.706902+00:00", "level": "WARN", "action": "POLICY_DENIED", "details": "test-plugin: RoE has not been validated", "operator": "system", "plugin": "", "engagement_id": "", "previous_hash": "28e990618eb7ee83", "hash": "770d612aafb4b2b6"}
{"timestamp": "2026-02-23T11:30:05.743578+00:00", "level": "INFO", "action": "ACTIVATION_CODE_SET", "details": "New activation code configured", "operator": "system", "plugin": "", "engagement_id": "", "previous_hash": "770d612aafb4b2b6", "hash": "55bb5553bd8c6881"}
{"timestamp": "2026-02-23T11:33:43.744102+00:00", "level": "INFO", "action": "ACTIVATION_CODE_SET", "details": "New activation code configured", "operator": "system", "plugin": "", "engagement_id": "", "previous_hash": "55bb5553bd8c6881", "hash": "160b599a84300f08"}
{"timestamp": "2026-02-23T11:33:43.813398+00:00", "level": "INFO", "action": "ACTIVATION_CODE_SET", "details": "New activation code configured", "operator": "system", "plugin": "", "engagement_id": "", "previous_hash": "160b599a84300f08", "hash": "600f3faf8a60bdde"}
{"timestamp": "2026-02-23T11:33:43.858526+00:00", "level": "WARN", "action": "ACTIVATION_SET_FAILED", "details": "Code must contain letters, digits, and special characters", "operator": "system", "plugin": "", "engagement_id": "", "previous_hash": "600f3faf8a60bdde", "hash": "d51ba54c1901359d"}
{"timestamp": "2026-02-23T11:33:43.858526+00:00", "level": "WARN", "action": "ACTIVATION_SET_FAILED", "details": "Code must contain letters, digits, and special characters", "operator": "system", "plugin": "", "engagement_id": "", "previous_hash": "d51ba54c1901359d", "hash": "e75c151a8f8700ec"}
{"timestamp": "2026-02-23T11:33:43.860545+00:00", "level": "WARN", "action": "ACTIVATION_SET_FAILED", "details": "Code must contain letters, digits, and special characters", "operator": "system", "plugin": "", "engagement_id": "", "previous_hash": "e75c151a8f8700ec", "hash": "7cc7183676238b04"}
{"timestamp": "2026-02-23T11:33:43.862550+00:00", "level": "WARN", "action": "ACTIVATION_SET_FAILED", "details": "Code too short \u2014 minimum 8 characters required", "operator": "system", "plugin": "", "engagement_id": "", "previous_hash": "7cc7183676238b04", "hash": "2e7998d5069b92b1"}
{"timestamp": "2026-02-23T11:33:43.895750+00:00", "level": "INFO", "action": "ACTIVATION_CODE_SET", "details": "New activation code configured", "operator": "system", "plugin": "", "engagement_id": "", "previous_hash": "2e7998d5069b92b1", "hash": "7ef5337a87ad6b96"}
{"timestamp": "2026-02-23T11:33:43.895750+00:00", "level": "INFO", "action": "ACTIVATION_CODE_CLEARED", "details": "Activation code removed", "operator": "system", "plugin": "", "engagement_id": "", "previous_hash": "7ef5337a87ad6b96", "hash": "3589bac97f2c0af5"}
{"timestamp": "2026-02-23T11:33:43.930931+00:00", "level": "INFO", "action": "ACTIVATION_CODE_SET", "details": "New activation code configured", "operator": "system", "plugin": "", "engagement_id": "", "previous_hash": "3589bac97f2c0af5", "hash": "878aeadc20beb51c"}
{"timestamp": "2026-02-23T11:33:43.981064+00:00", "level": "INFO", "action": "ACTIVATION_CODE_SET", "details": "New activation code configured", "operator": "system", "plugin": "", "engagement_id": "", "previous_hash": "878aeadc20beb51c", "hash": "f325d559e9e801f4"}
{"timestamp": "2026-02-23T11:33:43.998172+00:00", "level": "INFO", "action": "ENGAGEMENT_INIT", "details": "Created engagement: ENG-001", "operator": "system", "plugin": "", "engagement_id": "", "previous_hash": "f325d559e9e801f4", "hash": "ccff10318762a12e"}
{"timestamp": "2026-02-23T11:33:44.008537+00:00", "level": "INFO", "action": "ENGAGEMENT_INIT", "details": "Created engagement: TMPL", "operator": "system", "plugin": "", "engagement_id": "", "previous_hash": "ccff10318762a12e", "hash": "72ec755616ecc792"}
{"timestamp": "2026-02-23T11:39:47.795147+00:00", "level": "INFO", "action": "ROE_VALIDATED", "details": "RoE TEST-001 validated successfully", "operator": "system", "plugin": "", "engagement_id": "TEST-001", "previous_hash": "72ec755616ecc792", "hash": "ed7f953666c899ae"}
{"timestamp": "2026-02-23T11:39:47.795147+00:00", "level": "INFO", "action": "ENGAGEMENT_LOADED", "details": "RoE validated, authorizer: Test Admin", "operator": "system", "plugin": "", "engagement_id": "TEST-001", "previous_hash": "ed7f953666c899ae", "hash": "49c5998a6b2c2aa3"}
{"timestamp": "2026-02-23T11:39:47.797363+00:00", "level": "ERROR", "action": "ENGAGEMENT_LOAD_FAILED", "details": "Missing required RoE fields: authorizer, authorized_targets, allowed_tests, start_time_utc, end_time_utc", "operator": "system", "plugin": "", "engagement_id": "", "previous_hash": "49c5998a6b2c2aa3", "hash": "57326bd8065fbd41"}
{"timestamp": "2026-02-23T11:39:47.805158+00:00", "level": "ERROR", "action": "ENGAGEMENT_LOAD_FAILED", "details": "RoE has expired (end_time: 2026-02-22T11:39:47+00:00)", "operator": "system", "plugin": "", "engagement_id": "", "previous_hash": "57326bd8065fbd41", "hash": "d8fb2df5db184b7a"}
{"timestamp": "2026-02-23T11:39:47.806158+00:00", "level": "ERROR", "action": "ENGAGEMENT_LOAD_FAILED", "details": "RoE file not found: \\nonexistent\\roe.yaml", "operator": "system", "plugin": "", "engagement_id": "", "previous_hash": "d8fb2df5db184b7a", "hash": "59d408e26ce5f863"}
{"timestamp": "2026-02-23T11:39:47.809283+00:00", "level": "INFO", "action": "ROE_VALIDATED", "details": "RoE TEST-001 validated successfully", "operator": "system", "plugin": "", "engagement_id": "TEST-001", "previous_hash": "59d408e26ce5f863", "hash": "9c16c2fe74cd8d96"}
{"timestamp": "2026-02-23T11:39:47.809283+00:00", "level": "INFO", "action": "ENGAGEMENT_LOADED", "details": "RoE validated, authorizer: Test Admin", "operator": "system", "plugin": "", "engagement_id": "TEST-001", "previous_hash": "9c16c2fe74cd8d96", "hash": "c29d279c46a29d7a"}
{"timestamp": "2026-02-23T11:39:47.810486+00:00", "level": "INFO", "action": "PLUGIN_DRY_RUN", "details": "Dry run: stub-test", "operator": "system", "plugin": "stub-test", "engagement_id": "TEST-001", "previous_hash": "c29d279c46a29d7a", "hash": "cfdfd8adad0b0bf9"}
{"timestamp": "2026-02-23T11:39:47.828189+00:00", "level": "INFO", "action": "ROE_VALIDATED", "details": "RoE TEST-001 validated successfully", "operator": "system", "plugin": "", "engagement_id": "TEST-001", "previous_hash": "cfdfd8adad0b0bf9", "hash": "3690db118a21ab58"}
{"timestamp": "2026-02-23T11:39:47.828189+00:00", "level": "INFO", "action": "ENGAGEMENT_LOADED", "details": "RoE validated, authorizer: Test Admin", "operator": "system", "plugin": "", "engagement_id": "TEST-001", "previous_hash": "3690db118a21ab58", "hash": "83c8dcc46f6929f0"}
{"timestamp": "2026-02-23T11:39:47.831877+00:00", "level": "INFO", "action": "ROE_VALIDATED", "details": "RoE TEST-001 validated successfully", "operator": "system", "plugin": "", "engagement_id": "TEST-001", "previous_hash": "83c8dcc46f6929f0", "hash": "f4e27323984e88ad"}
{"timestamp": "2026-02-23T11:39:47.831877+00:00", "level": "INFO", "action": "ENGAGEMENT_LOADED", "details": "RoE validated, authorizer: Test Admin", "operator": "system", "plugin": "", "engagement_id": "TEST-001", "previous_hash": "f4e27323984e88ad", "hash": "7b57ef329dd0b5cd"}
{"timestamp": "2026-02-23T11:39:47.831877+00:00", "level": "INFO", "action": "PLUGIN_EXECUTE", "details": "Executing: stub-test", "operator": "system", "plugin": "stub-test", "engagement_id": "TEST-001", "previous_hash": "7b57ef329dd0b5cd", "hash": "d665d7261787e77c"}
{"timestamp": "2026-02-23T11:39:47.832875+00:00", "level": "INFO", "action": "PLUGIN_COMPLETE", "details": "stub-test: success=True, findings=1, 0ms", "operator": "system", "plugin": "stub-test", "engagement_id": "TEST-001", "previous_hash": "d665d7261787e77c", "hash": "9a72bf185d672c4d"}
{"timestamp": "2026-02-23T11:39:47.835875+00:00", "level": "INFO", "action": "ROE_VALIDATED", "details": "RoE TEST-001 validated successfully", "operator": "system", "plugin": "", "engagement_id": "TEST-001", "previous_hash": "9a72bf185d672c4d", "hash": "c11b8dd95623e70c"}
{"timestamp": "2026-02-23T11:39:47.835875+00:00", "level": "INFO", "action": "ENGAGEMENT_LOADED", "details": "RoE validated, authorizer: Test Admin", "operator": "system", "plugin": "", "engagement_id": "TEST-001", "previous_hash": "c11b8dd95623e70c", "hash": "acb0c773feda4218"}
{"timestamp": "2026-02-23T11:39:47.835875+00:00", "level": "INFO", "action": "PLUGIN_EXECUTE", "details": "Executing: fail-test", "operator": "system", "plugin": "fail-test", "engagement_id": "TEST-001", "previous_hash": "acb0c773feda4218", "hash": "7a4af640f13c15ef"}
{"timestamp": "2026-02-23T11:39:47.835875+00:00", "level": "INFO", "action": "PLUGIN_COMPLETE", "details": "fail-test: success=False, findings=0, 0ms", "operator": "system", "plugin": "fail-test", "engagement_id": "TEST-001", "previous_hash": "7a4af640f13c15ef", "hash": "66266cdd93a44ff2"}
{"timestamp": "2026-02-23T11:39:47.839800+00:00", "level": "INFO", "action": "ROE_VALIDATED", "details": "RoE TEST-001 validated successfully", "operator": "system", "plugin": "", "engagement_id": "TEST-001", "previous_hash": "66266cdd93a44ff2", "hash": "d0e036318c92fb34"}
{"timestamp": "2026-02-23T11:39:47.839800+00:00", "level": "INFO", "action": "ENGAGEMENT_LOADED", "details": "RoE validated, authorizer: Test Admin", "operator": "system", "plugin": "", "engagement_id": "TEST-001", "previous_hash": "d0e036318c92fb34", "hash": "c3f6302b2038562d"}
{"timestamp": "2026-02-23T11:39:47.839800+00:00", "level": "INFO", "action": "ENGAGEMENT_SHUTDOWN", "details": "", "operator": "system", "plugin": "", "engagement_id": "TEST-001", "previous_hash": "c3f6302b2038562d", "hash": "bccdfe13680febec"}
{"timestamp": "2026-02-23T11:39:47.841137+00:00", "level": "WARN", "action": "ACTIVATION_FAILED", "details": "No engagement loaded", "operator": "system", "plugin": "", "engagement_id": "", "previous_hash": "bccdfe13680febec", "hash": "ecce6e417dac5bdc"}
{"timestamp": "2026-02-23T11:39:47.844227+00:00", "level": "INFO", "action": "ROE_VALIDATED", "details": "RoE TEST-001 validated successfully", "operator": "system", "plugin": "", "engagement_id": "TEST-001", "previous_hash": "ecce6e417dac5bdc", "hash": "3d2708db872171c4"}
{"timestamp": "2026-02-23T11:39:47.844227+00:00", "level": "INFO", "action": "ENGAGEMENT_LOADED", "details": "RoE validated, authorizer: Test Admin", "operator": "system", "plugin": "", "engagement_id": "TEST-001", "previous_hash": "3d2708db872171c4", "hash": "9145c0e9fe513392"}
{"timestamp": "2026-02-23T11:39:47.860878+00:00", "level": "INFO", "action": "ASYNC_PLUGIN_EXECUTE", "details": "Async executing: active-test", "operator": "system", "plugin": "active-test", "engagement_id": "ASYNC-001", "previous_hash": "9145c0e9fe513392", "hash": "e592fd6aac980e64"}
{"timestamp": "2026-02-23T11:39:47.860878+00:00", "level": "INFO", "action": "ASYNC_PLUGIN_COMPLETE", "details": "active-test: success=True, findings=0, 0ms", "operator": "system", "plugin": "active-test", "engagement_id": "ASYNC-001", "previous_hash": "e592fd6aac980e64", "hash": "72a705a1e1f51bd6"}
{"timestamp": "2026-02-23T11:39:47.862893+00:00", "level": "INFO", "action": "ASYNC_PLUGIN_EXECUTE", "details": "Async executing: destructive-test", "operator": "system", "plugin": "destructive-test", "engagement_id": "ASYNC-001", "previous_hash": "72a705a1e1f51bd6", "hash": "28a40a09ec202e90"}
{"timestamp": "2026-02-23T11:39:47.862893+00:00", "level": "INFO", "action": "ASYNC_PLUGIN_COMPLETE", "details": "destructive-test: success=True, findings=0, 0ms", "operator": "system", "plugin": "destructive-test", "engagement_id": "ASYNC-001", "previous_hash": "28a40a09ec202e90", "hash": "13ac88cf158e2ba8"}
{"timestamp": "2026-02-23T11:39:47.864962+00:00", "level": "INFO", "action": "ASYNC_PLUGIN_DRY_RUN", "details": "Async dry run: async-stub", "operator": "system", "plugin": "async-stub", "engagement_id": "ASYNC-001", "previous_hash": "13ac88cf158e2ba8", "hash": "efc17d83a181c2b2"}
{"timestamp": "2026-02-23T11:39:47.865995+00:00", "level": "INFO", "action": "ASYNC_PLUGIN_EXECUTE", "details": "Async executing: async-stub", "operator": "system", "plugin": "async-stub", "engagement_id": "ASYNC-001", "previous_hash": "efc17d83a181c2b2", "hash": "497286967667c77c"}
{"timestamp": "2026-02-23T11:39:47.882058+00:00", "level": "INFO", "action": "ASYNC_PLUGIN_COMPLETE", "details": "async-stub: success=True, findings=0, 15ms", "operator": "system", "plugin": "async-stub", "engagement_id": "ASYNC-001", "previous_hash": "497286967667c77c", "hash": "bc5b27f84d031675"}
{"timestamp": "2026-02-23T11:39:47.884059+00:00", "level": "INFO", "action": "ASYNC_PLUGIN_EXECUTE", "details": "Async executing: slow-test", "operator": "system", "plugin": "slow-test", "engagement_id": "ASYNC-001", "previous_hash": "bc5b27f84d031675", "hash": "af6271d7f3f8b230"}
{"timestamp": "2026-02-23T11:39:48.893377+00:00", "level": "INFO", "action": "ASYNC_PLUGIN_EXECUTE", "details": "Async executing: active-test", "operator": "system", "plugin": "active-test", "engagement_id": "ASYNC-001", "previous_hash": "af6271d7f3f8b230", "hash": "49ec83b8a0d56556"}
{"timestamp": "2026-02-23T11:39:48.894376+00:00", "level": "INFO", "action": "ASYNC_PLUGIN_COMPLETE", "details": "active-test: success=True, findings=0, 0ms", "operator": "system", "plugin": "active-test", "engagement_id": "ASYNC-001", "previous_hash": "49ec83b8a0d56556", "hash": "28cded66c7de3f2c"}
{"timestamp": "2026-02-23T11:39:48.916391+00:00", "level": "INFO", "action": "ROE_VALIDATED", "details": "RoE TEST-001 validated successfully", "operator": "system", "plugin": "", "engagement_id": "TEST-001", "previous_hash": "28cded66c7de3f2c", "hash": "963d928bfef3512e"}
{"timestamp": "2026-02-23T11:39:48.927407+00:00", "level": "WARN", "action": "POLICY_DENIED", "details": "test-plugin: RoE has not been validated", "operator": "system", "plugin": "", "engagement_id": "", "previous_hash": "963d928bfef3512e", "hash": "c90d244a504c25e0"}
{"timestamp": "2026-02-23T11:39:48.968239+00:00", "level": "INFO", "action": "ACTIVATION_CODE_SET", "details": "New activation code configured", "operator": "system", "plugin": "", "engagement_id": "", "previous_hash": "c90d244a504c25e0", "hash": "8868caa9b341a386"}
{"timestamp": "2026-02-23T11:44:00.496393+00:00", "level": "INFO", "action": "ACTIVATION_CODE_SET", "details": "New activation code configured", "operator": "system", "plugin": "", "engagement_id": "", "previous_hash": "8868caa9b341a386", "hash": "b2982022e2cd1d96"}
{"timestamp": "2026-02-23T11:44:00.579712+00:00", "level": "INFO", "action": "ACTIVATION_CODE_SET", "details": "New activation code configured", "operator": "system", "plugin": "", "engagement_id": "", "previous_hash": "b2982022e2cd1d96", "hash": "411d45ad8d00fb76"}
{"timestamp": "2026-02-23T11:44:00.621674+00:00", "level": "WARN", "action": "ACTIVATION_SET_FAILED", "details": "Code must contain letters, digits, and special characters", "operator": "system", "plugin": "", "engagement_id": "", "previous_hash": "411d45ad8d00fb76", "hash": "f0b09fd694132977"}
{"timestamp": "2026-02-23T11:44:00.623675+00:00", "level": "WARN", "action": "ACTIVATION_SET_FAILED", "details": "Code must contain letters, digits, and special characters", "operator": "system", "plugin": "", "engagement_id": "", "previous_hash": "f0b09fd694132977", "hash": "df22836e30e1f1ac"}
{"timestamp": "2026-02-23T11:44:00.624680+00:00", "level": "WARN", "action": "ACTIVATION_SET_FAILED", "details": "Code must contain letters, digits, and special characters", "operator": "system", "plugin": "", "engagement_id": "", "previous_hash": "df22836e30e1f1ac", "hash": "9da6c0a76121e224"}
{"timestamp": "2026-02-23T11:44:00.626680+00:00", "level": "WARN", "action": "ACTIVATION_SET_FAILED", "details": "Code too short \u2014 minimum 8 characters required", "operator": "system", "plugin": "", "engagement_id": "", "previous_hash": "9da6c0a76121e224", "hash": "33537dcd95881248"}
{"timestamp": "2026-02-23T11:44:00.657816+00:00", "level": "INFO", "action": "ACTIVATION_CODE_SET", "details": "New activation code configured", "operator": "system", "plugin": "", "engagement_id": "", "previous_hash": "33537dcd95881248", "hash": "9150586439f9855a"}
{"timestamp": "2026-02-23T11:44:00.659820+00:00", "level": "INFO", "action": "ACTIVATION_CODE_CLEARED", "details": "Activation code removed", "operator": "system", "plugin": "", "engagement_id": "", "previous_hash": "9150586439f9855a", "hash": "c6b32c6aa033f761"}
{"timestamp": "2026-02-23T11:44:00.689491+00:00", "level": "INFO", "action": "ACTIVATION_CODE_SET", "details": "New activation code configured", "operator": "system", "plugin": "", "engagement_id": "", "previous_hash": "c6b32c6aa033f761", "hash": "19c89c605ff8b5cb"}
{"timestamp": "2026-02-23T11:44:00.731669+00:00", "level": "INFO", "action": "ACTIVATION_CODE_SET", "details": "New activation code configured", "operator": "system", "plugin": "", "engagement_id": "", "previous_hash": "19c89c605ff8b5cb", "hash": "ec0c60abb25024be"}
{"timestamp": "2026-02-23T11:44:00.744712+00:00", "level": "INFO", "action": "ENGAGEMENT_INIT", "details": "Created engagement: ENG-001", "operator": "system", "plugin": "", "engagement_id": "", "previous_hash": "ec0c60abb25024be", "hash": "e9f3d4de574777a1"}
{"timestamp": "2026-02-23T11:44:00.755344+00:00", "level": "INFO", "action": "ENGAGEMENT_INIT", "details": "Created engagement: TMPL", "operator": "system", "plugin": "", "engagement_id": "", "previous_hash": "e9f3d4de574777a1", "hash": "ac0ffcbec931795e"}
{"timestamp": "2026-02-23T11:50:04.273337+00:00", "level": "INFO", "action": "ROE_VALIDATED", "details": "RoE TEST-001 validated successfully", "operator": "system", "plugin": "", "engagement_id": "TEST-001", "previous_hash": "ac0ffcbec931795e", "hash": "c952303a0e9a67ed"}
{"timestamp": "2026-02-23T11:50:04.273337+00:00", "level": "INFO", "action": "ENGAGEMENT_LOADED", "details": "RoE validated, authorizer: Test Admin", "operator": "system", "plugin": "", "engagement_id": "TEST-001", "previous_hash": "c952303a0e9a67ed", "hash": "53e4e2d3eddf38e2"}
{"timestamp": "2026-02-23T11:50:04.273337+00:00", "level": "ERROR", "action": "ENGAGEMENT_LOAD_FAILED", "details": "Missing required RoE fields: authorizer, authorized_targets, allowed_tests, start_time_utc, end_time_utc", "operator": "system", "plugin": "", "engagement_id": "", "previous_hash": "53e4e2d3eddf38e2", "hash": "3d2b9715e79172ab"}
{"timestamp": "2026-02-23T11:50:04.273337+00:00", "level": "ERROR", "action": "ENGAGEMENT_LOAD_FAILED", "details": "RoE has expired (end_time: 2026-02-22T11:50:04+00:00)", "operator": "system", "plugin": "", "engagement_id": "", "previous_hash": "3d2b9715e79172ab", "hash": "c2faa80bcd20183b"}
{"timestamp": "2026-02-23T11:50:04.273337+00:00", "level": "ERROR", "action": "ENGAGEMENT_LOAD_FAILED", "details": "RoE file not found: \\nonexistent\\roe.yaml", "operator": "system", "plugin": "", "engagement_id": "", "previous_hash": "c2faa80bcd20183b", "hash": "1c6dc9153929d551"}
{"timestamp": "2026-02-23T11:50:04.289095+00:00", "level": "INFO", "action": "ROE_VALIDATED", "details": "RoE TEST-001 validated successfully", "operator": "system", "plugin": "", "engagement_id": "TEST-001", "previous_hash": "1c6dc9153929d551", "hash": "1176e704ef61cf69"}
{"timestamp": "2026-02-23T11:50:04.289095+00:00", "level": "INFO", "action": "ENGAGEMENT_LOADED", "details": "RoE validated, authorizer: Test Admin", "operator": "system", "plugin": "", "engagement_id": "TEST-001", "previous_hash": "1176e704ef61cf69", "hash": "70f5db241bf4287a"}
{"timestamp": "2026-02-23T11:50:04.289095+00:00", "level": "INFO", "action": "PLUGIN_DRY_RUN", "details": "Dry run: stub-test", "operator": "system", "plugin": "stub-test", "engagement_id": "TEST-001", "previous_hash": "70f5db241bf4287a", "hash": "cf4b880b0a74319b"}
{"timestamp": "2026-02-23T11:50:04.289095+00:00", "level": "INFO", "action": "ROE_VALIDATED", "details": "RoE TEST-001 validated successfully", "operator": "system", "plugin": "", "engagement_id": "TEST-001", "previous_hash": "cf4b880b0a74319b", "hash": "8cb9c7768f341dd1"}
{"timestamp": "2026-02-23T11:50:04.289095+00:00", "level": "INFO", "action": "ENGAGEMENT_LOADED", "details": "RoE validated, authorizer: Test Admin", "operator": "system", "plugin": "", "engagement_id": "TEST-001", "previous_hash": "8cb9c7768f341dd1", "hash": "91079a2293b8336c"}
{"timestamp": "2026-02-23T11:50:04.289095+00:00", "level": "INFO", "action": "ROE_VALIDATED", "details": "RoE TEST-001 validated successfully", "operator": "system", "plugin": "", "engagement_id": "TEST-001", "previous_hash": "91079a2293b8336c", "hash": "0dd4ea27bb633ab8"}
{"timestamp": "2026-02-23T11:50:04.289095+00:00", "level": "INFO", "action": "ENGAGEMENT_LOADED", "details": "RoE validated, authorizer: Test Admin", "operator": "system", "plugin": "", "engagement_id": "TEST-001", "previous_hash": "0dd4ea27bb633ab8", "hash": "27ad9a97b08c2f80"}
{"timestamp": "2026-02-23T11:50:04.289095+00:00", "level": "INFO", "action": "PLUGIN_EXECUTE", "details": "Executing: stub-test", "operator": "system", "plugin": "stub-test", "engagement_id": "TEST-001", "previous_hash": "27ad9a97b08c2f80", "hash": "b5c3f804d552afa6"}
{"timestamp": "2026-02-23T11:50:04.289095+00:00", "level": "INFO", "action": "PLUGIN_COMPLETE", "details": "stub-test: success=True, findings=1, 0ms", "operator": "system", "plugin": "stub-test", "engagement_id": "TEST-001", "previous_hash": "b5c3f804d552afa6", "hash": "82a24791c2b7c005"}
{"timestamp": "2026-02-23T11:50:04.289095+00:00", "level": "INFO", "action": "ROE_VALIDATED", "details": "RoE TEST-001 validated successfully", "operator": "system", "plugin": "", "engagement_id": "TEST-001", "previous_hash": "82a24791c2b7c005", "hash": "e5096b113220cdc5"}
{"timestamp": "2026-02-23T11:50:04.289095+00:00", "level": "INFO", "action": "ENGAGEMENT_LOADED", "details": "RoE validated, authorizer: Test Admin", "operator": "system", "plugin": "", "engagement_id": "TEST-001", "previous_hash": "e5096b113220cdc5", "hash": "a5a39eb602f2bc0a"}
{"timestamp": "2026-02-23T11:50:04.289095+00:00", "level": "INFO", "action": "PLUGIN_EXECUTE", "details": "Executing: fail-test", "operator": "system", "plugin": "fail-test", "engagement_id": "TEST-001", "previous_hash": "a5a39eb602f2bc0a", "hash": "db833cf3fd56afe3"}
{"timestamp": "2026-02-23T11:50:04.289095+00:00", "level": "INFO", "action": "PLUGIN_COMPLETE", "details": "fail-test: success=False, findings=0, 0ms", "operator": "system", "plugin": "fail-test", "engagement_id": "TEST-001", "previous_hash": "db833cf3fd56afe3", "hash": "8b44c2efbc7eacad"}
{"timestamp": "2026-02-23T11:50:04.289095+00:00", "level": "INFO", "action": "ROE_VALIDATED", "details": "RoE TEST-001 validated successfully", "operator": "system", "plugin": "", "engagement_id": "TEST-001", "previous_hash": "8b44c2efbc7eacad", "hash": "ada40799b97be6e9"}
{"timestamp": "2026-02-23T11:50:04.304808+00:00", "level": "INFO", "action": "ENGAGEMENT_LOADED", "details": "RoE validated, authorizer: Test Admin", "operator": "system", "plugin": "", "engagement_id": "TEST-001", "previous_hash": "ada40799b97be6e9", "hash": "8cefdb32025fdcd7"}
{"timestamp": "2026-02-23T11:50:04.304808+00:00", "level": "INFO", "action": "ENGAGEMENT_SHUTDOWN", "details": "", "operator": "system", "plugin": "", "engagement_id": "TEST-001", "previous_hash": "8cefdb32025fdcd7", "hash": "cffcd1d4f53e1458"}
{"timestamp": "2026-02-23T11:50:04.304808+00:00", "level": "WARN", "action": "ACTIVATION_FAILED", "details": "No engagement loaded", "operator": "system", "plugin": "", "engagement_id": "", "previous_hash": "cffcd1d4f53e1458", "hash": "2f0d6a58be3a391c"}
{"timestamp": "2026-02-23T11:50:04.304808+00:00", "level": "INFO", "action": "ROE_VALIDATED", "details": "RoE TEST-001 validated successfully", "operator": "system", "plugin": "", "engagement_id": "TEST-001", "previous_hash": "2f0d6a58be3a391c", "hash": "47943be01861a4aa"}
{"timestamp": "2026-02-23T11:50:04.304808+00:00", "level": "INFO", "action": "ENGAGEMENT_LOADED", "details": "RoE validated, authorizer: Test Admin", "operator": "system", "plugin": "", "engagement_id": "TEST-001", "previous_hash": "47943be01861a4aa", "hash": "9c3e109195512624"}
{"timestamp": "2026-02-23T11:50:04.304808+00:00", "level": "INFO", "action": "ASYNC_PLUGIN_EXECUTE", "details": "Async executing: active-test", "operator": "system", "plugin": "active-test", "engagement_id": "ASYNC-001", "previous_hash": "9c3e109195512624", "hash": "db27d4a7894cdf85"}
{"timestamp": "2026-02-23T11:50:04.304808+00:00", "level": "INFO", "action": "ASYNC_PLUGIN_COMPLETE", "details": "active-test: success=True, findings=0, 0ms", "operator": "system", "plugin": "active-test", "engagement_id": "ASYNC-001", "previous_hash": "db27d4a7894cdf85", "hash": "8f0059731242e763"}
{"timestamp": "2026-02-23T11:50:04.320868+00:00", "level": "INFO", "action": "ASYNC_PLUGIN_EXECUTE", "details": "Async executing: destructive-test", "operator": "system", "plugin": "destructive-test", "engagement_id": "ASYNC-001", "previous_hash": "8f0059731242e763", "hash": "3233b250020073d6"}
{"timestamp": "2026-02-23T11:50:04.320868+00:00", "level": "INFO", "action": "ASYNC_PLUGIN_COMPLETE", "details": "destructive-test: success=True, findings=0, 0ms", "operator": "system", "plugin": "destructive-test", "engagement_id": "ASYNC-001", "previous_hash": "3233b250020073d6", "hash": "97d252cf60ee857e"}
{"timestamp": "2026-02-23T11:50:04.320868+00:00", "level": "INFO", "action": "ASYNC_PLUGIN_DRY_RUN", "details": "Async dry run: async-stub", "operator": "system", "plugin": "async-stub", "engagement_id": "ASYNC-001", "previous_hash": "97d252cf60ee857e", "hash": "c8a2678a979b6a9c"}
{"timestamp": "2026-02-23T11:50:04.320868+00:00", "level": "INFO", "action": "ASYNC_PLUGIN_EXECUTE", "details": "Async executing: async-stub", "operator": "system", "plugin": "async-stub", "engagement_id": "ASYNC-001", "previous_hash": "c8a2678a979b6a9c", "hash": "6a536104d626de96"}
{"timestamp": "2026-02-23T11:50:04.336557+00:00", "level": "INFO", "action": "ASYNC_PLUGIN_COMPLETE", "details": "async-stub: success=True, findings=0, 16ms", "operator": "system", "plugin": "async-stub", "engagement_id": "ASYNC-001", "previous_hash": "6a536104d626de96", "hash": "1c13c9479e150f32"}
{"timestamp": "2026-02-23T11:50:04.352411+00:00", "level": "INFO", "action": "ASYNC_PLUGIN_EXECUTE", "details": "Async executing: slow-test", "operator": "system", "plugin": "slow-test", "engagement_id": "ASYNC-001", "previous_hash": "1c13c9479e150f32", "hash": "9d8e1203d28a2d21"}
{"timestamp": "2026-02-23T11:50:05.361703+00:00", "level": "INFO", "action": "ASYNC_PLUGIN_EXECUTE", "details": "Async executing: active-test", "operator": "system", "plugin": "active-test", "engagement_id": "ASYNC-001", "previous_hash": "9d8e1203d28a2d21", "hash": "07d5ad90f87a2830"}
{"timestamp": "2026-02-23T11:50:05.361703+00:00", "level": "INFO", "action": "ASYNC_PLUGIN_COMPLETE", "details": "active-test: success=True, findings=0, 0ms", "operator": "system", "plugin": "active-test", "engagement_id": "ASYNC-001", "previous_hash": "07d5ad90f87a2830", "hash": "1b645b2874bcce79"}
{"timestamp": "2026-02-23T11:50:05.391923+00:00", "level": "INFO", "action": "ROE_VALIDATED", "details": "RoE TEST-001 validated successfully", "operator": "system", "plugin": "", "engagement_id": "TEST-001", "previous_hash": "1b645b2874bcce79", "hash": "5be5f5d8dea9bf59"}
{"timestamp": "2026-02-23T11:50:05.401653+00:00", "level": "WARN", "action": "POLICY_DENIED", "details": "test-plugin: RoE has not been validated", "operator": "system", "plugin": "", "engagement_id": "", "previous_hash": "5be5f5d8dea9bf59", "hash": "9dbd3f47e784dbaf"}
{"timestamp": "2026-02-23T11:50:05.449132+00:00", "level": "INFO", "action": "ACTIVATION_CODE_SET", "details": "New activation code configured", "operator": "system", "plugin": "", "engagement_id": "", "previous_hash": "9dbd3f47e784dbaf", "hash": "c6c46439acfaf057"}
{"timestamp": "2026-02-23T11:54:17.622178+00:00", "level": "INFO", "action": "ACTIVATION_CODE_SET", "details": "New activation code configured", "operator": "system", "plugin": "", "engagement_id": "", "previous_hash": "c6c46439acfaf057", "hash": "ad65fe5c3c3a8e9f"}
{"timestamp": "2026-02-23T11:54:17.691782+00:00", "level": "INFO", "action": "ACTIVATION_CODE_SET", "details": "New activation code configured", "operator": "system", "plugin": "", "engagement_id": "", "previous_hash": "ad65fe5c3c3a8e9f", "hash": "e6dfb1e85c85af5b"}
{"timestamp": "2026-02-23T11:54:17.736840+00:00", "level": "WARN", "action": "ACTIVATION_SET_FAILED", "details": "Code must contain letters, digits, and special characters", "operator": "system", "plugin": "", "engagement_id": "", "previous_hash": "e6dfb1e85c85af5b", "hash": "7d60ba45b5c98ebe"}
{"timestamp": "2026-02-23T11:54:17.740877+00:00", "level": "WARN", "action": "ACTIVATION_SET_FAILED", "details": "Code must contain letters, digits, and special characters", "operator": "system", "plugin": "", "engagement_id": "", "previous_hash": "7d60ba45b5c98ebe", "hash": "2fe1570cf7d50ffa"}
{"timestamp": "2026-02-23T11:54:17.742098+00:00", "level": "WARN", "action": "ACTIVATION_SET_FAILED", "details": "Code must contain letters, digits, and special characters", "operator": "system", "plugin": "", "engagement_id": "", "previous_hash": "2fe1570cf7d50ffa", "hash": "df21bef0aee6c7c9"}
{"timestamp": "2026-02-23T11:54:17.744097+00:00", "level": "WARN", "action": "ACTIVATION_SET_FAILED", "details": "Code too short \u2014 minimum 8 characters required", "operator": "system", "plugin": "", "engagement_id": "", "previous_hash": "df21bef0aee6c7c9", "hash": "35dee82bf8df4675"}
{"timestamp": "2026-02-23T11:54:17.775282+00:00", "level": "INFO", "action": "ACTIVATION_CODE_SET", "details": "New activation code configured", "operator": "system", "plugin": "", "engagement_id": "", "previous_hash": "35dee82bf8df4675", "hash": "ba4624d08062e55e"}
{"timestamp": "2026-02-23T11:54:17.775282+00:00", "level": "INFO", "action": "ACTIVATION_CODE_CLEARED", "details": "Activation code removed", "operator": "system", "plugin": "", "engagement_id": "", "previous_hash": "ba4624d08062e55e", "hash": "967adc9671daf55f"}
{"timestamp": "2026-02-23T11:54:17.810400+00:00", "level": "INFO", "action": "ACTIVATION_CODE_SET", "details": "New activation code configured", "operator": "system", "plugin": "", "engagement_id": "", "previous_hash": "967adc9671daf55f", "hash": "381268162140fd6c"}
{"timestamp": "2026-02-23T11:54:17.840882+00:00", "level": "INFO", "action": "ACTIVATION_CODE_SET", "details": "New activation code configured", "operator": "system", "plugin": "", "engagement_id": "", "previous_hash": "381268162140fd6c", "hash": "7c9e55a7349427ca"}
{"timestamp": "2026-02-23T11:54:17.857833+00:00", "level": "INFO", "action": "ENGAGEMENT_INIT", "details": "Created engagement: ENG-001", "operator": "system", "plugin": "", "engagement_id": "", "previous_hash": "7c9e55a7349427ca", "hash": "c70c57e3531dfe00"}
{"timestamp": "2026-02-23T11:54:17.870848+00:00", "level": "INFO", "action": "ENGAGEMENT_INIT", "details": "Created engagement: TMPL", "operator": "system", "plugin": "", "engagement_id": "", "previous_hash": "c70c57e3531dfe00", "hash": "3e8355fb939d6054"}
{"timestamp": "2026-02-23T12:00:21.697458+00:00", "level": "INFO", "action": "ROE_VALIDATED", "details": "RoE TEST-001 validated successfully", "operator": "system", "plugin": "", "engagement_id": "TEST-001", "previous_hash": "3e8355fb939d6054", "hash": "70264cf66cc409f4"}
{"timestamp": "2026-02-23T12:00:21.697458+00:00", "level": "INFO", "action": "ENGAGEMENT_LOADED", "details": "RoE validated, authorizer: Test Admin", "operator": "system", "plugin": "", "engagement_id": "TEST-001", "previous_hash": "70264cf66cc409f4", "hash": "1c25cf46e8d253b5"}
{"timestamp": "2026-02-23T12:00:21.697458+00:00", "level": "ERROR", "action": "ENGAGEMENT_LOAD_FAILED", "details": "Missing required RoE fields: authorizer, authorized_targets, allowed_tests, start_time_utc, end_time_utc", "operator": "system", "plugin": "", "engagement_id": "", "previous_hash": "1c25cf46e8d253b5", "hash": "758888bdbe1e8018"}
{"timestamp": "2026-02-23T12:00:21.707013+00:00", "level": "ERROR", "action": "ENGAGEMENT_LOAD_FAILED", "details": "RoE has expired (end_time: 2026-02-22T12:00:21+00:00)", "operator": "system", "plugin": "", "engagement_id": "", "previous_hash": "758888bdbe1e8018", "hash": "39c9e3903b2d3642"}
{"timestamp": "2026-02-23T12:00:21.707013+00:00", "level": "ERROR", "action": "ENGAGEMENT_LOAD_FAILED", "details": "RoE file not found: \\nonexistent\\roe.yaml", "operator": "system", "plugin": "", "engagement_id": "", "previous_hash": "39c9e3903b2d3642", "hash": "e6aeb37e4be5e9ae"}
{"timestamp": "2026-02-23T12:00:21.715648+00:00", "level": "INFO", "action": "ROE_VALIDATED", "details": "RoE TEST-001 validated successfully", "operator": "system", "plugin": "", "engagement_id": "TEST-001", "previous_hash": "e6aeb37e4be5e9ae", "hash": "fef72170613cbd48"}
{"timestamp": "2026-02-23T12:00:21.715648+00:00", "level": "INFO", "action": "ENGAGEMENT_LOADED", "details": "RoE validated, authorizer: Test Admin", "operator": "system", "plugin": "", "engagement_id": "TEST-001", "previous_hash": "fef72170613cbd48", "hash": "9185c9220172c117"}
{"timestamp": "2026-02-23T12:00:21.715648+00:00", "level": "INFO", "action": "PLUGIN_DRY_RUN", "details": "Dry run: stub-test", "operator": "system", "plugin": "stub-test", "engagement_id": "TEST-001", "previous_hash": "9185c9220172c117", "hash": "91dd8df6732d9128"}
{"timestamp": "2026-02-23T12:00:21.730201+00:00", "level": "INFO", "action": "ROE_VALIDATED", "details": "RoE TEST-001 validated successfully", "operator": "system", "plugin": "", "engagement_id": "TEST-001", "previous_hash": "91dd8df6732d9128", "hash": "c4d1a3bc64213d72"}
{"timestamp": "2026-02-23T12:00:21.730201+00:00", "level": "INFO", "action": "ENGAGEMENT_LOADED", "details": "RoE validated, authorizer: Test Admin", "operator": "system", "plugin": "", "engagement_id": "TEST-001", "previous_hash": "c4d1a3bc64213d72", "hash": "3ce4740724139353"}
{"timestamp": "2026-02-23T12:00:21.733499+00:00", "level": "INFO", "action": "ROE_VALIDATED", "details": "RoE TEST-001 validated successfully", "operator": "system", "plugin": "", "engagement_id": "TEST-001", "previous_hash": "3ce4740724139353", "hash": "a445ac60d762123a"}
{"timestamp": "2026-02-23T12:00:21.733499+00:00", "level": "INFO", "action": "ENGAGEMENT_LOADED", "details": "RoE validated, authorizer: Test Admin", "operator": "system", "plugin": "", "engagement_id": "TEST-001", "previous_hash": "a445ac60d762123a", "hash": "87f005ef392da56f"}
{"timestamp": "2026-02-23T12:00:21.733499+00:00", "level": "INFO", "action": "PLUGIN_EXECUTE", "details": "Executing: stub-test", "operator": "system", "plugin": "stub-test", "engagement_id": "TEST-001", "previous_hash": "87f005ef392da56f", "hash": "caaf91f0f0a30ef1"}
{"timestamp": "2026-02-23T12:00:21.734498+00:00", "level": "INFO", "action": "PLUGIN_COMPLETE", "details": "stub-test: success=True, findings=1, 0ms", "operator": "system", "plugin": "stub-test", "engagement_id": "TEST-001", "previous_hash": "caaf91f0f0a30ef1", "hash": "e02b2bc660e3acdb"}
{"timestamp": "2026-02-23T12:00:21.737498+00:00", "level": "INFO", "action": "ROE_VALIDATED", "details": "RoE TEST-001 validated successfully", "operator": "system", "plugin": "", "engagement_id": "TEST-001", "previous_hash": "e02b2bc660e3acdb", "hash": "4920e0a9d1c4c1ae"}
{"timestamp": "2026-02-23T12:00:21.737498+00:00", "level": "INFO", "action": "ENGAGEMENT_LOADED", "details": "RoE validated, authorizer: Test Admin", "operator": "system", "plugin": "", "engagement_id": "TEST-001", "previous_hash": "4920e0a9d1c4c1ae", "hash": "f046b4930c8dc558"}
{"timestamp": "2026-02-23T12:00:21.737498+00:00", "level": "INFO", "action": "PLUGIN_EXECUTE", "details": "Executing: fail-test", "operator": "system", "plugin": "fail-test", "engagement_id": "TEST-001", "previous_hash": "f046b4930c8dc558", "hash": "9fa5f7878891c66b"}
{"timestamp": "2026-02-23T12:00:21.737498+00:00", "level": "INFO", "action": "PLUGIN_COMPLETE", "details": "fail-test: success=False, findings=0, 0ms", "operator": "system", "plugin": "fail-test", "engagement_id": "TEST-001", "previous_hash": "9fa5f7878891c66b", "hash": "d6a221542f4f94f1"}
{"timestamp": "2026-02-23T12:00:21.741183+00:00", "level": "INFO", "action": "ROE_VALIDATED", "details": "RoE TEST-001 validated successfully", "operator": "system", "plugin": "", "engagement_id": "TEST-001", "previous_hash": "d6a221542f4f94f1", "hash": "5b18c6047553647e"}
{"timestamp": "2026-02-23T12:00:21.741183+00:00", "level": "INFO", "action": "ENGAGEMENT_LOADED", "details": "RoE validated, authorizer: Test Admin", "operator": "system", "plugin": "", "engagement_id": "TEST-001", "previous_hash": "5b18c6047553647e", "hash": "8c4bbf7d3a2e4693"}
{"timestamp": "2026-02-23T12:00:21.741183+00:00", "level": "INFO", "action": "ENGAGEMENT_SHUTDOWN", "details": "", "operator": "system", "plugin": "", "engagement_id": "TEST-001", "previous_hash": "8c4bbf7d3a2e4693", "hash": "f895a392a6ae39ea"}
{"timestamp": "2026-02-23T12:00:21.741183+00:00", "level": "WARN", "action": "ACTIVATION_FAILED", "details": "No engagement loaded", "operator": "system", "plugin": "", "engagement_id": "", "previous_hash": "f895a392a6ae39ea", "hash": "a080f227fa077642"}
{"timestamp": "2026-02-23T12:00:21.741183+00:00", "level": "INFO", "action": "ROE_VALIDATED", "details": "RoE TEST-001 validated successfully", "operator": "system", "plugin": "", "engagement_id": "TEST-001", "previous_hash": "a080f227fa077642", "hash": "cdf5b01337997c4e"}
{"timestamp": "2026-02-23T12:00:21.741183+00:00", "level": "INFO", "action": "ENGAGEMENT_LOADED", "details": "RoE validated, authorizer: Test Admin", "operator": "system", "plugin": "", "engagement_id": "TEST-001", "previous_hash": "cdf5b01337997c4e", "hash": "2450b72411ca7267"}
{"timestamp": "2026-02-23T12:00:21.741183+00:00", "level": "INFO", "action": "ASYNC_PLUGIN_EXECUTE", "details": "Async executing: active-test", "operator": "system", "plugin": "active-test", "engagement_id": "ASYNC-001", "previous_hash": "2450b72411ca7267", "hash": "ef58ed8c0ec7c9c2"}
{"timestamp": "2026-02-23T12:00:21.756151+00:00", "level": "INFO", "action": "ASYNC_PLUGIN_COMPLETE", "details": "active-test: success=True, findings=0, 0ms", "operator": "system", "plugin": "active-test", "engagement_id": "ASYNC-001", "previous_hash": "ef58ed8c0ec7c9c2", "hash": "80a4fdd280de7655"}
{"timestamp": "2026-02-23T12:00:21.756151+00:00", "level": "INFO", "action": "ASYNC_PLUGIN_EXECUTE", "details": "Async executing: destructive-test", "operator": "system", "plugin": "destructive-test", "engagement_id": "ASYNC-001", "previous_hash": "80a4fdd280de7655", "hash": "0f27340edf29ee47"}
{"timestamp": "2026-02-23T12:00:21.756151+00:00", "level": "INFO", "action": "ASYNC_PLUGIN_COMPLETE", "details": "destructive-test: success=True, findings=0, 0ms", "operator": "system", "plugin": "destructive-test", "engagement_id": "ASYNC-001", "previous_hash": "0f27340edf29ee47", "hash": "3de7ca84470010ae"}
{"timestamp": "2026-02-23T12:00:21.756151+00:00", "level": "INFO", "action": "ASYNC_PLUGIN_DRY_RUN", "details": "Async dry run: async-stub", "operator": "system", "plugin": "async-stub", "engagement_id": "ASYNC-001", "previous_hash": "3de7ca84470010ae", "hash": "9669a858a12f4ac5"}
{"timestamp": "2026-02-23T12:00:21.756151+00:00", "level": "INFO", "action": "ASYNC_PLUGIN_EXECUTE", "details": "Async executing: async-stub", "operator": "system", "plugin": "async-stub", "engagement_id": "ASYNC-001", "previous_hash": "9669a858a12f4ac5", "hash": "3923c717cff7961d"}
{"timestamp": "2026-02-23T12:00:21.771369+00:00", "level": "INFO", "action": "ASYNC_PLUGIN_COMPLETE", "details": "async-stub: success=True, findings=0, 16ms", "operator": "system", "plugin": "async-stub", "engagement_id": "ASYNC-001", "previous_hash": "3923c717cff7961d", "hash": "2c2b2ce071a9ba3e"}
{"timestamp": "2026-02-23T12:00:21.772973+00:00", "level": "INFO", "action": "ASYNC_PLUGIN_EXECUTE", "details": "Async executing: slow-test", "operator": "system", "plugin": "slow-test", "engagement_id": "ASYNC-001", "previous_hash": "2c2b2ce071a9ba3e", "hash": "9a5d42164eb760ad"}
{"timestamp": "2026-02-23T12:00:22.784645+00:00", "level": "INFO", "action": "ASYNC_PLUGIN_EXECUTE", "details": "Async executing: active-test", "operator": "system", "plugin": "active-test", "engagement_id": "ASYNC-001", "previous_hash": "9a5d42164eb760ad", "hash": "5cd6a625a2018384"}
{"timestamp": "2026-02-23T12:00:22.784645+00:00", "level": "INFO", "action": "ASYNC_PLUGIN_COMPLETE", "details": "active-test: success=True, findings=0, 0ms", "operator": "system", "plugin": "active-test", "engagement_id": "ASYNC-001", "previous_hash": "5cd6a625a2018384", "hash": "ed0b8debf6bac4df"}
{"timestamp": "2026-02-23T12:00:22.806498+00:00", "level": "INFO", "action": "ROE_VALIDATED", "details": "RoE TEST-001 validated successfully", "operator": "system", "plugin": "", "engagement_id": "TEST-001", "previous_hash": "ed0b8debf6bac4df", "hash": "bf093c684a625477"}
{"timestamp": "2026-02-23T12:00:22.832658+00:00", "level": "WARN", "action": "POLICY_DENIED", "details": "test-plugin: RoE has not been validated", "operator": "system", "plugin": "", "engagement_id": "", "previous_hash": "bf093c684a625477", "hash": "f85c8ab70728f623"}
{"timestamp": "2026-02-23T12:00:22.863032+00:00", "level": "INFO", "action": "ACTIVATION_CODE_SET", "details": "New activation code configured", "operator": "system", "plugin": "", "engagement_id": "", "previous_hash": "f85c8ab70728f623", "hash": "086fdcb8fea2dcb3"}
{"timestamp": "2026-02-24T04:51:54.144183+00:00", "level": "INFO", "action": "ACTIVATION_CODE_SET", "details": "New activation code configured", "operator": "system", "plugin": "", "engagement_id": "", "previous_hash": "086fdcb8fea2dcb3", "hash": "b4b974cffeb20248"}
{"timestamp": "2026-02-24T04:51:54.227953+00:00", "level": "INFO", "action": "ACTIVATION_CODE_SET", "details": "New activation code configured", "operator": "system", "plugin": "", "engagement_id": "", "previous_hash": "b4b974cffeb20248", "hash": "fe3465e3cee5f10f"}
{"timestamp": "2026-02-24T04:51:54.267518+00:00", "level": "WARN", "action": "ACTIVATION_SET_FAILED", "details": "Code must contain letters, digits, and special characters", "operator": "system", "plugin": "", "engagement_id": "", "previous_hash": "fe3465e3cee5f10f", "hash": "17c116d8f33c34bf"}
{"timestamp": "2026-02-24T04:51:54.270487+00:00", "level": "WARN", "action": "ACTIVATION_SET_FAILED", "details": "Code must contain letters, digits, and special characters", "operator": "system", "plugin": "", "engagement_id": "", "previous_hash": "17c116d8f33c34bf", "hash": "0a4b36c0905e4bf2"}
{"timestamp": "2026-02-24T04:51:54.272486+00:00", "level": "WARN", "action": "ACTIVATION_SET_FAILED", "details": "Code must contain letters, digits, and special characters", "operator": "system", "plugin": "", "engagement_id": "", "previous_hash": "0a4b36c0905e4bf2", "hash": "7e4d104c0907e926"}
{"timestamp": "2026-02-24T04:51:54.274485+00:00", "level": "WARN", "action": "ACTIVATION_SET_FAILED", "details": "Code too short \u2014 minimum 8 characters required", "operator": "system", "plugin": "", "engagement_id": "", "previous_hash": "7e4d104c0907e926", "hash": "b4e1c2958f5964c0"}
{"timestamp": "2026-02-24T04:51:54.294277+00:00", "level": "INFO", "action": "ACTIVATION_CODE_SET", "details": "New activation code configured", "operator": "system", "plugin": "", "engagement_id": "", "previous_hash": "b4e1c2958f5964c0", "hash": "97bf3232938ed5ed"}
{"timestamp": "2026-02-24T04:51:54.294277+00:00", "level": "INFO", "action": "ACTIVATION_CODE_CLEARED", "details": "Activation code removed", "operator": "system", "plugin": "", "engagement_id": "", "previous_hash": "97bf3232938ed5ed", "hash": "2821a53b8b84c74e"}
{"timestamp": "2026-02-24T04:51:54.347666+00:00", "level": "INFO", "action": "ACTIVATION_CODE_SET", "details": "New activation code configured", "operator": "system", "plugin": "", "engagement_id": "", "previous_hash": "2821a53b8b84c74e", "hash": "745fc350cac58031"}
{"timestamp": "2026-02-24T04:51:54.379061+00:00", "level": "INFO", "action": "ACTIVATION_CODE_SET", "details": "New activation code configured", "operator": "system", "plugin": "", "engagement_id": "", "previous_hash": "745fc350cac58031", "hash": "33b61a968fe10d45"}
{"timestamp": "2026-02-24T04:51:54.405625+00:00", "level": "INFO", "action": "ENGAGEMENT_INIT", "details": "Created engagement: ENG-001", "operator": "system", "plugin": "", "engagement_id": "", "previous_hash": "33b61a968fe10d45", "hash": "d00a14b8d4b8ee5e"}
{"timestamp": "2026-02-24T04:51:54.421581+00:00", "level": "INFO", "action": "ENGAGEMENT_INIT", "details": "Created engagement: TMPL", "operator": "system", "plugin": "", "engagement_id": "", "previous_hash": "d00a14b8d4b8ee5e", "hash": "cd3955bb2e9fa537"}
{"timestamp": "2026-02-24T04:57:59.114926+00:00", "level": "INFO", "action": "ROE_VALIDATED", "details": "RoE TEST-001 validated successfully", "operator": "system", "plugin": "", "engagement_id": "TEST-001", "previous_hash": "cd3955bb2e9fa537", "hash": "159cb1827d7c6c9c"}
{"timestamp": "2026-02-24T04:57:59.114926+00:00", "level": "INFO", "action": "ENGAGEMENT_LOADED", "details": "RoE validated, authorizer: Test Admin", "operator": "system", "plugin": "", "engagement_id": "TEST-001", "previous_hash": "159cb1827d7c6c9c", "hash": "62ced36d05e8f317"}
{"timestamp": "2026-02-24T04:57:59.123947+00:00", "level": "ERROR", "action": "ENGAGEMENT_LOAD_FAILED", "details": "Missing required RoE fields: authorizer, authorized_targets, allowed_tests, start_time_utc, end_time_utc", "operator": "system", "plugin": "", "engagement_id": "", "previous_hash": "62ced36d05e8f317", "hash": "cdbb7a54f23e5f5e"}
{"timestamp": "2026-02-24T04:57:59.129648+00:00", "level": "ERROR", "action": "ENGAGEMENT_LOAD_FAILED", "details": "RoE has expired (end_time: 2026-02-23T04:57:59+00:00)", "operator": "system", "plugin": "", "engagement_id": "", "previous_hash": "cdbb7a54f23e5f5e", "hash": "34686a3775846412"}
{"timestamp": "2026-02-24T04:57:59.129648+00:00", "level": "ERROR", "action": "ENGAGEMENT_LOAD_FAILED", "details": "RoE file not found: \\nonexistent\\roe.yaml", "operator": "system", "plugin": "", "engagement_id": "", "previous_hash": "34686a3775846412", "hash": "de200d4b2a32a0b8"}
{"timestamp": "2026-02-24T04:57:59.129648+00:00", "level": "INFO", "action": "ROE_VALIDATED", "details": "RoE TEST-001 validated successfully", "operator": "system", "plugin": "", "engagement_id": "TEST-001", "previous_hash": "de200d4b2a32a0b8", "hash": "6ae3b1ea6545047d"}
{"timestamp": "2026-02-24T04:57:59.129648+00:00", "level": "INFO", "action": "ENGAGEMENT_LOADED", "details": "RoE validated, authorizer: Test Admin", "operator": "system", "plugin": "", "engagement_id": "TEST-001", "previous_hash": "6ae3b1ea6545047d", "hash": "66ba18d395993d03"}
{"timestamp": "2026-02-24T04:57:59.129648+00:00", "level": "INFO", "action": "PLUGIN_DRY_RUN", "details": "Dry run: stub-test", "operator": "system", "plugin": "stub-test", "engagement_id": "TEST-001", "previous_hash": "66ba18d395993d03", "hash": "1461666d3205e184"}
{"timestamp": "2026-02-24T04:57:59.150976+00:00", "level": "INFO", "action": "ROE_VALIDATED", "details": "RoE TEST-001 validated successfully", "operator": "system", "plugin": "", "engagement_id": "TEST-001", "previous_hash": "1461666d3205e184", "hash": "bf8a3b5c2fdb191e"}
{"timestamp": "2026-02-24T04:57:59.150976+00:00", "level": "INFO", "action": "ENGAGEMENT_LOADED", "details": "RoE validated, authorizer: Test Admin", "operator": "system", "plugin": "", "engagement_id": "TEST-001", "previous_hash": "bf8a3b5c2fdb191e", "hash": "0f4bbe8c0ea1d9dd"}
{"timestamp": "2026-02-24T04:57:59.163883+00:00", "level": "INFO", "action": "ROE_VALIDATED", "details": "RoE TEST-001 validated successfully", "operator": "system", "plugin": "", "engagement_id": "TEST-001", "previous_hash": "0f4bbe8c0ea1d9dd", "hash": "0d47fb15d4409d6b"}
{"timestamp": "2026-02-24T04:57:59.164893+00:00", "level": "INFO", "action": "ENGAGEMENT_LOADED", "details": "RoE validated, authorizer: Test Admin", "operator": "system", "plugin": "", "engagement_id": "TEST-001", "previous_hash": "0d47fb15d4409d6b", "hash": "7f78fd2607a567e1"}
{"timestamp": "2026-02-24T04:57:59.164893+00:00", "level": "INFO", "action": "PLUGIN_EXECUTE", "details": "Executing: stub-test", "operator": "system", "plugin": "stub-test", "engagement_id": "TEST-001", "previous_hash": "7f78fd2607a567e1", "hash": "b1c537bc65b58aac"}
{"timestamp": "2026-02-24T04:57:59.164893+00:00", "level": "INFO", "action": "PLUGIN_COMPLETE", "details": "stub-test: success=True, findings=1, 0ms", "operator": "system", "plugin": "stub-test", "engagement_id": "TEST-001", "previous_hash": "b1c537bc65b58aac", "hash": "000e7838f5a2997e"}
{"timestamp": "2026-02-24T04:57:59.172883+00:00", "level": "INFO", "action": "ROE_VALIDATED", "details": "RoE TEST-001 validated successfully", "operator": "system", "plugin": "", "engagement_id": "TEST-001", "previous_hash": "000e7838f5a2997e", "hash": "13b1c182c997c6e8"}
{"timestamp": "2026-02-24T04:57:59.172883+00:00", "level": "INFO", "action": "ENGAGEMENT_LOADED", "details": "RoE validated, authorizer: Test Admin", "operator": "system", "plugin": "", "engagement_id": "TEST-001", "previous_hash": "13b1c182c997c6e8", "hash": "8b7e9d02931845fe"}
{"timestamp": "2026-02-24T04:57:59.172883+00:00", "level": "INFO", "action": "PLUGIN_EXECUTE", "details": "Executing: fail-test", "operator": "system", "plugin": "fail-test", "engagement_id": "TEST-001", "previous_hash": "8b7e9d02931845fe", "hash": "af9a7a620d7de695"}
{"timestamp": "2026-02-24T04:57:59.172883+00:00", "level": "INFO", "action": "PLUGIN_COMPLETE", "details": "fail-test: success=False, findings=0, 0ms", "operator": "system", "plugin": "fail-test", "engagement_id": "TEST-001", "previous_hash": "af9a7a620d7de695", "hash": "c6a9d5bcf5c13eaf"}
{"timestamp": "2026-02-24T04:57:59.179358+00:00", "level": "INFO", "action": "ROE_VALIDATED", "details": "RoE TEST-001 validated successfully", "operator": "system", "plugin": "", "engagement_id": "TEST-001", "previous_hash": "c6a9d5bcf5c13eaf", "hash": "c13c11d58dede1f8"}
{"timestamp": "2026-02-24T04:57:59.179358+00:00", "level": "INFO", "action": "ENGAGEMENT_LOADED", "details": "RoE validated, authorizer: Test Admin", "operator": "system", "plugin": "", "engagement_id": "TEST-001", "previous_hash": "c13c11d58dede1f8", "hash": "56f70c30657b4ad7"}
{"timestamp": "2026-02-24T04:57:59.179358+00:00", "level": "INFO", "action": "ENGAGEMENT_SHUTDOWN", "details": "", "operator": "system", "plugin": "", "engagement_id": "TEST-001", "previous_hash": "56f70c30657b4ad7", "hash": "d9bbf408ff238dbf"}
{"timestamp": "2026-02-24T04:57:59.179358+00:00", "level": "WARN", "action": "ACTIVATION_FAILED", "details": "No engagement loaded", "operator": "system", "plugin": "", "engagement_id": "", "previous_hash": "d9bbf408ff238dbf", "hash": "c5ee4f0c96a6dcba"}
{"timestamp": "2026-02-24T04:57:59.179358+00:00", "level": "INFO", "action": "ROE_VALIDATED", "details": "RoE TEST-001 validated successfully", "operator": "system", "plugin": "", "engagement_id": "TEST-001", "previous_hash": "c5ee4f0c96a6dcba", "hash": "7a9ca64164525a22"}
{"timestamp": "2026-02-24T04:57:59.179358+00:00", "level": "INFO", "action": "ENGAGEMENT_LOADED", "details": "RoE validated, authorizer: Test Admin", "operator": "system", "plugin": "", "engagement_id": "TEST-001", "previous_hash": "7a9ca64164525a22", "hash": "051bbc79398d0e3b"}
{"timestamp": "2026-02-24T04:57:59.195242+00:00", "level": "INFO", "action": "ASYNC_PLUGIN_EXECUTE", "details": "Async executing: active-test", "operator": "system", "plugin": "active-test", "engagement_id": "ASYNC-001", "previous_hash": "051bbc79398d0e3b", "hash": "d4100f960abebe85"}
{"timestamp": "2026-02-24T04:57:59.195242+00:00", "level": "INFO", "action": "ASYNC_PLUGIN_COMPLETE", "details": "active-test: success=True, findings=0, 0ms", "operator": "system", "plugin": "active-test", "engagement_id": "ASYNC-001", "previous_hash": "d4100f960abebe85", "hash": "e73f135041ef11d3"}
{"timestamp": "2026-02-24T04:57:59.215754+00:00", "level": "INFO", "action": "ASYNC_PLUGIN_EXECUTE", "details": "Async executing: destructive-test", "operator": "system", "plugin": "destructive-test", "engagement_id": "ASYNC-001", "previous_hash": "e73f135041ef11d3", "hash": "91627b801d8c2736"}
{"timestamp": "2026-02-24T04:57:59.216748+00:00", "level": "INFO", "action": "ASYNC_PLUGIN_COMPLETE", "details": "destructive-test: success=True, findings=0, 0ms", "operator": "system", "plugin": "destructive-test", "engagement_id": "ASYNC-001", "previous_hash": "91627b801d8c2736", "hash": "d34837060b22f529"}
{"timestamp": "2026-02-24T04:57:59.220734+00:00", "level": "INFO", "action": "ASYNC_PLUGIN_DRY_RUN", "details": "Async dry run: async-stub", "operator": "system", "plugin": "async-stub", "engagement_id": "ASYNC-001", "previous_hash": "d34837060b22f529", "hash": "d56850b9308d4619"}
{"timestamp": "2026-02-24T04:57:59.223725+00:00", "level": "INFO", "action": "ASYNC_PLUGIN_EXECUTE", "details": "Async executing: async-stub", "operator": "system", "plugin": "async-stub", "engagement_id": "ASYNC-001", "previous_hash": "d56850b9308d4619", "hash": "7061e2a2381aa635"}
{"timestamp": "2026-02-24T04:57:59.244628+00:00", "level": "INFO", "action": "ASYNC_PLUGIN_COMPLETE", "details": "async-stub: success=True, findings=0, 31ms", "operator": "system", "plugin": "async-stub", "engagement_id": "ASYNC-001", "previous_hash": "7061e2a2381aa635", "hash": "b325281e469c7958"}
{"timestamp": "2026-02-24T04:57:59.244628+00:00", "level": "INFO", "action": "ASYNC_PLUGIN_EXECUTE", "details": "Async executing: slow-test", "operator": "system", "plugin": "slow-test", "engagement_id": "ASYNC-001", "previous_hash": "b325281e469c7958", "hash": "a7af2ce33c5f3690"}
{"timestamp": "2026-02-24T04:58:00.247718+00:00", "level": "INFO", "action": "ASYNC_PLUGIN_EXECUTE", "details": "Async executing: active-test", "operator": "system", "plugin": "active-test", "engagement_id": "ASYNC-001", "previous_hash": "a7af2ce33c5f3690", "hash": "64f6e782cdd25d56"}
{"timestamp": "2026-02-24T04:58:00.247718+00:00", "level": "INFO", "action": "ASYNC_PLUGIN_COMPLETE", "details": "active-test: success=True, findings=0, 0ms", "operator": "system", "plugin": "active-test", "engagement_id": "ASYNC-001", "previous_hash": "64f6e782cdd25d56", "hash": "d962026f80f995e7"}
{"timestamp": "2026-02-24T04:58:00.279669+00:00", "level": "INFO", "action": "ROE_VALIDATED", "details": "RoE TEST-001 validated successfully", "operator": "system", "plugin": "", "engagement_id": "TEST-001", "previous_hash": "d962026f80f995e7", "hash": "02699c9c1b5bb935"}
{"timestamp": "2026-02-24T04:58:00.306864+00:00", "level": "WARN", "action": "POLICY_DENIED", "details": "test-plugin: RoE has not been validated", "operator": "system", "plugin": "", "engagement_id": "", "previous_hash": "02699c9c1b5bb935", "hash": "7b982fed2dd08a7a"}
{"timestamp": "2026-02-24T04:58:00.343069+00:00", "level": "INFO", "action": "ACTIVATION_CODE_SET", "details": "New activation code configured", "operator": "system", "plugin": "", "engagement_id": "", "previous_hash": "7b982fed2dd08a7a", "hash": "b6a4fc382e399c29"}
{"timestamp": "2026-02-24T05:10:41.225680+00:00", "level": "INFO", "action": "ACTIVATION_CODE_SET", "details": "New activation code configured", "operator": "system", "plugin": "", "engagement_id": "", "previous_hash": "b6a4fc382e399c29", "hash": "6b02702a9585b5b6"}
{"timestamp": "2026-02-24T05:10:41.303265+00:00", "level": "INFO", "action": "ACTIVATION_CODE_SET", "details": "New activation code configured", "operator": "system", "plugin": "", "engagement_id": "", "previous_hash": "6b02702a9585b5b6", "hash": "e06a8147405cab50"}
{"timestamp": "2026-02-24T05:10:41.351274+00:00", "level": "WARN", "action": "ACTIVATION_SET_FAILED", "details": "Code must contain letters, digits, and special characters", "operator": "system", "plugin": "", "engagement_id": "", "previous_hash": "e06a8147405cab50", "hash": "e1de7add1e0efaa4"}
{"timestamp": "2026-02-24T05:10:41.351274+00:00", "level": "WARN", "action": "ACTIVATION_SET_FAILED", "details": "Code must contain letters, digits, and special characters", "operator": "system", "plugin": "", "engagement_id": "", "previous_hash": "e1de7add1e0efaa4", "hash": "39de93c935e9d67a"}
{"timestamp": "2026-02-24T05:10:41.351274+00:00", "level": "WARN", "action": "ACTIVATION_SET_FAILED", "details": "Code must contain letters, digits, and special characters", "operator": "system", "plugin": "", "engagement_id": "", "previous_hash": "39de93c935e9d67a", "hash": "722d1fdffb51dc5a"}
{"timestamp": "2026-02-24T05:10:41.351274+00:00", "level": "WARN", "action": "ACTIVATION_SET_FAILED", "details": "Code too short \u2014 minimum 8 characters required", "operator": "system", "plugin": "", "engagement_id": "", "previous_hash": "722d1fdffb51dc5a", "hash": "f62e0b5114eeda1a"}
{"timestamp": "2026-02-24T05:10:41.400889+00:00", "level": "INFO", "action": "ACTIVATION_CODE_SET", "details": "New activation code configured", "operator": "system", "plugin": "", "engagement_id": "", "previous_hash": "f62e0b5114eeda1a", "hash": "7940018db716946c"}
{"timestamp": "2026-02-24T05:10:41.400889+00:00", "level": "INFO", "action": "ACTIVATION_CODE_CLEARED", "details": "Activation code removed", "operator": "system", "plugin": "", "engagement_id": "", "previous_hash": "7940018db716946c", "hash": "50b25d1274cb9aef"}
{"timestamp": "2026-02-24T05:10:41.431367+00:00", "level": "INFO", "action": "ACTIVATION_CODE_SET", "details": "New activation code configured", "operator": "system", "plugin": "", "engagement_id": "", "previous_hash": "50b25d1274cb9aef", "hash": "834a0d8e4d6ad75b"}
{"timestamp": "2026-02-24T05:10:41.477821+00:00", "level": "INFO", "action": "ACTIVATION_CODE_SET", "details": "New activation code configured", "operator": "system", "plugin": "", "engagement_id": "", "previous_hash": "834a0d8e4d6ad75b", "hash": "b17e0c8e78a9119c"}
{"timestamp": "2026-02-24T05:10:41.495729+00:00", "level": "INFO", "action": "ENGAGEMENT_INIT", "details": "Created engagement: ENG-001", "operator": "system", "plugin": "", "engagement_id": "", "previous_hash": "b17e0c8e78a9119c", "hash": "bed1566068f6dc60"}
{"timestamp": "2026-02-24T05:10:41.495729+00:00", "level": "INFO", "action": "ENGAGEMENT_INIT", "details": "Created engagement: TMPL", "operator": "system", "plugin": "", "engagement_id": "", "previous_hash": "bed1566068f6dc60", "hash": "1bf296540ee94d06"}
{"timestamp": "2026-02-24T05:16:45.213958+00:00", "level": "INFO", "action": "ROE_VALIDATED", "details": "RoE TEST-001 validated successfully", "operator": "system", "plugin": "", "engagement_id": "TEST-001", "previous_hash": "1bf296540ee94d06", "hash": "81517b3139574f9c"}
{"timestamp": "2026-02-24T05:16:45.214959+00:00", "level": "INFO", "action": "ENGAGEMENT_LOADED", "details": "RoE validated, authorizer: Test Admin", "operator": "system", "plugin": "", "engagement_id": "TEST-001", "previous_hash": "81517b3139574f9c", "hash": "c1ecd3e5d4e3f87b"}
{"timestamp": "2026-02-24T05:16:45.218201+00:00", "level": "ERROR", "action": "ENGAGEMENT_LOAD_FAILED", "details": "Missing required RoE fields: authorizer, authorized_targets, allowed_tests, start_time_utc, end_time_utc", "operator": "system", "plugin": "", "engagement_id": "", "previous_hash": "c1ecd3e5d4e3f87b", "hash": "c62eec6fa652ac8b"}
{"timestamp": "2026-02-24T05:16:45.227693+00:00", "level": "ERROR", "action": "ENGAGEMENT_LOAD_FAILED", "details": "RoE has expired (end_time: 2026-02-23T05:16:45+00:00)", "operator": "system", "plugin": "", "engagement_id": "", "previous_hash": "c62eec6fa652ac8b", "hash": "fa056bfb8ffa7790"}
{"timestamp": "2026-02-24T05:16:45.228694+00:00", "level": "ERROR", "action": "ENGAGEMENT_LOAD_FAILED", "details": "RoE file not found: \\nonexistent\\roe.yaml", "operator": "system", "plugin": "", "engagement_id": "", "previous_hash": "fa056bfb8ffa7790", "hash": "aff932212a73e507"}
{"timestamp": "2026-02-24T05:16:45.234454+00:00", "level": "INFO", "action": "ROE_VALIDATED", "details": "RoE TEST-001 validated successfully", "operator": "system", "plugin": "", "engagement_id": "TEST-001", "previous_hash": "aff932212a73e507", "hash": "c526f22be7eac769"}
{"timestamp": "2026-02-24T05:16:45.234454+00:00", "level": "INFO", "action": "ENGAGEMENT_LOADED", "details": "RoE validated, authorizer: Test Admin", "operator": "system", "plugin": "", "engagement_id": "TEST-001", "previous_hash": "c526f22be7eac769", "hash": "07101e36db5521d9"}
{"timestamp": "2026-02-24T05:16:45.234454+00:00", "level": "INFO", "action": "PLUGIN_DRY_RUN", "details": "Dry run: stub-test", "operator": "system", "plugin": "stub-test", "engagement_id": "TEST-001", "previous_hash": "07101e36db5521d9", "hash": "a88258e78f61ccb5"}
{"timestamp": "2026-02-24T05:16:45.241092+00:00", "level": "INFO", "action": "ROE_VALIDATED", "details": "RoE TEST-001 validated successfully", "operator": "system", "plugin": "", "engagement_id": "TEST-001", "previous_hash": "a88258e78f61ccb5", "hash": "bcc8fc3b7b92aab1"}
{"timestamp": "2026-02-24T05:16:45.241092+00:00", "level": "INFO", "action": "ENGAGEMENT_LOADED", "details": "RoE validated, authorizer: Test Admin", "operator": "system", "plugin": "", "engagement_id": "TEST-001", "previous_hash": "bcc8fc3b7b92aab1", "hash": "382f17a28d637556"}
{"timestamp": "2026-02-24T05:16:45.246353+00:00", "level": "INFO", "action": "ROE_VALIDATED", "details": "RoE TEST-001 validated successfully", "operator": "system", "plugin": "", "engagement_id": "TEST-001", "previous_hash": "382f17a28d637556", "hash": "bc6aae9a4ed46c4f"}
{"timestamp": "2026-02-24T05:16:45.247356+00:00", "level": "INFO", "action": "ENGAGEMENT_LOADED", "details": "RoE validated, authorizer: Test Admin", "operator": "system", "plugin": "", "engagement_id": "TEST-001", "previous_hash": "bc6aae9a4ed46c4f", "hash": "61cf5f4d377c9928"}
{"timestamp": "2026-02-24T05:16:45.247356+00:00", "level": "INFO", "action": "PLUGIN_EXECUTE", "details": "Executing: stub-test", "operator": "system", "plugin": "stub-test", "engagement_id": "TEST-001", "previous_hash": "61cf5f4d377c9928", "hash": "1b59793701985726"}
{"timestamp": "2026-02-24T05:16:45.247356+00:00", "level": "INFO", "action": "PLUGIN_COMPLETE", "details": "stub-test: success=True, findings=1, 0ms", "operator": "system", "plugin": "stub-test", "engagement_id": "TEST-001", "previous_hash": "1b59793701985726", "hash": "ef1656bffcc9f132"}
{"timestamp": "2026-02-24T05:16:45.251037+00:00", "level": "INFO", "action": "ROE_VALIDATED", "details": "RoE TEST-001 validated successfully", "operator": "system", "plugin": "", "engagement_id": "TEST-001", "previous_hash": "ef1656bffcc9f132", "hash": "8bce1912f552e867"}
{"timestamp": "2026-02-24T05:16:45.251037+00:00", "level": "INFO", "action": "ENGAGEMENT_LOADED", "details": "RoE validated, authorizer: Test Admin", "operator": "system", "plugin": "", "engagement_id": "TEST-001", "previous_hash": "8bce1912f552e867", "hash": "a63aebea9e2eda71"}
{"timestamp": "2026-02-24T05:16:45.251037+00:00", "level": "INFO", "action": "PLUGIN_EXECUTE", "details": "Executing: fail-test", "operator": "system", "plugin": "fail-test", "engagement_id": "TEST-001", "previous_hash": "a63aebea9e2eda71", "hash": "01616ea43040b59d"}
{"timestamp": "2026-02-24T05:16:45.251037+00:00", "level": "INFO", "action": "PLUGIN_COMPLETE", "details": "fail-test: success=False, findings=0, 0ms", "operator": "system", "plugin": "fail-test", "engagement_id": "TEST-001", "previous_hash": "01616ea43040b59d", "hash": "d49e21a54f52736e"}
{"timestamp": "2026-02-24T05:16:45.251037+00:00", "level": "INFO", "action": "ROE_VALIDATED", "details": "RoE TEST-001 validated successfully", "operator": "system", "plugin": "", "engagement_id": "TEST-001", "previous_hash": "d49e21a54f52736e", "hash": "4fcd06dd4eb81b28"}
{"timestamp": "2026-02-24T05:16:45.251037+00:00", "level": "INFO", "action": "ENGAGEMENT_LOADED", "details": "RoE validated, authorizer: Test Admin", "operator": "system", "plugin": "", "engagement_id": "TEST-001", "previous_hash": "4fcd06dd4eb81b28", "hash": "4356fde3b0a3fba4"}
{"timestamp": "2026-02-24T05:16:45.251037+00:00", "level": "INFO", "action": "ENGAGEMENT_SHUTDOWN", "details": "", "operator": "system", "plugin": "", "engagement_id": "TEST-001", "previous_hash": "4356fde3b0a3fba4", "hash": "3c2bbe5a1ed47391"}
{"timestamp": "2026-02-24T05:16:45.251037+00:00", "level": "WARN", "action": "ACTIVATION_FAILED", "details": "No engagement loaded", "operator": "system", "plugin": "", "engagement_id": "", "previous_hash": "3c2bbe5a1ed47391", "hash": "92c133ddef3d8c58"}
{"timestamp": "2026-02-24T05:16:45.264966+00:00", "level": "INFO", "action": "ROE_VALIDATED", "details": "RoE TEST-001 validated successfully", "operator": "system", "plugin": "", "engagement_id": "TEST-001", "previous_hash": "92c133ddef3d8c58", "hash": "9951cf16614a4c70"}
{"timestamp": "2026-02-24T05:16:45.264966+00:00", "level": "INFO", "action": "ENGAGEMENT_LOADED", "details": "RoE validated, authorizer: Test Admin", "operator": "system", "plugin": "", "engagement_id": "TEST-001", "previous_hash": "9951cf16614a4c70", "hash": "37c8e48a4e36cba8"}
{"timestamp": "2026-02-24T05:16:45.280673+00:00", "level": "INFO", "action": "ASYNC_PLUGIN_EXECUTE", "details": "Async executing: active-test", "operator": "system", "plugin": "active-test", "engagement_id": "ASYNC-001", "previous_hash": "37c8e48a4e36cba8", "hash": "baa2df3c60a4ebbb"}
{"timestamp": "2026-02-24T05:16:45.280673+00:00", "level": "INFO", "action": "ASYNC_PLUGIN_COMPLETE", "details": "active-test: success=True, findings=0, 0ms", "operator": "system", "plugin": "active-test", "engagement_id": "ASYNC-001", "previous_hash": "baa2df3c60a4ebbb", "hash": "41f072e2d673f7cc"}
{"timestamp": "2026-02-24T05:16:45.280673+00:00", "level": "INFO", "action": "ASYNC_PLUGIN_EXECUTE", "details": "Async executing: destructive-test", "operator": "system", "plugin": "destructive-test", "engagement_id": "ASYNC-001", "previous_hash": "41f072e2d673f7cc", "hash": "4175b7cb23989ae1"}
{"timestamp": "2026-02-24T05:16:45.280673+00:00", "level": "INFO", "action": "ASYNC_PLUGIN_COMPLETE", "details": "destructive-test: success=True, findings=0, 0ms", "operator": "system", "plugin": "destructive-test", "engagement_id": "ASYNC-001", "previous_hash": "4175b7cb23989ae1", "hash": "29d0078de0779adb"}
{"timestamp": "2026-02-24T05:16:45.290239+00:00", "level": "INFO", "action": "ASYNC_PLUGIN_DRY_RUN", "details": "Async dry run: async-stub", "operator": "system", "plugin": "async-stub", "engagement_id": "ASYNC-001", "previous_hash": "29d0078de0779adb", "hash": "14f30614a321ead7"}
{"timestamp": "2026-02-24T05:16:45.290239+00:00", "level": "INFO", "action": "ASYNC_PLUGIN_EXECUTE", "details": "Async executing: async-stub", "operator": "system", "plugin": "async-stub", "engagement_id": "ASYNC-001", "previous_hash": "14f30614a321ead7", "hash": "315db3034e1f5961"}
{"timestamp": "2026-02-24T05:16:45.310754+00:00", "level": "INFO", "action": "ASYNC_PLUGIN_COMPLETE", "details": "async-stub: success=True, findings=0, 15ms", "operator": "system", "plugin": "async-stub", "engagement_id": "ASYNC-001", "previous_hash": "315db3034e1f5961", "hash": "01399b752d09310e"}
{"timestamp": "2026-02-24T05:16:45.312979+00:00", "level": "INFO", "action": "ASYNC_PLUGIN_EXECUTE", "details": "Async executing: slow-test", "operator": "system", "plugin": "slow-test", "engagement_id": "ASYNC-001", "previous_hash": "01399b752d09310e", "hash": "6dcdffc9d7c11f51"}
{"timestamp": "2026-02-24T05:16:46.324914+00:00", "level": "INFO", "action": "ASYNC_PLUGIN_EXECUTE", "details": "Async executing: active-test", "operator": "system", "plugin": "active-test", "engagement_id": "ASYNC-001", "previous_hash": "6dcdffc9d7c11f51", "hash": "6287b4669b6aec2d"}
{"timestamp": "2026-02-24T05:16:46.324914+00:00", "level": "INFO", "action": "ASYNC_PLUGIN_COMPLETE", "details": "active-test: success=True, findings=0, 0ms", "operator": "system", "plugin": "active-test", "engagement_id": "ASYNC-001", "previous_hash": "6287b4669b6aec2d", "hash": "380f27002a3fa55e"}
{"timestamp": "2026-02-24T05:16:46.370232+00:00", "level": "INFO", "action": "ROE_VALIDATED", "details": "RoE TEST-001 validated successfully", "operator": "system", "plugin": "", "engagement_id": "TEST-001", "previous_hash": "380f27002a3fa55e", "hash": "974480148aa59a45"}
{"timestamp": "2026-02-24T05:16:46.382781+00:00", "level": "WARN", "action": "POLICY_DENIED", "details": "test-plugin: RoE has not been validated", "operator": "system", "plugin": "", "engagement_id": "", "previous_hash": "974480148aa59a45", "hash": "ca4a55b7ed69b1a3"}
{"timestamp": "2026-02-24T05:16:46.424120+00:00", "level": "INFO", "action": "ACTIVATION_CODE_SET", "details": "New activation code configured", "operator": "system", "plugin": "", "engagement_id": "", "previous_hash": "ca4a55b7ed69b1a3", "hash": "5671c6204e61201c"}
{"timestamp": "2026-02-24T05:38:43.058300+00:00", "level": "INFO", "action": "ACTIVATION_CODE_SET", "details": "New activation code configured", "operator": "system", "plugin": "", "engagement_id": "", "previous_hash": "5671c6204e61201c", "hash": "9b561752af425793"}
{"timestamp": "2026-02-24T05:38:43.177955+00:00", "level": "INFO", "action": "ACTIVATION_CODE_SET", "details": "New activation code configured", "operator": "system", "plugin": "", "engagement_id": "", "previous_hash": "9b561752af425793", "hash": "7122ba61bced0492"}
{"timestamp": "2026-02-24T05:38:43.230454+00:00", "level": "WARN", "action": "ACTIVATION_SET_FAILED", "details": "Code must contain letters, digits, and special characters", "operator": "system", "plugin": "", "engagement_id": "", "previous_hash": "7122ba61bced0492", "hash": "74d2d4d19dbaf062"}
{"timestamp": "2026-02-24T05:38:43.233366+00:00", "level": "WARN", "action": "ACTIVATION_SET_FAILED", "details": "Code must contain letters, digits, and special characters", "operator": "system", "plugin": "", "engagement_id": "", "previous_hash": "74d2d4d19dbaf062", "hash": "b523ed58d8dac22c"}
{"timestamp": "2026-02-24T05:38:43.236366+00:00", "level": "WARN", "action": "ACTIVATION_SET_FAILED", "details": "Code must contain letters, digits, and special characters", "operator": "system", "plugin": "", "engagement_id": "", "previous_hash": "b523ed58d8dac22c", "hash": "174355377a8d9846"}
{"timestamp": "2026-02-24T05:38:43.240366+00:00", "level": "WARN", "action": "ACTIVATION_SET_FAILED", "details": "Code too short \u2014 minimum 8 characters required", "operator": "system", "plugin": "", "engagement_id": "", "previous_hash": "174355377a8d9846", "hash": "68b19e4c60f9da0b"}
{"timestamp": "2026-02-24T05:38:43.288078+00:00", "level": "INFO", "action": "ACTIVATION_CODE_SET", "details": "New activation code configured", "operator": "system", "plugin": "", "engagement_id": "", "previous_hash": "68b19e4c60f9da0b", "hash": "3d4c6f546982a3e8"}
{"timestamp": "2026-02-24T05:38:43.288078+00:00", "level": "INFO", "action": "ACTIVATION_CODE_CLEARED", "details": "Activation code removed", "operator": "system", "plugin": "", "engagement_id": "", "previous_hash": "3d4c6f546982a3e8", "hash": "c347eaf5a21f3144"}
{"timestamp": "2026-02-24T05:38:43.337773+00:00", "level": "INFO", "action": "ACTIVATION_CODE_SET", "details": "New activation code configured", "operator": "system", "plugin": "", "engagement_id": "", "previous_hash": "c347eaf5a21f3144", "hash": "9869f97d39825f39"}
{"timestamp": "2026-02-24T05:38:43.386402+00:00", "level": "INFO", "action": "ACTIVATION_CODE_SET", "details": "New activation code configured", "operator": "system", "plugin": "", "engagement_id": "", "previous_hash": "9869f97d39825f39", "hash": "cbc56d0d5e09b4a7"}
{"timestamp": "2026-02-24T05:38:43.411240+00:00", "level": "INFO", "action": "ENGAGEMENT_INIT", "details": "Created engagement: ENG-001", "operator": "system", "plugin": "", "engagement_id": "", "previous_hash": "cbc56d0d5e09b4a7", "hash": "b8d0bf742e75e653"}
{"timestamp": "2026-02-24T05:38:43.429821+00:00", "level": "INFO", "action": "ENGAGEMENT_INIT", "details": "Created engagement: TMPL", "operator": "system", "plugin": "", "engagement_id": "", "previous_hash": "b8d0bf742e75e653", "hash": "366b90ceb8af6aee"}
{"timestamp": "2026-02-24T05:44:47.889735+00:00", "level": "INFO", "action": "ROE_VALIDATED", "details": "RoE TEST-001 validated successfully", "operator": "system", "plugin": "", "engagement_id": "TEST-001", "previous_hash": "366b90ceb8af6aee", "hash": "08a268c00b37a8d0"}
{"timestamp": "2026-02-24T05:44:47.893781+00:00", "level": "INFO", "action": "ENGAGEMENT_LOADED", "details": "RoE validated, authorizer: Test Admin", "operator": "system", "plugin": "", "engagement_id": "TEST-001", "previous_hash": "08a268c00b37a8d0", "hash": "06b9bcd89494be24"}
{"timestamp": "2026-02-24T05:44:47.895285+00:00", "level": "ERROR", "action": "ENGAGEMENT_LOAD_FAILED", "details": "Missing required RoE fields: authorizer, authorized_targets, allowed_tests, start_time_utc, end_time_utc", "operator": "system", "plugin": "", "engagement_id": "", "previous_hash": "06b9bcd89494be24", "hash": "7f26abc6690ea140"}
{"timestamp": "2026-02-24T05:44:47.902336+00:00", "level": "ERROR", "action": "ENGAGEMENT_LOAD_FAILED", "details": "RoE has expired (end_time: 2026-02-23T05:44:47+00:00)", "operator": "system", "plugin": "", "engagement_id": "", "previous_hash": "7f26abc6690ea140", "hash": "c8e6f1775df38a1d"}
{"timestamp": "2026-02-24T05:44:47.902336+00:00", "level": "ERROR", "action": "ENGAGEMENT_LOAD_FAILED", "details": "RoE file not found: \\nonexistent\\roe.yaml", "operator": "system", "plugin": "", "engagement_id": "", "previous_hash": "c8e6f1775df38a1d", "hash": "89db05a65329ee2d"}
{"timestamp": "2026-02-24T05:44:47.911220+00:00", "level": "INFO", "action": "ROE_VALIDATED", "details": "RoE TEST-001 validated successfully", "operator": "system", "plugin": "", "engagement_id": "TEST-001", "previous_hash": "89db05a65329ee2d", "hash": "817232d403f8e96c"}
{"timestamp": "2026-02-24T05:44:47.911220+00:00", "level": "INFO", "action": "ENGAGEMENT_LOADED", "details": "RoE validated, authorizer: Test Admin", "operator": "system", "plugin": "", "engagement_id": "TEST-001", "previous_hash": "817232d403f8e96c", "hash": "574ef93407ac97a2"}
{"timestamp": "2026-02-24T05:44:47.911220+00:00", "level": "INFO", "action": "PLUGIN_DRY_RUN", "details": "Dry run: stub-test", "operator": "system", "plugin": "stub-test", "engagement_id": "TEST-001", "previous_hash": "574ef93407ac97a2", "hash": "ef1e2ccf8c482aea"}
{"timestamp": "2026-02-24T05:44:47.911220+00:00", "level": "INFO", "action": "ROE_VALIDATED", "details": "RoE TEST-001 validated successfully", "operator": "system", "plugin": "", "engagement_id": "TEST-001", "previous_hash": "ef1e2ccf8c482aea", "hash": "a316a421be0d480a"}
{"timestamp": "2026-02-24T05:44:47.911220+00:00", "level": "INFO", "action": "ENGAGEMENT_LOADED", "details": "RoE validated, authorizer: Test Admin", "operator": "system", "plugin": "", "engagement_id": "TEST-001", "previous_hash": "a316a421be0d480a", "hash": "6ef164403318986c"}
{"timestamp": "2026-02-24T05:44:47.921961+00:00", "level": "INFO", "action": "ROE_VALIDATED", "details": "RoE TEST-001 validated successfully", "operator": "system", "plugin": "", "engagement_id": "TEST-001", "previous_hash": "6ef164403318986c", "hash": "07d8c3d18327d689"}
{"timestamp": "2026-02-24T05:44:47.921961+00:00", "level": "INFO", "action": "ENGAGEMENT_LOADED", "details": "RoE validated, authorizer: Test Admin", "operator": "system", "plugin": "", "engagement_id": "TEST-001", "previous_hash": "07d8c3d18327d689", "hash": "b1c9ace208033c0b"}
{"timestamp": "2026-02-24T05:44:47.921961+00:00", "level": "INFO", "action": "PLUGIN_EXECUTE", "details": "Executing: stub-test", "operator": "system", "plugin": "stub-test", "engagement_id": "TEST-001", "previous_hash": "b1c9ace208033c0b", "hash": "14aad22d287d80d7"}
{"timestamp": "2026-02-24T05:44:47.921961+00:00", "level": "INFO", "action": "PLUGIN_COMPLETE", "details": "stub-test: success=True, findings=1, 0ms", "operator": "system", "plugin": "stub-test", "engagement_id": "TEST-001", "previous_hash": "14aad22d287d80d7", "hash": "53f733f6ad38f0b7"}
{"timestamp": "2026-02-24T05:44:47.927626+00:00", "level": "INFO", "action": "ROE_VALIDATED", "details": "RoE TEST-001 validated successfully", "operator": "system", "plugin": "", "engagement_id": "TEST-001", "previous_hash": "53f733f6ad38f0b7", "hash": "30c277f3ef971c58"}
{"timestamp": "2026-02-24T05:44:47.927626+00:00", "level": "INFO", "action": "ENGAGEMENT_LOADED", "details": "RoE validated, authorizer: Test Admin", "operator": "system", "plugin": "", "engagement_id": "TEST-001", "previous_hash": "30c277f3ef971c58", "hash": "61c73b4193bd9824"}
{"timestamp": "2026-02-24T05:44:47.927626+00:00", "level": "INFO", "action": "PLUGIN_EXECUTE", "details": "Executing: fail-test", "operator": "system", "plugin": "fail-test", "engagement_id": "TEST-001", "previous_hash": "61c73b4193bd9824", "hash": "b849d3798f3d754d"}
{"timestamp": "2026-02-24T05:44:47.927626+00:00", "level": "INFO", "action": "PLUGIN_COMPLETE", "details": "fail-test: success=False, findings=0, 0ms", "operator": "system", "plugin": "fail-test", "engagement_id": "TEST-001", "previous_hash": "b849d3798f3d754d", "hash": "e2563516cf6e5d08"}
{"timestamp": "2026-02-24T05:44:47.932957+00:00", "level": "INFO", "action": "ROE_VALIDATED", "details": "RoE TEST-001 validated successfully", "operator": "system", "plugin": "", "engagement_id": "TEST-001", "previous_hash": "e2563516cf6e5d08", "hash": "22e4ffef4536b2b2"}
{"timestamp": "2026-02-24T05:44:47.932957+00:00", "level": "INFO", "action": "ENGAGEMENT_LOADED", "details": "RoE validated, authorizer: Test Admin", "operator": "system", "plugin": "", "engagement_id": "TEST-001", "previous_hash": "22e4ffef4536b2b2", "hash": "519cf8e25cd8ebc6"}
{"timestamp": "2026-02-24T05:44:47.932957+00:00", "level": "INFO", "action": "ENGAGEMENT_SHUTDOWN", "details": "", "operator": "system", "plugin": "", "engagement_id": "TEST-001", "previous_hash": "519cf8e25cd8ebc6", "hash": "5ecaf6da0c8b1fe6"}
{"timestamp": "2026-02-24T05:44:47.938898+00:00", "level": "WARN", "action": "ACTIVATION_FAILED", "details": "No engagement loaded", "operator": "system", "plugin": "", "engagement_id": "", "previous_hash": "5ecaf6da0c8b1fe6", "hash": "cd43eaa7dcf9762e"}
{"timestamp": "2026-02-24T05:44:47.945033+00:00", "level": "INFO", "action": "ROE_VALIDATED", "details": "RoE TEST-001 validated successfully", "operator": "system", "plugin": "", "engagement_id": "TEST-001", "previous_hash": "cd43eaa7dcf9762e", "hash": "179a1f5849c30abd"}
{"timestamp": "2026-02-24T05:44:47.946033+00:00", "level": "INFO", "action": "ENGAGEMENT_LOADED", "details": "RoE validated, authorizer: Test Admin", "operator": "system", "plugin": "", "engagement_id": "TEST-001", "previous_hash": "179a1f5849c30abd", "hash": "1c42542534a4f67f"}
{"timestamp": "2026-02-24T05:44:47.964796+00:00", "level": "INFO", "action": "ASYNC_PLUGIN_EXECUTE", "details": "Async executing: active-test", "operator": "system", "plugin": "active-test", "engagement_id": "ASYNC-001", "previous_hash": "1c42542534a4f67f", "hash": "eca9226b8d4f9e04"}
{"timestamp": "2026-02-24T05:44:47.964796+00:00", "level": "INFO", "action": "ASYNC_PLUGIN_COMPLETE", "details": "active-test: success=True, findings=0, 0ms", "operator": "system", "plugin": "active-test", "engagement_id": "ASYNC-001", "previous_hash": "eca9226b8d4f9e04", "hash": "5c5c7a24f3b12850"}
{"timestamp": "2026-02-24T05:44:47.968798+00:00", "level": "INFO", "action": "ASYNC_PLUGIN_EXECUTE", "details": "Async executing: destructive-test", "operator": "system", "plugin": "destructive-test", "engagement_id": "ASYNC-001", "previous_hash": "5c5c7a24f3b12850", "hash": "761c0d27676b4841"}
{"timestamp": "2026-02-24T05:44:47.968798+00:00", "level": "INFO", "action": "ASYNC_PLUGIN_COMPLETE", "details": "destructive-test: success=True, findings=0, 0ms", "operator": "system", "plugin": "destructive-test", "engagement_id": "ASYNC-001", "previous_hash": "761c0d27676b4841", "hash": "3636ff41f2a9efd2"}
{"timestamp": "2026-02-24T05:44:47.970796+00:00", "level": "INFO", "action": "ASYNC_PLUGIN_DRY_RUN", "details": "Async dry run: async-stub", "operator": "system", "plugin": "async-stub", "engagement_id": "ASYNC-001", "previous_hash": "3636ff41f2a9efd2", "hash": "a8f7bd6037cfdc4d"}
{"timestamp": "2026-02-24T05:44:47.972219+00:00", "level": "INFO", "action": "ASYNC_PLUGIN_EXECUTE", "details": "Async executing: async-stub", "operator": "system", "plugin": "async-stub", "engagement_id": "ASYNC-001", "previous_hash": "a8f7bd6037cfdc4d", "hash": "3669beabb15bb320"}
{"timestamp": "2026-02-24T05:44:47.987849+00:00", "level": "INFO", "action": "ASYNC_PLUGIN_COMPLETE", "details": "async-stub: success=True, findings=0, 16ms", "operator": "system", "plugin": "async-stub", "engagement_id": "ASYNC-001", "previous_hash": "3669beabb15bb320", "hash": "c42e7b38632985e3"}
{"timestamp": "2026-02-24T05:44:47.987849+00:00", "level": "INFO", "action": "ASYNC_PLUGIN_EXECUTE", "details": "Async executing: slow-test", "operator": "system", "plugin": "slow-test", "engagement_id": "ASYNC-001", "previous_hash": "c42e7b38632985e3", "hash": "025acde49e98f56b"}
{"timestamp": "2026-02-24T05:44:49.020555+00:00", "level": "INFO", "action": "ASYNC_PLUGIN_EXECUTE", "details": "Async executing: active-test", "operator": "system", "plugin": "active-test", "engagement_id": "ASYNC-001", "previous_hash": "025acde49e98f56b", "hash": "70059e205217702e"}
{"timestamp": "2026-02-24T05:44:49.020555+00:00", "level": "INFO", "action": "ASYNC_PLUGIN_COMPLETE", "details": "active-test: success=True, findings=0, 0ms", "operator": "system", "plugin": "active-test", "engagement_id": "ASYNC-001", "previous_hash": "70059e205217702e", "hash": "8c80cac8498320d0"}
{"timestamp": "2026-02-24T05:44:49.063960+00:00", "level": "INFO", "action": "ROE_VALIDATED", "details": "RoE TEST-001 validated successfully", "operator": "system", "plugin": "", "engagement_id": "TEST-001", "previous_hash": "8c80cac8498320d0", "hash": "4acfc3a2ad7622c2"}
{"timestamp": "2026-02-24T05:44:49.097405+00:00", "level": "WARN", "action": "POLICY_DENIED", "details": "test-plugin: RoE has not been validated", "operator": "system", "plugin": "", "engagement_id": "", "previous_hash": "4acfc3a2ad7622c2", "hash": "53f8ba64c1f056a2"}
{"timestamp": "2026-02-24T05:44:49.135399+00:00", "level": "INFO", "action": "ACTIVATION_CODE_SET", "details": "New activation code configured", "operator": "system", "plugin": "", "engagement_id": "", "previous_hash": "53f8ba64c1f056a2", "hash": "52f62966b7a6a6bf"}
{"timestamp": "2026-02-24T05:56:41.302227+00:00", "level": "INFO", "action": "ACTIVATION_CODE_SET", "details": "New activation code configured", "operator": "system", "plugin": "", "engagement_id": "", "previous_hash": "52f62966b7a6a6bf", "hash": "2c6afa3ccb6e5dd3"}
{"timestamp": "2026-02-24T05:56:41.378484+00:00", "level": "INFO", "action": "ACTIVATION_CODE_SET", "details": "New activation code configured", "operator": "system", "plugin": "", "engagement_id": "", "previous_hash": "2c6afa3ccb6e5dd3", "hash": "293563cab179b804"}
{"timestamp": "2026-02-24T05:56:41.416471+00:00", "level": "WARN", "action": "ACTIVATION_SET_FAILED", "details": "Code must contain letters, digits, and special characters", "operator": "system", "plugin": "", "engagement_id": "", "previous_hash": "293563cab179b804", "hash": "9e5372e7089a1314"}
{"timestamp": "2026-02-24T05:56:41.418471+00:00", "level": "WARN", "action": "ACTIVATION_SET_FAILED", "details": "Code must contain letters, digits, and special characters", "operator": "system", "plugin": "", "engagement_id": "", "previous_hash": "9e5372e7089a1314", "hash": "dd09f863b5022c67"}
{"timestamp": "2026-02-24T05:56:41.420471+00:00", "level": "WARN", "action": "ACTIVATION_SET_FAILED", "details": "Code must contain letters, digits, and special characters", "operator": "system", "plugin": "", "engagement_id": "", "previous_hash": "dd09f863b5022c67", "hash": "e1100c30a819ea7a"}
{"timestamp": "2026-02-24T05:56:41.423043+00:00", "level": "WARN", "action": "ACTIVATION_SET_FAILED", "details": "Code too short \u2014 minimum 8 characters required", "operator": "system", "plugin": "", "engagement_id": "", "previous_hash": "e1100c30a819ea7a", "hash": "c2a6ad6644cbddc8"}
{"timestamp": "2026-02-24T05:56:41.456699+00:00", "level": "INFO", "action": "ACTIVATION_CODE_SET", "details": "New activation code configured", "operator": "system", "plugin": "", "engagement_id": "", "previous_hash": "c2a6ad6644cbddc8", "hash": "968d6e8283a81c58"}
{"timestamp": "2026-02-24T05:56:41.457699+00:00", "level": "INFO", "action": "ACTIVATION_CODE_CLEARED", "details": "Activation code removed", "operator": "system", "plugin": "", "engagement_id": "", "previous_hash": "968d6e8283a81c58", "hash": "7252eaaaa08c976a"}
{"timestamp": "2026-02-24T05:56:41.492004+00:00", "level": "INFO", "action": "ACTIVATION_CODE_SET", "details": "New activation code configured", "operator": "system", "plugin": "", "engagement_id": "", "previous_hash": "7252eaaaa08c976a", "hash": "afadb06a22d41b05"}
{"timestamp": "2026-02-24T05:56:41.529483+00:00", "level": "INFO", "action": "ACTIVATION_CODE_SET", "details": "New activation code configured", "operator": "system", "plugin": "", "engagement_id": "", "previous_hash": "afadb06a22d41b05", "hash": "e99746289ef5e5f2"}
{"timestamp": "2026-02-24T05:56:41.556693+00:00", "level": "INFO", "action": "ENGAGEMENT_INIT", "details": "Created engagement: ENG-001", "operator": "system", "plugin": "", "engagement_id": "", "previous_hash": "e99746289ef5e5f2", "hash": "deff0501800d0f1b"}
{"timestamp": "2026-02-24T05:56:41.570535+00:00", "level": "INFO", "action": "ENGAGEMENT_INIT", "details": "Created engagement: TMPL", "operator": "system", "plugin": "", "engagement_id": "", "previous_hash": "deff0501800d0f1b", "hash": "3e2b324ead8db8d2"}
{"timestamp": "2026-02-24T06:02:47.483423+00:00", "level": "INFO", "action": "ROE_VALIDATED", "details": "RoE TEST-001 validated successfully", "operator": "system", "plugin": "", "engagement_id": "TEST-001", "previous_hash": "3e2b324ead8db8d2", "hash": "3e7913674b28a52c"}
{"timestamp": "2026-02-24T06:02:47.483423+00:00", "level": "INFO", "action": "ENGAGEMENT_LOADED", "details": "RoE validated, authorizer: Test Admin", "operator": "system", "plugin": "", "engagement_id": "TEST-001", "previous_hash": "3e7913674b28a52c", "hash": "58b03b043ad930c9"}
{"timestamp": "2026-02-24T06:02:47.488024+00:00", "level": "ERROR", "action": "ENGAGEMENT_LOAD_FAILED", "details": "Missing required RoE fields: authorizer, authorized_targets, allowed_tests, start_time_utc, end_time_utc", "operator": "system", "plugin": "", "engagement_id": "", "previous_hash": "58b03b043ad930c9", "hash": "8465542357d6dea2"}
{"timestamp": "2026-02-24T06:02:47.499679+00:00", "level": "ERROR", "action": "ENGAGEMENT_LOAD_FAILED", "details": "RoE has expired (end_time: 2026-02-23T06:02:47+00:00)", "operator": "system", "plugin": "", "engagement_id": "", "previous_hash": "8465542357d6dea2", "hash": "ddd857ac69b22c9a"}
{"timestamp": "2026-02-24T06:02:47.499679+00:00", "level": "ERROR", "action": "ENGAGEMENT_LOAD_FAILED", "details": "RoE file not found: \\nonexistent\\roe.yaml", "operator": "system", "plugin": "", "engagement_id": "", "previous_hash": "ddd857ac69b22c9a", "hash": "08737c7b3d4325e0"}
{"timestamp": "2026-02-24T06:02:47.506819+00:00", "level": "INFO", "action": "ROE_VALIDATED", "details": "RoE TEST-001 validated successfully", "operator": "system", "plugin": "", "engagement_id": "TEST-001", "previous_hash": "08737c7b3d4325e0", "hash": "11498a954c851b09"}
{"timestamp": "2026-02-24T06:02:47.506819+00:00", "level": "INFO", "action": "ENGAGEMENT_LOADED", "details": "RoE validated, authorizer: Test Admin", "operator": "system", "plugin": "", "engagement_id": "TEST-001", "previous_hash": "11498a954c851b09", "hash": "40d789a869879ef0"}
{"timestamp": "2026-02-24T06:02:47.507811+00:00", "level": "INFO", "action": "PLUGIN_DRY_RUN", "details": "Dry run: stub-test", "operator": "system", "plugin": "stub-test", "engagement_id": "TEST-001", "previous_hash": "40d789a869879ef0", "hash": "4defd5d3971bffbc"}
{"timestamp": "2026-02-24T06:02:47.523392+00:00", "level": "INFO", "action": "ROE_VALIDATED", "details": "RoE TEST-001 validated successfully", "operator": "system", "plugin": "", "engagement_id": "TEST-001", "previous_hash": "4defd5d3971bffbc", "hash": "2f0299b48912fd61"}
{"timestamp": "2026-02-24T06:02:47.523392+00:00", "level": "INFO", "action": "ENGAGEMENT_LOADED", "details": "RoE validated, authorizer: Test Admin", "operator": "system", "plugin": "", "engagement_id": "TEST-001", "previous_hash": "2f0299b48912fd61", "hash": "90a4b39af4e41ea3"}
{"timestamp": "2026-02-24T06:02:47.523392+00:00", "level": "INFO", "action": "ROE_VALIDATED", "details": "RoE TEST-001 validated successfully", "operator": "system", "plugin": "", "engagement_id": "TEST-001", "previous_hash": "90a4b39af4e41ea3", "hash": "61873934bf012ce4"}
{"timestamp": "2026-02-24T06:02:47.523392+00:00", "level": "INFO", "action": "ENGAGEMENT_LOADED", "details": "RoE validated, authorizer: Test Admin", "operator": "system", "plugin": "", "engagement_id": "TEST-001", "previous_hash": "61873934bf012ce4", "hash": "cd653ca0de8e81ea"}
{"timestamp": "2026-02-24T06:02:47.530100+00:00", "level": "INFO", "action": "PLUGIN_EXECUTE", "details": "Executing: stub-test", "operator": "system", "plugin": "stub-test", "engagement_id": "TEST-001", "previous_hash": "cd653ca0de8e81ea", "hash": "7408fa7d3e03851e"}
{"timestamp": "2026-02-24T06:02:47.530100+00:00", "level": "INFO", "action": "PLUGIN_COMPLETE", "details": "stub-test: success=True, findings=1, 0ms", "operator": "system", "plugin": "stub-test", "engagement_id": "TEST-001", "previous_hash": "7408fa7d3e03851e", "hash": "d1d8bfa620490ec3"}
{"timestamp": "2026-02-24T06:02:47.532104+00:00", "level": "INFO", "action": "ROE_VALIDATED", "details": "RoE TEST-001 validated successfully", "operator": "system", "plugin": "", "engagement_id": "TEST-001", "previous_hash": "d1d8bfa620490ec3", "hash": "ffd3e2ba8bc3a623"}
{"timestamp": "2026-02-24T06:02:47.532104+00:00", "level": "INFO", "action": "ENGAGEMENT_LOADED", "details": "RoE validated, authorizer: Test Admin", "operator": "system", "plugin": "", "engagement_id": "TEST-001", "previous_hash": "ffd3e2ba8bc3a623", "hash": "c153301c518425df"}
{"timestamp": "2026-02-24T06:02:47.532104+00:00", "level": "INFO", "action": "PLUGIN_EXECUTE", "details": "Executing: fail-test", "operator": "system", "plugin": "fail-test", "engagement_id": "TEST-001", "previous_hash": "c153301c518425df", "hash": "1c3a87648864f138"}
{"timestamp": "2026-02-24T06:02:47.532104+00:00", "level": "INFO", "action": "PLUGIN_COMPLETE", "details": "fail-test: success=False, findings=0, 0ms", "operator": "system", "plugin": "fail-test", "engagement_id": "TEST-001", "previous_hash": "1c3a87648864f138", "hash": "faae323ae68eeccc"}
{"timestamp": "2026-02-24T06:02:47.538625+00:00", "level": "INFO", "action": "ROE_VALIDATED", "details": "RoE TEST-001 validated successfully", "operator": "system", "plugin": "", "engagement_id": "TEST-001", "previous_hash": "faae323ae68eeccc", "hash": "7049f3cb8eecf01d"}
{"timestamp": "2026-02-24T06:02:47.538625+00:00", "level": "INFO", "action": "ENGAGEMENT_LOADED", "details": "RoE validated, authorizer: Test Admin", "operator": "system", "plugin": "", "engagement_id": "TEST-001", "previous_hash": "7049f3cb8eecf01d", "hash": "7ed4084b5036a18f"}
{"timestamp": "2026-02-24T06:02:47.538625+00:00", "level": "INFO", "action": "ENGAGEMENT_SHUTDOWN", "details": "", "operator": "system", "plugin": "", "engagement_id": "TEST-001", "previous_hash": "7ed4084b5036a18f", "hash": "5e3a5df6a2bf3389"}
{"timestamp": "2026-02-24T06:02:47.538625+00:00", "level": "WARN", "action": "ACTIVATION_FAILED", "details": "No engagement loaded", "operator": "system", "plugin": "", "engagement_id": "", "previous_hash": "5e3a5df6a2bf3389", "hash": "a9462a2bd9a978ed"}
{"timestamp": "2026-02-24T06:02:47.538625+00:00", "level": "INFO", "action": "ROE_VALIDATED", "details": "RoE TEST-001 validated successfully", "operator": "system", "plugin": "", "engagement_id": "TEST-001", "previous_hash": "a9462a2bd9a978ed", "hash": "2eb36583a021e53e"}
{"timestamp": "2026-02-24T06:02:47.538625+00:00", "level": "INFO", "action": "ENGAGEMENT_LOADED", "details": "RoE validated, authorizer: Test Admin", "operator": "system", "plugin": "", "engagement_id": "TEST-001", "previous_hash": "2eb36583a021e53e", "hash": "2e0dd4f87632bbdc"}
{"timestamp": "2026-02-24T06:02:47.564804+00:00", "level": "INFO", "action": "ASYNC_PLUGIN_EXECUTE", "details": "Async executing: active-test", "operator": "system", "plugin": "active-test", "engagement_id": "ASYNC-001", "previous_hash": "2e0dd4f87632bbdc", "hash": "de80f885de964a85"}
{"timestamp": "2026-02-24T06:02:47.569976+00:00", "level": "INFO", "action": "ASYNC_PLUGIN_COMPLETE", "details": "active-test: success=True, findings=0, 0ms", "operator": "system", "plugin": "active-test", "engagement_id": "ASYNC-001", "previous_hash": "de80f885de964a85", "hash": "35770dc79c724413"}
{"timestamp": "2026-02-24T06:02:47.573113+00:00", "level": "INFO", "action": "ASYNC_PLUGIN_EXECUTE", "details": "Async executing: destructive-test", "operator": "system", "plugin": "destructive-test", "engagement_id": "ASYNC-001", "previous_hash": "35770dc79c724413", "hash": "703633a8c7241bc2"}
{"timestamp": "2026-02-24T06:02:47.574113+00:00", "level": "INFO", "action": "ASYNC_PLUGIN_COMPLETE", "details": "destructive-test: success=True, findings=0, 0ms", "operator": "system", "plugin": "destructive-test", "engagement_id": "ASYNC-001", "previous_hash": "703633a8c7241bc2", "hash": "d3823a01e357cd69"}
{"timestamp": "2026-02-24T06:02:47.576112+00:00", "level": "INFO", "action": "ASYNC_PLUGIN_DRY_RUN", "details": "Async dry run: async-stub", "operator": "system", "plugin": "async-stub", "engagement_id": "ASYNC-001", "previous_hash": "d3823a01e357cd69", "hash": "65081fbb3d0f7417"}
{"timestamp": "2026-02-24T06:02:47.577112+00:00", "level": "INFO", "action": "ASYNC_PLUGIN_EXECUTE", "details": "Async executing: async-stub", "operator": "system", "plugin": "async-stub", "engagement_id": "ASYNC-001", "previous_hash": "65081fbb3d0f7417", "hash": "29884b3e96c4734f"}
{"timestamp": "2026-02-24T06:02:47.600372+00:00", "level": "INFO", "action": "ASYNC_PLUGIN_COMPLETE", "details": "async-stub: success=True, findings=0, 14ms", "operator": "system", "plugin": "async-stub", "engagement_id": "ASYNC-001", "previous_hash": "29884b3e96c4734f", "hash": "881d91bb149e61c6"}
{"timestamp": "2026-02-24T06:02:47.602374+00:00", "level": "INFO", "action": "ASYNC_PLUGIN_EXECUTE", "details": "Async executing: slow-test", "operator": "system", "plugin": "slow-test", "engagement_id": "ASYNC-001", "previous_hash": "881d91bb149e61c6", "hash": "7afcd4cab1e08313"}
{"timestamp": "2026-02-24T06:02:48.629862+00:00", "level": "INFO", "action": "ASYNC_PLUGIN_EXECUTE", "details": "Async executing: active-test", "operator": "system", "plugin": "active-test", "engagement_id": "ASYNC-001", "previous_hash": "7afcd4cab1e08313", "hash": "db79a3e4907eaf98"}
{"timestamp": "2026-02-24T06:02:48.630853+00:00", "level": "INFO", "action": "ASYNC_PLUGIN_COMPLETE", "details": "active-test: success=True, findings=0, 0ms", "operator": "system", "plugin": "active-test", "engagement_id": "ASYNC-001", "previous_hash": "db79a3e4907eaf98", "hash": "8dd10eb2ba4d8995"}
{"timestamp": "2026-02-24T06:02:48.674948+00:00", "level": "INFO", "action": "ROE_VALIDATED", "details": "RoE TEST-001 validated successfully", "operator": "system", "plugin": "", "engagement_id": "TEST-001", "previous_hash": "8dd10eb2ba4d8995", "hash": "1c7a33939433118e"}
{"timestamp": "2026-02-24T06:02:48.690984+00:00", "level": "WARN", "action": "POLICY_DENIED", "details": "test-plugin: RoE has not been validated", "operator": "system", "plugin": "", "engagement_id": "", "previous_hash": "1c7a33939433118e", "hash": "5853a1050f7a0385"}
{"timestamp": "2026-02-24T06:02:48.743123+00:00", "level": "INFO", "action": "ACTIVATION_CODE_SET", "details": "New activation code configured", "operator": "system", "plugin": "", "engagement_id": "", "previous_hash": "5853a1050f7a0385", "hash": "19fefdedbde5cec5"}
{"timestamp": "2026-02-24T06:12:50.054064+00:00", "level": "INFO", "action": "ACTIVATION_CODE_SET", "details": "New activation code configured", "operator": "system", "plugin": "", "engagement_id": "", "previous_hash": "19fefdedbde5cec5", "hash": "9990008b31419612"}
{"timestamp": "2026-02-24T06:12:50.135175+00:00", "level": "INFO", "action": "ACTIVATION_CODE_SET", "details": "New activation code configured", "operator": "system", "plugin": "", "engagement_id": "", "previous_hash": "9990008b31419612", "hash": "0139eb60ad7b03ed"}
{"timestamp": "2026-02-24T06:12:50.177920+00:00", "level": "WARN", "action": "ACTIVATION_SET_FAILED", "details": "Code must contain letters, digits, and special characters", "operator": "system", "plugin": "", "engagement_id": "", "previous_hash": "0139eb60ad7b03ed", "hash": "ee9c71fd3e72e52e"}
{"timestamp": "2026-02-24T06:12:50.180475+00:00", "level": "WARN", "action": "ACTIVATION_SET_FAILED", "details": "Code must contain letters, digits, and special characters", "operator": "system", "plugin": "", "engagement_id": "", "previous_hash": "ee9c71fd3e72e52e", "hash": "dd24bf387c97aeff"}
{"timestamp": "2026-02-24T06:12:50.182536+00:00", "level": "WARN", "action": "ACTIVATION_SET_FAILED", "details": "Code must contain letters, digits, and special characters", "operator": "system", "plugin": "", "engagement_id": "", "previous_hash": "dd24bf387c97aeff", "hash": "2e43dc36274a0b48"}
{"timestamp": "2026-02-24T06:12:50.185418+00:00", "level": "WARN", "action": "ACTIVATION_SET_FAILED", "details": "Code too short \u2014 minimum 8 characters required", "operator": "system", "plugin": "", "engagement_id": "", "previous_hash": "2e43dc36274a0b48", "hash": "77c06a200cb6e539"}
{"timestamp": "2026-02-24T06:12:50.214447+00:00", "level": "INFO", "action": "ACTIVATION_CODE_SET", "details": "New activation code configured", "operator": "system", "plugin": "", "engagement_id": "", "previous_hash": "77c06a200cb6e539", "hash": "883300ea5e7d29cf"}
{"timestamp": "2026-02-24T06:12:50.224047+00:00", "level": "INFO", "action": "ACTIVATION_CODE_CLEARED", "details": "Activation code removed", "operator": "system", "plugin": "", "engagement_id": "", "previous_hash": "883300ea5e7d29cf", "hash": "d3a6ce0a1d0e41a7"}
{"timestamp": "2026-02-24T06:12:50.259813+00:00", "level": "INFO", "action": "ACTIVATION_CODE_SET", "details": "New activation code configured", "operator": "system", "plugin": "", "engagement_id": "", "previous_hash": "d3a6ce0a1d0e41a7", "hash": "cc85a0a5accad26f"}
{"timestamp": "2026-02-24T06:12:50.295129+00:00", "level": "INFO", "action": "ACTIVATION_CODE_SET", "details": "New activation code configured", "operator": "system", "plugin": "", "engagement_id": "", "previous_hash": "cc85a0a5accad26f", "hash": "16076d25b5957bd3"}
{"timestamp": "2026-02-24T06:12:50.325167+00:00", "level": "INFO", "action": "ENGAGEMENT_INIT", "details": "Created engagement: ENG-001", "operator": "system", "plugin": "", "engagement_id": "", "previous_hash": "16076d25b5957bd3", "hash": "bc934448ffe1fe8a"}
{"timestamp": "2026-02-24T06:12:50.334881+00:00", "level": "INFO", "action": "ENGAGEMENT_INIT", "details": "Created engagement: TMPL", "operator": "system", "plugin": "", "engagement_id": "", "previous_hash": "bc934448ffe1fe8a", "hash": "fa4dc40d47790117"}
{"timestamp": "2026-02-24T06:18:56.399856+00:00", "level": "INFO", "action": "ROE_VALIDATED", "details": "RoE TEST-001 validated successfully", "operator": "system", "plugin": "", "engagement_id": "TEST-001", "previous_hash": "fa4dc40d47790117", "hash": "1a618394d64ea0e7"}
{"timestamp": "2026-02-24T06:18:56.399856+00:00", "level": "INFO", "action": "ENGAGEMENT_LOADED", "details": "RoE validated, authorizer: Test Admin", "operator": "system", "plugin": "", "engagement_id": "TEST-001", "previous_hash": "1a618394d64ea0e7", "hash": "798bc6d11ab0777f"}
{"timestamp": "2026-02-24T06:18:56.403952+00:00", "level": "ERROR", "action": "ENGAGEMENT_LOAD_FAILED", "details": "Missing required RoE fields: authorizer, authorized_targets, allowed_tests, start_time_utc, end_time_utc", "operator": "system", "plugin": "", "engagement_id": "", "previous_hash": "798bc6d11ab0777f", "hash": "2255965630d90420"}
{"timestamp": "2026-02-24T06:18:56.412674+00:00", "level": "ERROR", "action": "ENGAGEMENT_LOAD_FAILED", "details": "RoE has expired (end_time: 2026-02-23T06:18:56+00:00)", "operator": "system", "plugin": "", "engagement_id": "", "previous_hash": "2255965630d90420", "hash": "5569bc035b23e57f"}
{"timestamp": "2026-02-24T06:18:56.413668+00:00", "level": "ERROR", "action": "ENGAGEMENT_LOAD_FAILED", "details": "RoE file not found: \\nonexistent\\roe.yaml", "operator": "system", "plugin": "", "engagement_id": "", "previous_hash": "5569bc035b23e57f", "hash": "821637a67d1a88a9"}
{"timestamp": "2026-02-24T06:18:56.420585+00:00", "level": "INFO", "action": "ROE_VALIDATED", "details": "RoE TEST-001 validated successfully", "operator": "system", "plugin": "", "engagement_id": "TEST-001", "previous_hash": "821637a67d1a88a9", "hash": "b07313b1ee8244ac"}
{"timestamp": "2026-02-24T06:18:56.420585+00:00", "level": "INFO", "action": "ENGAGEMENT_LOADED", "details": "RoE validated, authorizer: Test Admin", "operator": "system", "plugin": "", "engagement_id": "TEST-001", "previous_hash": "b07313b1ee8244ac", "hash": "3a84b8009df7d45b"}
{"timestamp": "2026-02-24T06:18:56.420585+00:00", "level": "INFO", "action": "PLUGIN_DRY_RUN", "details": "Dry run: stub-test", "operator": "system", "plugin": "stub-test", "engagement_id": "TEST-001", "previous_hash": "3a84b8009df7d45b", "hash": "a53fa1d26ed1cae1"}
{"timestamp": "2026-02-24T06:18:56.431300+00:00", "level": "INFO", "action": "ROE_VALIDATED", "details": "RoE TEST-001 validated successfully", "operator": "system", "plugin": "", "engagement_id": "TEST-001", "previous_hash": "a53fa1d26ed1cae1", "hash": "5d6fe00735498d6c"}
{"timestamp": "2026-02-24T06:18:56.431300+00:00", "level": "INFO", "action": "ENGAGEMENT_LOADED", "details": "RoE validated, authorizer: Test Admin", "operator": "system", "plugin": "", "engagement_id": "TEST-001", "previous_hash": "5d6fe00735498d6c", "hash": "ca438d1588b94ea1"}
{"timestamp": "2026-02-24T06:18:56.446683+00:00", "level": "INFO", "action": "ROE_VALIDATED", "details": "RoE TEST-001 validated successfully", "operator": "system", "plugin": "", "engagement_id": "TEST-001", "previous_hash": "ca438d1588b94ea1", "hash": "cb43746e1ac527db"}
{"timestamp": "2026-02-24T06:18:56.447683+00:00", "level": "INFO", "action": "ENGAGEMENT_LOADED", "details": "RoE validated, authorizer: Test Admin", "operator": "system", "plugin": "", "engagement_id": "TEST-001", "previous_hash": "cb43746e1ac527db", "hash": "ac9f2ed2169e0945"}
{"timestamp": "2026-02-24T06:18:56.447683+00:00", "level": "INFO", "action": "PLUGIN_EXECUTE", "details": "Executing: stub-test", "operator": "system", "plugin": "stub-test", "engagement_id": "TEST-001", "previous_hash": "ac9f2ed2169e0945", "hash": "e1eb3479c7d4944d"}
{"timestamp": "2026-02-24T06:18:56.447683+00:00", "level": "INFO", "action": "PLUGIN_COMPLETE", "details": "stub-test: success=True, findings=1, 0ms", "operator": "system", "plugin": "stub-test", "engagement_id": "TEST-001", "previous_hash": "e1eb3479c7d4944d", "hash": "b9ca5588aa4b830b"}
{"timestamp": "2026-02-24T06:18:56.456784+00:00", "level": "INFO", "action": "ROE_VALIDATED", "details": "RoE TEST-001 validated successfully", "operator": "system", "plugin": "", "engagement_id": "TEST-001", "previous_hash": "b9ca5588aa4b830b", "hash": "5bcacd868ef10743"}
{"timestamp": "2026-02-24T06:18:56.458776+00:00", "level": "INFO", "action": "ENGAGEMENT_LOADED", "details": "RoE validated, authorizer: Test Admin", "operator": "system", "plugin": "", "engagement_id": "TEST-001", "previous_hash": "5bcacd868ef10743", "hash": "bb8cd662a908504a"}
{"timestamp": "2026-02-24T06:18:56.458776+00:00", "level": "INFO", "action": "PLUGIN_EXECUTE", "details": "Executing: fail-test", "operator": "system", "plugin": "fail-test", "engagement_id": "TEST-001", "previous_hash": "bb8cd662a908504a", "hash": "27b80aa0c6dbe2fd"}
{"timestamp": "2026-02-24T06:18:56.459776+00:00", "level": "INFO", "action": "PLUGIN_COMPLETE", "details": "fail-test: success=False, findings=0, 0ms", "operator": "system", "plugin": "fail-test", "engagement_id": "TEST-001", "previous_hash": "27b80aa0c6dbe2fd", "hash": "df4b5532b96b651c"}
{"timestamp": "2026-02-24T06:18:56.466628+00:00", "level": "INFO", "action": "ROE_VALIDATED", "details": "RoE TEST-001 validated successfully", "operator": "system", "plugin": "", "engagement_id": "TEST-001", "previous_hash": "df4b5532b96b651c", "hash": "5811b921a87088c2"}
{"timestamp": "2026-02-24T06:18:56.466628+00:00", "level": "INFO", "action": "ENGAGEMENT_LOADED", "details": "RoE validated, authorizer: Test Admin", "operator": "system", "plugin": "", "engagement_id": "TEST-001", "previous_hash": "5811b921a87088c2", "hash": "c56e2260fb817ba6"}
{"timestamp": "2026-02-24T06:18:56.466628+00:00", "level": "INFO", "action": "ENGAGEMENT_SHUTDOWN", "details": "", "operator": "system", "plugin": "", "engagement_id": "TEST-001", "previous_hash": "c56e2260fb817ba6", "hash": "32629db277881efb"}
{"timestamp": "2026-02-24T06:18:56.466628+00:00", "level": "WARN", "action": "ACTIVATION_FAILED", "details": "No engagement loaded", "operator": "system", "plugin": "", "engagement_id": "", "previous_hash": "32629db277881efb", "hash": "1a851844daf12b52"}
{"timestamp": "2026-02-24T06:18:56.472477+00:00", "level": "INFO", "action": "ROE_VALIDATED", "details": "RoE TEST-001 validated successfully", "operator": "system", "plugin": "", "engagement_id": "TEST-001", "previous_hash": "1a851844daf12b52", "hash": "c979434b28f915e0"}
{"timestamp": "2026-02-24T06:18:56.472477+00:00", "level": "INFO", "action": "ENGAGEMENT_LOADED", "details": "RoE validated, authorizer: Test Admin", "operator": "system", "plugin": "", "engagement_id": "TEST-001", "previous_hash": "c979434b28f915e0", "hash": "3d13b7497f2313b3"}
{"timestamp": "2026-02-24T06:18:56.503614+00:00", "level": "INFO", "action": "ASYNC_PLUGIN_EXECUTE", "details": "Async executing: active-test", "operator": "system", "plugin": "active-test", "engagement_id": "ASYNC-001", "previous_hash": "3d13b7497f2313b3", "hash": "8f8d2f751ebd3a26"}
{"timestamp": "2026-02-24T06:18:56.504395+00:00", "level": "INFO", "action": "ASYNC_PLUGIN_COMPLETE", "details": "active-test: success=True, findings=0, 0ms", "operator": "system", "plugin": "active-test", "engagement_id": "ASYNC-001", "previous_hash": "8f8d2f751ebd3a26", "hash": "d5c5a946447df9ac"}
{"timestamp": "2026-02-24T06:18:56.508244+00:00", "level": "INFO", "action": "ASYNC_PLUGIN_EXECUTE", "details": "Async executing: destructive-test", "operator": "system", "plugin": "destructive-test", "engagement_id": "ASYNC-001", "previous_hash": "d5c5a946447df9ac", "hash": "1ba76d8d327a7f29"}
{"timestamp": "2026-02-24T06:18:56.508244+00:00", "level": "INFO", "action": "ASYNC_PLUGIN_COMPLETE", "details": "destructive-test: success=True, findings=0, 0ms", "operator": "system", "plugin": "destructive-test", "engagement_id": "ASYNC-001", "previous_hash": "1ba76d8d327a7f29", "hash": "9cd4f2f10d194ba5"}
{"timestamp": "2026-02-24T06:18:56.510247+00:00", "level": "INFO", "action": "ASYNC_PLUGIN_DRY_RUN", "details": "Async dry run: async-stub", "operator": "system", "plugin": "async-stub", "engagement_id": "ASYNC-001", "previous_hash": "9cd4f2f10d194ba5", "hash": "3a21a5ebf4902fc4"}
{"timestamp": "2026-02-24T06:18:56.512247+00:00", "level": "INFO", "action": "ASYNC_PLUGIN_EXECUTE", "details": "Async executing: async-stub", "operator": "system", "plugin": "async-stub", "engagement_id": "ASYNC-001", "previous_hash": "3a21a5ebf4902fc4", "hash": "16170f4e1772f3b3"}
{"timestamp": "2026-02-24T06:18:56.529951+00:00", "level": "INFO", "action": "ASYNC_PLUGIN_COMPLETE", "details": "async-stub: success=True, findings=0, 16ms", "operator": "system", "plugin": "async-stub", "engagement_id": "ASYNC-001", "previous_hash": "16170f4e1772f3b3", "hash": "e0014a304043d438"}
{"timestamp": "2026-02-24T06:18:56.533962+00:00", "level": "INFO", "action": "ASYNC_PLUGIN_EXECUTE", "details": "Async executing: slow-test", "operator": "system", "plugin": "slow-test", "engagement_id": "ASYNC-001", "previous_hash": "e0014a304043d438", "hash": "b0f567861c1b445e"}
{"timestamp": "2026-02-24T06:18:57.553069+00:00", "level": "INFO", "action": "ASYNC_PLUGIN_EXECUTE", "details": "Async executing: active-test", "operator": "system", "plugin": "active-test", "engagement_id": "ASYNC-001", "previous_hash": "b0f567861c1b445e", "hash": "bd6be7203757c758"}
{"timestamp": "2026-02-24T06:18:57.553069+00:00", "level": "INFO", "action": "ASYNC_PLUGIN_COMPLETE", "details": "active-test: success=True, findings=0, 0ms", "operator": "system", "plugin": "active-test", "engagement_id": "ASYNC-001", "previous_hash": "bd6be7203757c758", "hash": "3f049676af8668fa"}
{"timestamp": "2026-02-24T06:18:57.597692+00:00", "level": "INFO", "action": "ROE_VALIDATED", "details": "RoE TEST-001 validated successfully", "operator": "system", "plugin": "", "engagement_id": "TEST-001", "previous_hash": "3f049676af8668fa", "hash": "2a321ff4ae51f7a0"}
{"timestamp": "2026-02-24T06:18:57.612877+00:00", "level": "WARN", "action": "POLICY_DENIED", "details": "test-plugin: RoE has not been validated", "operator": "system", "plugin": "", "engagement_id": "", "previous_hash": "2a321ff4ae51f7a0", "hash": "4e64633bd0b2dc9a"}
{"timestamp": "2026-02-24T06:18:57.654381+00:00", "level": "INFO", "action": "ACTIVATION_CODE_SET", "details": "New activation code configured", "operator": "system", "plugin": "", "engagement_id": "", "previous_hash": "4e64633bd0b2dc9a", "hash": "687ab15c783cb044"}
{"timestamp": "2026-02-24T06:23:05.150174+00:00", "level": "INFO", "action": "ACTIVATION_CODE_SET", "details": "New activation code configured", "operator": "system", "plugin": "", "engagement_id": "", "previous_hash": "687ab15c783cb044", "hash": "5efc6cf6560ab56f"}
{"timestamp": "2026-02-24T06:23:05.215256+00:00", "level": "INFO", "action": "ACTIVATION_CODE_SET", "details": "New activation code configured", "operator": "system", "plugin": "", "engagement_id": "", "previous_hash": "5efc6cf6560ab56f", "hash": "5dc3abe2dbc8efe9"}
{"timestamp": "2026-02-24T06:23:05.261042+00:00", "level": "WARN", "action": "ACTIVATION_SET_FAILED", "details": "Code must contain letters, digits, and special characters", "operator": "system", "plugin": "", "engagement_id": "", "previous_hash": "5dc3abe2dbc8efe9", "hash": "da7d498f23073362"}
{"timestamp": "2026-02-24T06:23:05.261042+00:00", "level": "WARN", "action": "ACTIVATION_SET_FAILED", "details": "Code must contain letters, digits, and special characters", "operator": "system", "plugin": "", "engagement_id": "", "previous_hash": "da7d498f23073362", "hash": "0a9f91dd7918925d"}
{"timestamp": "2026-02-24T06:23:05.261042+00:00", "level": "WARN", "action": "ACTIVATION_SET_FAILED", "details": "Code must contain letters, digits, and special characters", "operator": "system", "plugin": "", "engagement_id": "", "previous_hash": "0a9f91dd7918925d", "hash": "fc4bc47e3a3f2385"}
{"timestamp": "2026-02-24T06:23:05.261042+00:00", "level": "WARN", "action": "ACTIVATION_SET_FAILED", "details": "Code too short \u2014 minimum 8 characters required", "operator": "system", "plugin": "", "engagement_id": "", "previous_hash": "fc4bc47e3a3f2385", "hash": "2b0cff657807b6ab"}
{"timestamp": "2026-02-24T06:23:05.301105+00:00", "level": "INFO", "action": "ACTIVATION_CODE_SET", "details": "New activation code configured", "operator": "system", "plugin": "", "engagement_id": "", "previous_hash": "2b0cff657807b6ab", "hash": "8fa06299976c8159"}
{"timestamp": "2026-02-24T06:23:05.302105+00:00", "level": "INFO", "action": "ACTIVATION_CODE_CLEARED", "details": "Activation code removed", "operator": "system", "plugin": "", "engagement_id": "", "previous_hash": "8fa06299976c8159", "hash": "70a471d4763445ab"}
{"timestamp": "2026-02-24T06:23:05.337167+00:00", "level": "INFO", "action": "ACTIVATION_CODE_SET", "details": "New activation code configured", "operator": "system", "plugin": "", "engagement_id": "", "previous_hash": "70a471d4763445ab", "hash": "e517551a185c5dd7"}
{"timestamp": "2026-02-24T06:23:05.370443+00:00", "level": "INFO", "action": "ACTIVATION_CODE_SET", "details": "New activation code configured", "operator": "system", "plugin": "", "engagement_id": "", "previous_hash": "e517551a185c5dd7", "hash": "63965a7368fcdff3"}
{"timestamp": "2026-02-24T06:23:05.392031+00:00", "level": "INFO", "action": "ENGAGEMENT_INIT", "details": "Created engagement: ENG-001", "operator": "system", "plugin": "", "engagement_id": "", "previous_hash": "63965a7368fcdff3", "hash": "801e888f1d2deb69"}
{"timestamp": "2026-02-24T06:23:05.402053+00:00", "level": "INFO", "action": "ENGAGEMENT_INIT", "details": "Created engagement: TMPL", "operator": "system", "plugin": "", "engagement_id": "", "previous_hash": "801e888f1d2deb69", "hash": "4f938e914641a27b"}
{"timestamp": "2026-02-24T06:29:10.076385+00:00", "level": "INFO", "action": "ROE_VALIDATED", "details": "RoE TEST-001 validated successfully", "operator": "system", "plugin": "", "engagement_id": "TEST-001", "previous_hash": "4f938e914641a27b", "hash": "8ca20723cac231fc"}
{"timestamp": "2026-02-24T06:29:10.077400+00:00", "level": "INFO", "action": "ENGAGEMENT_LOADED", "details": "RoE validated, authorizer: Test Admin", "operator": "system", "plugin": "", "engagement_id": "TEST-001", "previous_hash": "8ca20723cac231fc", "hash": "0c913b85df47d412"}
{"timestamp": "2026-02-24T06:29:10.086234+00:00", "level": "ERROR", "action": "ENGAGEMENT_LOAD_FAILED", "details": "Missing required RoE fields: authorizer, authorized_targets, allowed_tests, start_time_utc, end_time_utc", "operator": "system", "plugin": "", "engagement_id": "", "previous_hash": "0c913b85df47d412", "hash": "637b966873e54147"}
{"timestamp": "2026-02-24T06:29:10.100270+00:00", "level": "ERROR", "action": "ENGAGEMENT_LOAD_FAILED", "details": "RoE has expired (end_time: 2026-02-23T06:29:10+00:00)", "operator": "system", "plugin": "", "engagement_id": "", "previous_hash": "637b966873e54147", "hash": "e76f1b737cb982d9"}
{"timestamp": "2026-02-24T06:29:10.103927+00:00", "level": "ERROR", "action": "ENGAGEMENT_LOAD_FAILED", "details": "RoE file not found: \\nonexistent\\roe.yaml", "operator": "system", "plugin": "", "engagement_id": "", "previous_hash": "e76f1b737cb982d9", "hash": "397a6b2fb13484bb"}
{"timestamp": "2026-02-24T06:29:10.111618+00:00", "level": "INFO", "action": "ROE_VALIDATED", "details": "RoE TEST-001 validated successfully", "operator": "system", "plugin": "", "engagement_id": "TEST-001", "previous_hash": "397a6b2fb13484bb", "hash": "49c8367dd7f53b10"}
{"timestamp": "2026-02-24T06:29:10.112128+00:00", "level": "INFO", "action": "ENGAGEMENT_LOADED", "details": "RoE validated, authorizer: Test Admin", "operator": "system", "plugin": "", "engagement_id": "TEST-001", "previous_hash": "49c8367dd7f53b10", "hash": "cbf0d29a89289f3d"}
{"timestamp": "2026-02-24T06:29:10.112636+00:00", "level": "INFO", "action": "PLUGIN_DRY_RUN", "details": "Dry run: stub-test", "operator": "system", "plugin": "stub-test", "engagement_id": "TEST-001", "previous_hash": "cbf0d29a89289f3d", "hash": "d2c2fd7cdbfd429b"}
{"timestamp": "2026-02-24T06:29:10.130272+00:00", "level": "INFO", "action": "ROE_VALIDATED", "details": "RoE TEST-001 validated successfully", "operator": "system", "plugin": "", "engagement_id": "TEST-001", "previous_hash": "d2c2fd7cdbfd429b", "hash": "ba882e2e02e62434"}
{"timestamp": "2026-02-24T06:29:10.130272+00:00", "level": "INFO", "action": "ENGAGEMENT_LOADED", "details": "RoE validated, authorizer: Test Admin", "operator": "system", "plugin": "", "engagement_id": "TEST-001", "previous_hash": "ba882e2e02e62434", "hash": "0bb9317c46e8d988"}
{"timestamp": "2026-02-24T06:29:10.139292+00:00", "level": "INFO", "action": "ROE_VALIDATED", "details": "RoE TEST-001 validated successfully", "operator": "system", "plugin": "", "engagement_id": "TEST-001", "previous_hash": "0bb9317c46e8d988", "hash": "611cb4c743c3c1c7"}
{"timestamp": "2026-02-24T06:29:10.140401+00:00", "level": "INFO", "action": "ENGAGEMENT_LOADED", "details": "RoE validated, authorizer: Test Admin", "operator": "system", "plugin": "", "engagement_id": "TEST-001", "previous_hash": "611cb4c743c3c1c7", "hash": "1c2d3c8b2be29683"}
{"timestamp": "2026-02-24T06:29:10.140401+00:00", "level": "INFO", "action": "PLUGIN_EXECUTE", "details": "Executing: stub-test", "operator": "system", "plugin": "stub-test", "engagement_id": "TEST-001", "previous_hash": "1c2d3c8b2be29683", "hash": "668690eb66d98ee6"}
{"timestamp": "2026-02-24T06:29:10.140401+00:00", "level": "INFO", "action": "PLUGIN_COMPLETE", "details": "stub-test: success=True, findings=1, 0ms", "operator": "system", "plugin": "stub-test", "engagement_id": "TEST-001", "previous_hash": "668690eb66d98ee6", "hash": "0137a0d3b7a05f43"}
{"timestamp": "2026-02-24T06:29:10.145025+00:00", "level": "INFO", "action": "ROE_VALIDATED", "details": "RoE TEST-001 validated successfully", "operator": "system", "plugin": "", "engagement_id": "TEST-001", "previous_hash": "0137a0d3b7a05f43", "hash": "43382a0025042d4c"}
{"timestamp": "2026-02-24T06:29:10.145025+00:00", "level": "INFO", "action": "ENGAGEMENT_LOADED", "details": "RoE validated, authorizer: Test Admin", "operator": "system", "plugin": "", "engagement_id": "TEST-001", "previous_hash": "43382a0025042d4c", "hash": "e9b3b5d41de3b803"}
{"timestamp": "2026-02-24T06:29:10.145025+00:00", "level": "INFO", "action": "PLUGIN_EXECUTE", "details": "Executing: fail-test", "operator": "system", "plugin": "fail-test", "engagement_id": "TEST-001", "previous_hash": "e9b3b5d41de3b803", "hash": "b1281d9b2c0a1319"}
{"timestamp": "2026-02-24T06:29:10.145025+00:00", "level": "INFO", "action": "PLUGIN_COMPLETE", "details": "fail-test: success=False, findings=0, 0ms", "operator": "system", "plugin": "fail-test", "engagement_id": "TEST-001", "previous_hash": "b1281d9b2c0a1319", "hash": "c0127f7b678c9cbf"}
{"timestamp": "2026-02-24T06:29:10.145025+00:00", "level": "INFO", "action": "ROE_VALIDATED", "details": "RoE TEST-001 validated successfully", "operator": "system", "plugin": "", "engagement_id": "TEST-001", "previous_hash": "c0127f7b678c9cbf", "hash": "e9b8b36fc46a9160"}
{"timestamp": "2026-02-24T06:29:10.145025+00:00", "level": "INFO", "action": "ENGAGEMENT_LOADED", "details": "RoE validated, authorizer: Test Admin", "operator": "system", "plugin": "", "engagement_id": "TEST-001", "previous_hash": "e9b8b36fc46a9160", "hash": "27fdfc2cf5685319"}
{"timestamp": "2026-02-24T06:29:10.145025+00:00", "level": "INFO", "action": "ENGAGEMENT_SHUTDOWN", "details": "", "operator": "system", "plugin": "", "engagement_id": "TEST-001", "previous_hash": "27fdfc2cf5685319", "hash": "d7923e5d289d6684"}
{"timestamp": "2026-02-24T06:29:10.160474+00:00", "level": "WARN", "action": "ACTIVATION_FAILED", "details": "No engagement loaded", "operator": "system", "plugin": "", "engagement_id": "", "previous_hash": "d7923e5d289d6684", "hash": "1b4486a79f476a92"}
{"timestamp": "2026-02-24T06:29:10.162490+00:00", "level": "INFO", "action": "ROE_VALIDATED", "details": "RoE TEST-001 validated successfully", "operator": "system", "plugin": "", "engagement_id": "TEST-001", "previous_hash": "1b4486a79f476a92", "hash": "68e683bf06beba90"}
{"timestamp": "2026-02-24T06:29:10.162490+00:00", "level": "INFO", "action": "ENGAGEMENT_LOADED", "details": "RoE validated, authorizer: Test Admin", "operator": "system", "plugin": "", "engagement_id": "TEST-001", "previous_hash": "68e683bf06beba90", "hash": "1a63414242d7405a"}
{"timestamp": "2026-02-24T06:29:10.197754+00:00", "level": "INFO", "action": "ASYNC_PLUGIN_EXECUTE", "details": "Async executing: active-test", "operator": "system", "plugin": "active-test", "engagement_id": "ASYNC-001", "previous_hash": "1a63414242d7405a", "hash": "7cbea5cf80018de2"}
{"timestamp": "2026-02-24T06:29:10.198754+00:00", "level": "INFO", "action": "ASYNC_PLUGIN_COMPLETE", "details": "active-test: success=True, findings=0, 0ms", "operator": "system", "plugin": "active-test", "engagement_id": "ASYNC-001", "previous_hash": "7cbea5cf80018de2", "hash": "9cbb79f771898784"}
{"timestamp": "2026-02-24T06:29:10.203946+00:00", "level": "INFO", "action": "ASYNC_PLUGIN_EXECUTE", "details": "Async executing: destructive-test", "operator": "system", "plugin": "destructive-test", "engagement_id": "ASYNC-001", "previous_hash": "9cbb79f771898784", "hash": "97ff2922a886abec"}
{"timestamp": "2026-02-24T06:29:10.204949+00:00", "level": "INFO", "action": "ASYNC_PLUGIN_COMPLETE", "details": "destructive-test: success=True, findings=0, 0ms", "operator": "system", "plugin": "destructive-test", "engagement_id": "ASYNC-001", "previous_hash": "97ff2922a886abec", "hash": "c1730beb76dc21a2"}
{"timestamp": "2026-02-24T06:29:10.206946+00:00", "level": "INFO", "action": "ASYNC_PLUGIN_DRY_RUN", "details": "Async dry run: async-stub", "operator": "system", "plugin": "async-stub", "engagement_id": "ASYNC-001", "previous_hash": "c1730beb76dc21a2", "hash": "e829ae5fd7cc43b8"}
{"timestamp": "2026-02-24T06:29:10.206946+00:00", "level": "INFO", "action": "ASYNC_PLUGIN_EXECUTE", "details": "Async executing: async-stub", "operator": "system", "plugin": "async-stub", "engagement_id": "ASYNC-001", "previous_hash": "e829ae5fd7cc43b8", "hash": "824edf6083d5edd1"}
{"timestamp": "2026-02-24T06:29:10.221855+00:00", "level": "INFO", "action": "ASYNC_PLUGIN_COMPLETE", "details": "async-stub: success=True, findings=0, 14ms", "operator": "system", "plugin": "async-stub", "engagement_id": "ASYNC-001", "previous_hash": "824edf6083d5edd1", "hash": "d10ebd67a3ce97e0"}
{"timestamp": "2026-02-24T06:29:10.225185+00:00", "level": "INFO", "action": "ASYNC_PLUGIN_EXECUTE", "details": "Async executing: slow-test", "operator": "system", "plugin": "slow-test", "engagement_id": "ASYNC-001", "previous_hash": "d10ebd67a3ce97e0", "hash": "0e92b7fc31a91f61"}
{"timestamp": "2026-02-24T06:29:11.229541+00:00", "level": "INFO", "action": "ASYNC_PLUGIN_EXECUTE", "details": "Async executing: active-test", "operator": "system", "plugin": "active-test", "engagement_id": "ASYNC-001", "previous_hash": "0e92b7fc31a91f61", "hash": "50925d9fb24774bc"}
{"timestamp": "2026-02-24T06:29:11.229541+00:00", "level": "INFO", "action": "ASYNC_PLUGIN_COMPLETE", "details": "active-test: success=True, findings=0, 0ms", "operator": "system", "plugin": "active-test", "engagement_id": "ASYNC-001", "previous_hash": "50925d9fb24774bc", "hash": "203ba52948fcf00b"}
{"timestamp": "2026-02-24T06:29:11.274197+00:00", "level": "INFO", "action": "ROE_VALIDATED", "details": "RoE TEST-001 validated successfully", "operator": "system", "plugin": "", "engagement_id": "TEST-001", "previous_hash": "203ba52948fcf00b", "hash": "0e950ee1bcc81c39"}
{"timestamp": "2026-02-24T06:29:11.292145+00:00", "level": "WARN", "action": "POLICY_DENIED", "details": "test-plugin: RoE has not been validated", "operator": "system", "plugin": "", "engagement_id": "", "previous_hash": "0e950ee1bcc81c39", "hash": "4727e7d728cb8e73"}
{"timestamp": "2026-02-24T06:29:11.328128+00:00", "level": "INFO", "action": "ACTIVATION_CODE_SET", "details": "New activation code configured", "operator": "system", "plugin": "", "engagement_id": "", "previous_hash": "4727e7d728cb8e73", "hash": "dcbf5ed928c25677"}
{"timestamp": "2026-02-24T07:06:08.847701+00:00", "level": "INFO", "action": "ENGAGEMENT_INIT", "details": "Created engagement: test-eng", "operator": "system", "plugin": "", "engagement_id": "", "previous_hash": "dcbf5ed928c25677", "hash": "ff46ddc6f4231596"}
{"timestamp": "2026-02-24T07:06:08.918575+00:00", "level": "ERROR", "action": "ENGAGEMENT_LOAD_FAILED", "details": "RoE must contain a 'signature' field", "operator": "system", "plugin": "", "engagement_id": "", "previous_hash": "ff46ddc6f4231596", "hash": "f26b24e0f1e45a9a"}
{"timestamp": "2026-02-24T07:07:20.742331+00:00", "level": "INFO", "action": "ENGAGEMENT_INIT", "details": "Created engagement: test-eng", "operator": "system", "plugin": "", "engagement_id": "", "previous_hash": "f26b24e0f1e45a9a", "hash": "c9d309fb352fee21"}
{"timestamp": "2026-02-24T07:07:20.807600+00:00", "level": "INFO", "action": "ROE_VALIDATED", "details": "RoE E1 validated successfully", "operator": "system", "plugin": "", "engagement_id": "E1", "previous_hash": "c9d309fb352fee21", "hash": "2ca30b546af01212"}
{"timestamp": "2026-02-24T07:07:20.807600+00:00", "level": "INFO", "action": "ENGAGEMENT_LOADED", "details": "RoE validated, authorizer: admin", "operator": "system", "plugin": "", "engagement_id": "E1", "previous_hash": "2ca30b546af01212", "hash": "ae702ba132adde06"}
{"timestamp": "2026-02-24T07:07:20.807600+00:00", "level": "INFO", "action": "PLUGIN_DRY_RUN", "details": "Dry run: passive-recon", "operator": "system", "plugin": "passive-recon", "engagement_id": "E1", "previous_hash": "ae702ba132adde06", "hash": "f9c8042611c212f2"}
{"timestamp": "2026-02-24T07:07:20.807600+00:00", "level": "INFO", "action": "ENGAGEMENT_SHUTDOWN", "details": "", "operator": "system", "plugin": "", "engagement_id": "E1", "previous_hash": "f9c8042611c212f2", "hash": "41744d8c2c7d8e3d"}
{"timestamp": "2026-02-24T07:07:20.821638+00:00", "level": "ERROR", "action": "ENGAGEMENT_LOAD_FAILED", "details": "Missing required RoE fields: engagement_id, authorizer, authorized_targets, allowed_tests, start_time_utc, end_time_utc", "operator": "system", "plugin": "", "engagement_id": "", "previous_hash": "41744d8c2c7d8e3d", "hash": "81728cfacef672ec"}
{"timestamp": "2026-02-24T07:07:20.828129+00:00", "level": "INFO", "action": "ROE_VALIDATED", "details": "RoE E1 validated successfully", "operator": "system", "plugin": "", "engagement_id": "E1", "previous_hash": "81728cfacef672ec", "hash": "be239640f1b5901a"}
{"timestamp": "2026-02-24T07:07:20.828129+00:00", "level": "INFO", "action": "ENGAGEMENT_LOADED", "details": "RoE validated, authorizer: admin", "operator": "system", "plugin": "", "engagement_id": "E1", "previous_hash": "be239640f1b5901a", "hash": "7bf48b501b8150b8"}
{"timestamp": "2026-02-24T07:07:20.828129+00:00", "level": "INFO", "action": "PLUGIN_DRY_RUN", "details": "Dry run: sast-scanner", "operator": "system", "plugin": "sast-scanner", "engagement_id": "E1", "previous_hash": "7bf48b501b8150b8", "hash": "b8428028c2c2b3f1"}
{"timestamp": "2026-02-24T07:07:20.837326+00:00", "level": "INFO", "action": "ENGAGEMENT_SHUTDOWN", "details": "", "operator": "system", "plugin": "", "engagement_id": "E1", "previous_hash": "b8428028c2c2b3f1", "hash": "b6f8a6e04a06577c"}
{"timestamp": "2026-02-24T07:07:20.837659+00:00", "level": "INFO", "action": "ROE_VALIDATED", "details": "RoE E1 validated successfully", "operator": "system", "plugin": "", "engagement_id": "E1", "previous_hash": "b6f8a6e04a06577c", "hash": "2fb79370d1e09c4d"}
{"timestamp": "2026-02-24T07:07:20.837659+00:00", "level": "INFO", "action": "ENGAGEMENT_LOADED", "details": "RoE validated, authorizer: admin", "operator": "system", "plugin": "", "engagement_id": "E1", "previous_hash": "2fb79370d1e09c4d", "hash": "6a4e1d69c29349fd"}
{"timestamp": "2026-02-24T07:07:20.847636+00:00", "level": "INFO", "action": "REPORT_GENERATED", "details": "Report for test_report_valid_dir0", "operator": "system", "plugin": "", "engagement_id": "", "previous_hash": "6a4e1d69c29349fd", "hash": "b33efe26f3678256"}
{"timestamp": "2026-02-24T07:07:20.847636+00:00", "level": "INFO", "action": "REPORT_GENERATED", "details": "Report for test_report_json_format0", "operator": "system", "plugin": "", "engagement_id": "", "previous_hash": "b33efe26f3678256", "hash": "5463056c0699ebfa"}
{"timestamp": "2026-02-24T07:07:20.868031+00:00", "level": "INFO", "action": "ROE_VALIDATED", "details": "RoE E1 validated successfully", "operator": "system", "plugin": "", "engagement_id": "E1", "previous_hash": "5463056c0699ebfa", "hash": "166e9e96c1157195"}
{"timestamp": "2026-02-24T07:07:20.868031+00:00", "level": "INFO", "action": "ENGAGEMENT_LOADED", "details": "RoE validated, authorizer: admin", "operator": "system", "plugin": "", "engagement_id": "E1", "previous_hash": "166e9e96c1157195", "hash": "8814187c244f6475"}
{"timestamp": "2026-02-24T07:07:20.869038+00:00", "level": "INFO", "action": "PLUGIN_DRY_RUN", "details": "Dry run: passive-recon", "operator": "system", "plugin": "passive-recon", "engagement_id": "E1", "previous_hash": "8814187c244f6475", "hash": "1437701554ea515e"}
{"timestamp": "2026-02-24T07:07:20.870038+00:00", "level": "INFO", "action": "ENGAGEMENT_SHUTDOWN", "details": "", "operator": "system", "plugin": "", "engagement_id": "E1", "previous_hash": "1437701554ea515e", "hash": "0b384ada28d12efc"}
{"timestamp": "2026-02-24T07:07:20.874247+00:00", "level": "INFO", "action": "ROE_VALIDATED", "details": "RoE E1 validated successfully", "operator": "system", "plugin": "", "engagement_id": "E1", "previous_hash": "0b384ada28d12efc", "hash": "ec2bef3e01bcb51a"}
{"timestamp": "2026-02-24T07:07:20.875251+00:00", "level": "INFO", "action": "ENGAGEMENT_LOADED", "details": "RoE validated, authorizer: admin", "operator": "system", "plugin": "", "engagement_id": "E1", "previous_hash": "ec2bef3e01bcb51a", "hash": "6dc0a76816ad959d"}
{"timestamp": "2026-02-24T07:07:20.875251+00:00", "level": "INFO", "action": "PLUGIN_DRY_RUN", "details": "Dry run: passive-recon", "operator": "system", "plugin": "passive-recon", "engagement_id": "E1", "previous_hash": "6dc0a76816ad959d", "hash": "005d23fb031ded70"}
{"timestamp": "2026-02-24T07:07:20.876251+00:00", "level": "INFO", "action": "ENGAGEMENT_SHUTDOWN", "details": "", "operator": "system", "plugin": "", "engagement_id": "E1", "previous_hash": "005d23fb031ded70", "hash": "05e57ca85287a1cb"}
{"timestamp": "2026-02-24T07:07:45.662647+00:00", "level": "INFO", "action": "ENGAGEMENT_INIT", "details": "Created engagement: test-eng", "operator": "system", "plugin": "", "engagement_id": "", "previous_hash": "05e57ca85287a1cb", "hash": "3f9fd12ed925344d"}
{"timestamp": "2026-02-24T07:07:45.721170+00:00", "level": "INFO", "action": "ROE_VALIDATED", "details": "RoE E1 validated successfully", "operator": "system", "plugin": "", "engagement_id": "E1", "previous_hash": "3f9fd12ed925344d", "hash": "db15497672f9539f"}
{"timestamp": "2026-02-24T07:07:45.721170+00:00", "level": "INFO", "action": "ENGAGEMENT_LOADED", "details": "RoE validated, authorizer: admin", "operator": "system", "plugin": "", "engagement_id": "E1", "previous_hash": "db15497672f9539f", "hash": "d77e5041c94d5ca5"}
{"timestamp": "2026-02-24T07:07:45.721170+00:00", "level": "INFO", "action": "PLUGIN_DRY_RUN", "details": "Dry run: passive-recon", "operator": "system", "plugin": "passive-recon", "engagement_id": "E1", "previous_hash": "d77e5041c94d5ca5", "hash": "48363906e214be9a"}
{"timestamp": "2026-02-24T07:07:45.721170+00:00", "level": "INFO", "action": "ENGAGEMENT_SHUTDOWN", "details": "", "operator": "system", "plugin": "", "engagement_id": "E1", "previous_hash": "48363906e214be9a", "hash": "7d141bfcd1bf28c0"}
{"timestamp": "2026-02-24T07:07:45.727298+00:00", "level": "ERROR", "action": "ENGAGEMENT_LOAD_FAILED", "details": "Missing required RoE fields: engagement_id, authorizer, authorized_targets, allowed_tests, start_time_utc, end_time_utc", "operator": "system", "plugin": "", "engagement_id": "", "previous_hash": "7d141bfcd1bf28c0", "hash": "6a695bc9fd138025"}
{"timestamp": "2026-02-24T07:07:45.731623+00:00", "level": "INFO", "action": "ROE_VALIDATED", "details": "RoE E1 validated successfully", "operator": "system", "plugin": "", "engagement_id": "E1", "previous_hash": "6a695bc9fd138025", "hash": "40c7863987f07730"}
{"timestamp": "2026-02-24T07:07:45.732623+00:00", "level": "INFO", "action": "ENGAGEMENT_LOADED", "details": "RoE validated, authorizer: admin", "operator": "system", "plugin": "", "engagement_id": "E1", "previous_hash": "40c7863987f07730", "hash": "229d7b4e3bfd1ed2"}
{"timestamp": "2026-02-24T07:07:45.732623+00:00", "level": "INFO", "action": "PLUGIN_DRY_RUN", "details": "Dry run: sast-scanner", "operator": "system", "plugin": "sast-scanner", "engagement_id": "E1", "previous_hash": "229d7b4e3bfd1ed2", "hash": "381e6d3f06970e3b"}
{"timestamp": "2026-02-24T07:07:45.733623+00:00", "level": "INFO", "action": "ENGAGEMENT_SHUTDOWN", "details": "", "operator": "system", "plugin": "", "engagement_id": "E1", "previous_hash": "381e6d3f06970e3b", "hash": "bc89e9baa19e12a9"}
{"timestamp": "2026-02-24T07:07:45.739681+00:00", "level": "INFO", "action": "ROE_VALIDATED", "details": "RoE E1 validated successfully", "operator": "system", "plugin": "", "engagement_id": "E1", "previous_hash": "bc89e9baa19e12a9", "hash": "6cb213591468c11a"}
{"timestamp": "2026-02-24T07:07:45.740681+00:00", "level": "INFO", "action": "ENGAGEMENT_LOADED", "details": "RoE validated, authorizer: admin", "operator": "system", "plugin": "", "engagement_id": "E1", "previous_hash": "6cb213591468c11a", "hash": "168b5eb17a7de6c7"}
{"timestamp": "2026-02-24T07:07:45.744681+00:00", "level": "INFO", "action": "REPORT_GENERATED", "details": "Report for test_report_valid_dir0", "operator": "system", "plugin": "", "engagement_id": "", "previous_hash": "168b5eb17a7de6c7", "hash": "2e46df0718195620"}
{"timestamp": "2026-02-24T07:07:45.749285+00:00", "level": "INFO", "action": "REPORT_GENERATED", "details": "Report for test_report_json_format0", "operator": "system", "plugin": "", "engagement_id": "", "previous_hash": "2e46df0718195620", "hash": "7eb05012d3fca7f2"}
{"timestamp": "2026-02-24T07:07:45.765518+00:00", "level": "INFO", "action": "ROE_VALIDATED", "details": "RoE E1 validated successfully", "operator": "system", "plugin": "", "engagement_id": "E1", "previous_hash": "7eb05012d3fca7f2", "hash": "f583d242d21156f1"}
{"timestamp": "2026-02-24T07:07:45.765518+00:00", "level": "INFO", "action": "ENGAGEMENT_LOADED", "details": "RoE validated, authorizer: admin", "operator": "system", "plugin": "", "engagement_id": "E1", "previous_hash": "f583d242d21156f1", "hash": "b0ad1d4eb5ed621d"}
{"timestamp": "2026-02-24T07:07:45.766431+00:00", "level": "INFO", "action": "PLUGIN_DRY_RUN", "details": "Dry run: passive-recon", "operator": "system", "plugin": "passive-recon", "engagement_id": "E1", "previous_hash": "b0ad1d4eb5ed621d", "hash": "d6ae8cbb6c1ce8d6"}
{"timestamp": "2026-02-24T07:07:45.766431+00:00", "level": "INFO", "action": "ENGAGEMENT_SHUTDOWN", "details": "", "operator": "system", "plugin": "", "engagement_id": "E1", "previous_hash": "d6ae8cbb6c1ce8d6", "hash": "8e0af22eec8240b8"}
{"timestamp": "2026-02-24T07:07:45.771831+00:00", "level": "INFO", "action": "ROE_VALIDATED", "details": "RoE E1 validated successfully", "operator": "system", "plugin": "", "engagement_id": "E1", "previous_hash": "8e0af22eec8240b8", "hash": "5c4b43d45a70fdb0"}
{"timestamp": "2026-02-24T07:07:45.771831+00:00", "level": "INFO", "action": "ENGAGEMENT_LOADED", "details": "RoE validated, authorizer: admin", "operator": "system", "plugin": "", "engagement_id": "E1", "previous_hash": "5c4b43d45a70fdb0", "hash": "e94110f974fbecb9"}
{"timestamp": "2026-02-24T07:07:45.771831+00:00", "level": "INFO", "action": "PLUGIN_DRY_RUN", "details": "Dry run: passive-recon", "operator": "system", "plugin": "passive-recon", "engagement_id": "E1", "previous_hash": "e94110f974fbecb9", "hash": "e24fc4e0e35560c5"}
{"timestamp": "2026-02-24T07:07:45.771831+00:00", "level": "INFO", "action": "ENGAGEMENT_SHUTDOWN", "details": "", "operator": "system", "plugin": "", "engagement_id": "E1", "previous_hash": "e24fc4e0e35560c5", "hash": "0db4e875c0fe44e5"}
{"timestamp": "2026-02-24T07:08:12.342244+00:00", "level": "INFO", "action": "ENGAGEMENT_INIT", "details": "Created engagement: test-eng", "operator": "system", "plugin": "", "engagement_id": "", "previous_hash": "0db4e875c0fe44e5", "hash": "11443459880ab1ce"}
{"timestamp": "2026-02-24T07:08:12.407794+00:00", "level": "INFO", "action": "ROE_VALIDATED", "details": "RoE E1 validated successfully", "operator": "system", "plugin": "", "engagement_id": "E1", "previous_hash": "11443459880ab1ce", "hash": "581b77f2dc141faf"}
{"timestamp": "2026-02-24T07:08:12.407794+00:00", "level": "INFO", "action": "ENGAGEMENT_LOADED", "details": "RoE validated, authorizer: admin", "operator": "system", "plugin": "", "engagement_id": "E1", "previous_hash": "581b77f2dc141faf", "hash": "f66b68b98f99ab9f"}
{"timestamp": "2026-02-24T07:08:12.407794+00:00", "level": "INFO", "action": "PLUGIN_DRY_RUN", "details": "Dry run: passive-recon", "operator": "system", "plugin": "passive-recon", "engagement_id": "E1", "previous_hash": "f66b68b98f99ab9f", "hash": "dc41ee65faf8625a"}
{"timestamp": "2026-02-24T07:08:12.407794+00:00", "level": "INFO", "action": "ENGAGEMENT_SHUTDOWN", "details": "", "operator": "system", "plugin": "", "engagement_id": "E1", "previous_hash": "dc41ee65faf8625a", "hash": "901cb745224d5e26"}
{"timestamp": "2026-02-24T07:08:12.407794+00:00", "level": "ERROR", "action": "ENGAGEMENT_LOAD_FAILED", "details": "Missing required RoE fields: engagement_id, authorizer, authorized_targets, allowed_tests, start_time_utc, end_time_utc", "operator": "system", "plugin": "", "engagement_id": "", "previous_hash": "901cb745224d5e26", "hash": "87daa7ab4f37ace9"}
{"timestamp": "2026-02-24T07:08:12.407794+00:00", "level": "INFO", "action": "ROE_VALIDATED", "details": "RoE E1 validated successfully", "operator": "system", "plugin": "", "engagement_id": "E1", "previous_hash": "87daa7ab4f37ace9", "hash": "3f70073556a15855"}
{"timestamp": "2026-02-24T07:08:12.407794+00:00", "level": "INFO", "action": "ENGAGEMENT_LOADED", "details": "RoE validated, authorizer: admin", "operator": "system", "plugin": "", "engagement_id": "E1", "previous_hash": "3f70073556a15855", "hash": "5e8fd49909bd29b2"}
{"timestamp": "2026-02-24T07:08:12.407794+00:00", "level": "INFO", "action": "PLUGIN_DRY_RUN", "details": "Dry run: sast-scanner", "operator": "system", "plugin": "sast-scanner", "engagement_id": "E1", "previous_hash": "5e8fd49909bd29b2", "hash": "ca3eca89c1131405"}
{"timestamp": "2026-02-24T07:08:12.407794+00:00", "level": "INFO", "action": "ENGAGEMENT_SHUTDOWN", "details": "", "operator": "system", "plugin": "", "engagement_id": "E1", "previous_hash": "ca3eca89c1131405", "hash": "d711fab633fd6302"}
{"timestamp": "2026-02-24T07:08:12.407794+00:00", "level": "INFO", "action": "ROE_VALIDATED", "details": "RoE E1 validated successfully", "operator": "system", "plugin": "", "engagement_id": "E1", "previous_hash": "d711fab633fd6302", "hash": "0fa39ba323e8b2c3"}
{"timestamp": "2026-02-24T07:08:12.407794+00:00", "level": "INFO", "action": "ENGAGEMENT_LOADED", "details": "RoE validated, authorizer: admin", "operator": "system", "plugin": "", "engagement_id": "E1", "previous_hash": "0fa39ba323e8b2c3", "hash": "7d876a09cbc5f8b2"}
{"timestamp": "2026-02-24T07:08:12.423539+00:00", "level": "INFO", "action": "REPORT_GENERATED", "details": "Report for test_report_valid_dir0", "operator": "system", "plugin": "", "engagement_id": "", "previous_hash": "7d876a09cbc5f8b2", "hash": "3fd1ab13f9f1fa4a"}
{"timestamp": "2026-02-24T07:08:12.430509+00:00", "level": "INFO", "action": "REPORT_GENERATED", "details": "Report for test_report_json_format0", "operator": "system", "plugin": "", "engagement_id": "", "previous_hash": "3fd1ab13f9f1fa4a", "hash": "21d3cfa840fc1390"}
{"timestamp": "2026-02-24T07:08:12.447603+00:00", "level": "INFO", "action": "ROE_VALIDATED", "details": "RoE E1 validated successfully", "operator": "system", "plugin": "", "engagement_id": "E1", "previous_hash": "21d3cfa840fc1390", "hash": "3c9dab00a4c2c804"}
{"timestamp": "2026-02-24T07:08:12.447603+00:00", "level": "INFO", "action": "ENGAGEMENT_LOADED", "details": "RoE validated, authorizer: admin", "operator": "system", "plugin": "", "engagement_id": "E1", "previous_hash": "3c9dab00a4c2c804", "hash": "532e1135f372c0a9"}
{"timestamp": "2026-02-24T07:08:12.448246+00:00", "level": "INFO", "action": "PLUGIN_DRY_RUN", "details": "Dry run: passive-recon", "operator": "system", "plugin": "passive-recon", "engagement_id": "E1", "previous_hash": "532e1135f372c0a9", "hash": "64e58a49cd2e23eb"}
{"timestamp": "2026-02-24T07:08:12.448246+00:00", "level": "INFO", "action": "ENGAGEMENT_SHUTDOWN", "details": "", "operator": "system", "plugin": "", "engagement_id": "E1", "previous_hash": "64e58a49cd2e23eb", "hash": "ec2dc3702526fd27"}
{"timestamp": "2026-02-24T07:08:12.448246+00:00", "level": "INFO", "action": "ROE_VALIDATED", "details": "RoE E1 validated successfully", "operator": "system", "plugin": "", "engagement_id": "E1", "previous_hash": "ec2dc3702526fd27", "hash": "04fa9f5405a8de45"}
{"timestamp": "2026-02-24T07:08:12.448246+00:00", "level": "INFO", "action": "ENGAGEMENT_LOADED", "details": "RoE validated, authorizer: admin", "operator": "system", "plugin": "", "engagement_id": "E1", "previous_hash": "04fa9f5405a8de45", "hash": "d7103ac3b9765471"}
{"timestamp": "2026-02-24T07:08:12.448246+00:00", "level": "INFO", "action": "PLUGIN_DRY_RUN", "details": "Dry run: passive-recon", "operator": "system", "plugin": "passive-recon", "engagement_id": "E1", "previous_hash": "d7103ac3b9765471", "hash": "c9f074cd606cd257"}
{"timestamp": "2026-02-24T07:08:12.448246+00:00", "level": "INFO", "action": "ENGAGEMENT_SHUTDOWN", "details": "", "operator": "system", "plugin": "", "engagement_id": "E1", "previous_hash": "c9f074cd606cd257", "hash": "f722c345d593c85c"}
{"timestamp": "2026-02-24T07:08:28.463056+00:00", "level": "INFO", "action": "ENGAGEMENT_INIT", "details": "Created engagement: test-eng", "operator": "system", "plugin": "", "engagement_id": "", "previous_hash": "f722c345d593c85c", "hash": "a7ff4ecee7f35841"}
{"timestamp": "2026-02-24T07:08:28.527699+00:00", "level": "INFO", "action": "ROE_VALIDATED", "details": "RoE E1 validated successfully", "operator": "system", "plugin": "", "engagement_id": "E1", "previous_hash": "a7ff4ecee7f35841", "hash": "b607c59f81d9d7fc"}
{"timestamp": "2026-02-24T07:08:28.527699+00:00", "level": "INFO", "action": "ENGAGEMENT_LOADED", "details": "RoE validated, authorizer: admin", "operator": "system", "plugin": "", "engagement_id": "E1", "previous_hash": "b607c59f81d9d7fc", "hash": "8269d69f12f72d5a"}
{"timestamp": "2026-02-24T07:08:28.527699+00:00", "level": "INFO", "action": "PLUGIN_DRY_RUN", "details": "Dry run: passive-recon", "operator": "system", "plugin": "passive-recon", "engagement_id": "E1", "previous_hash": "8269d69f12f72d5a", "hash": "da5b47774086491f"}
{"timestamp": "2026-02-24T07:08:28.531513+00:00", "level": "INFO", "action": "ENGAGEMENT_SHUTDOWN", "details": "", "operator": "system", "plugin": "", "engagement_id": "E1", "previous_hash": "da5b47774086491f", "hash": "fd3851a81da08169"}
{"timestamp": "2026-02-24T07:08:28.535407+00:00", "level": "ERROR", "action": "ENGAGEMENT_LOAD_FAILED", "details": "Missing required RoE fields: engagement_id, authorizer, authorized_targets, allowed_tests, start_time_utc, end_time_utc", "operator": "system", "plugin": "", "engagement_id": "", "previous_hash": "fd3851a81da08169", "hash": "3d6c20c922e18480"}
{"timestamp": "2026-02-24T07:08:28.535407+00:00", "level": "INFO", "action": "ROE_VALIDATED", "details": "RoE E1 validated successfully", "operator": "system", "plugin": "", "engagement_id": "E1", "previous_hash": "3d6c20c922e18480", "hash": "1616b0b9798b59ae"}
{"timestamp": "2026-02-24T07:08:28.535407+00:00", "level": "INFO", "action": "ENGAGEMENT_LOADED", "details": "RoE validated, authorizer: admin", "operator": "system", "plugin": "", "engagement_id": "E1", "previous_hash": "1616b0b9798b59ae", "hash": "45f14f577f89e668"}
{"timestamp": "2026-02-24T07:08:28.535407+00:00", "level": "INFO", "action": "PLUGIN_DRY_RUN", "details": "Dry run: sast-scanner", "operator": "system", "plugin": "sast-scanner", "engagement_id": "E1", "previous_hash": "45f14f577f89e668", "hash": "4e63ee5ae1245caa"}
{"timestamp": "2026-02-24T07:08:28.535407+00:00", "level": "INFO", "action": "ENGAGEMENT_SHUTDOWN", "details": "", "operator": "system", "plugin": "", "engagement_id": "E1", "previous_hash": "4e63ee5ae1245caa", "hash": "2b1cf171d6f721dc"}
{"timestamp": "2026-02-24T07:08:28.547471+00:00", "level": "INFO", "action": "ROE_VALIDATED", "details": "RoE E1 validated successfully", "operator": "system", "plugin": "", "engagement_id": "E1", "previous_hash": "2b1cf171d6f721dc", "hash": "77ade22985577475"}
{"timestamp": "2026-02-24T07:08:28.547471+00:00", "level": "INFO", "action": "ENGAGEMENT_LOADED", "details": "RoE validated, authorizer: admin", "operator": "system", "plugin": "", "engagement_id": "E1", "previous_hash": "77ade22985577475", "hash": "77e83509a47881fd"}
{"timestamp": "2026-02-24T07:08:28.553410+00:00", "level": "INFO", "action": "REPORT_GENERATED", "details": "Report for test_report_valid_dir0", "operator": "system", "plugin": "", "engagement_id": "", "previous_hash": "77e83509a47881fd", "hash": "dc7a1e3ff76a922a"}
{"timestamp": "2026-02-24T07:08:28.557604+00:00", "level": "INFO", "action": "REPORT_GENERATED", "details": "Report for test_report_json_format0", "operator": "system", "plugin": "", "engagement_id": "", "previous_hash": "dc7a1e3ff76a922a", "hash": "905ca28cb4cfa8ba"}
{"timestamp": "2026-02-24T07:08:28.571377+00:00", "level": "INFO", "action": "ROE_VALIDATED", "details": "RoE E1 validated successfully", "operator": "system", "plugin": "", "engagement_id": "E1", "previous_hash": "905ca28cb4cfa8ba", "hash": "2768683fd9853393"}
{"timestamp": "2026-02-24T07:08:28.571377+00:00", "level": "INFO", "action": "ENGAGEMENT_LOADED", "details": "RoE validated, authorizer: admin", "operator": "system", "plugin": "", "engagement_id": "E1", "previous_hash": "2768683fd9853393", "hash": "1410adfbdaf6c86c"}
{"timestamp": "2026-02-24T07:08:28.571377+00:00", "level": "INFO", "action": "PLUGIN_DRY_RUN", "details": "Dry run: passive-recon", "operator": "system", "plugin": "passive-recon", "engagement_id": "E1", "previous_hash": "1410adfbdaf6c86c", "hash": "c3af2aee73d4b970"}
{"timestamp": "2026-02-24T07:08:28.571377+00:00", "level": "INFO", "action": "ENGAGEMENT_SHUTDOWN", "details": "", "operator": "system", "plugin": "", "engagement_id": "E1", "previous_hash": "c3af2aee73d4b970", "hash": "5f55354d59311395"}
{"timestamp": "2026-02-24T07:08:28.579071+00:00", "level": "INFO", "action": "ROE_VALIDATED", "details": "RoE E1 validated successfully", "operator": "system", "plugin": "", "engagement_id": "E1", "previous_hash": "5f55354d59311395", "hash": "2d8dda724348a21e"}
{"timestamp": "2026-02-24T07:08:28.579071+00:00", "level": "INFO", "action": "ENGAGEMENT_LOADED", "details": "RoE validated, authorizer: admin", "operator": "system", "plugin": "", "engagement_id": "E1", "previous_hash": "2d8dda724348a21e", "hash": "ad5eb9e9236f9674"}
{"timestamp": "2026-02-24T07:08:28.579071+00:00", "level": "INFO", "action": "PLUGIN_DRY_RUN", "details": "Dry run: passive-recon", "operator": "system", "plugin": "passive-recon", "engagement_id": "E1", "previous_hash": "ad5eb9e9236f9674", "hash": "f6df68e1156a5ff9"}
{"timestamp": "2026-02-24T07:08:28.579071+00:00", "level": "INFO", "action": "ENGAGEMENT_SHUTDOWN", "details": "", "operator": "system", "plugin": "", "engagement_id": "E1", "previous_hash": "f6df68e1156a5ff9", "hash": "5a2c3afd01fabf39"}
{"timestamp": "2026-02-24T07:08:39.771834+00:00", "level": "INFO", "action": "ENGAGEMENT_INIT", "details": "Created engagement: test-eng", "operator": "system", "plugin": "", "engagement_id": "", "previous_hash": "5a2c3afd01fabf39", "hash": "d3ae9168ecf2c0a7"}
{"timestamp": "2026-02-24T07:08:39.837406+00:00", "level": "INFO", "action": "ROE_VALIDATED", "details": "RoE E1 validated successfully", "operator": "system", "plugin": "", "engagement_id": "E1", "previous_hash": "d3ae9168ecf2c0a7", "hash": "56833e69605b2e40"}
{"timestamp": "2026-02-24T07:08:39.837406+00:00", "level": "INFO", "action": "ENGAGEMENT_LOADED", "details": "RoE validated, authorizer: admin", "operator": "system", "plugin": "", "engagement_id": "E1", "previous_hash": "56833e69605b2e40", "hash": "1ed1aaa49de7240f"}
{"timestamp": "2026-02-24T07:08:39.838302+00:00", "level": "INFO", "action": "PLUGIN_DRY_RUN", "details": "Dry run: passive-recon", "operator": "system", "plugin": "passive-recon", "engagement_id": "E1", "previous_hash": "1ed1aaa49de7240f", "hash": "686c1aa42fd1ac70"}
{"timestamp": "2026-02-24T07:08:39.838302+00:00", "level": "INFO", "action": "ENGAGEMENT_SHUTDOWN", "details": "", "operator": "system", "plugin": "", "engagement_id": "E1", "previous_hash": "686c1aa42fd1ac70", "hash": "25076610280a5838"}
{"timestamp": "2026-02-24T07:08:39.838302+00:00", "level": "ERROR", "action": "ENGAGEMENT_LOAD_FAILED", "details": "Missing required RoE fields: engagement_id, authorizer, authorized_targets, allowed_tests, start_time_utc, end_time_utc", "operator": "system", "plugin": "", "engagement_id": "", "previous_hash": "25076610280a5838", "hash": "624f4d9d3267c1d8"}
{"timestamp": "2026-02-24T07:08:39.848419+00:00", "level": "INFO", "action": "ROE_VALIDATED", "details": "RoE E1 validated successfully", "operator": "system", "plugin": "", "engagement_id": "E1", "previous_hash": "624f4d9d3267c1d8", "hash": "5cd85150edc02193"}
{"timestamp": "2026-02-24T07:08:39.849418+00:00", "level": "INFO", "action": "ENGAGEMENT_LOADED", "details": "RoE validated, authorizer: admin", "operator": "system", "plugin": "", "engagement_id": "E1", "previous_hash": "5cd85150edc02193", "hash": "ecc11b0196a35ba2"}
{"timestamp": "2026-02-24T07:08:39.849418+00:00", "level": "INFO", "action": "PLUGIN_DRY_RUN", "details": "Dry run: sast-scanner", "operator": "system", "plugin": "sast-scanner", "engagement_id": "E1", "previous_hash": "ecc11b0196a35ba2", "hash": "d5d2e9ff902f7f87"}
{"timestamp": "2026-02-24T07:08:39.850418+00:00", "level": "INFO", "action": "ENGAGEMENT_SHUTDOWN", "details": "", "operator": "system", "plugin": "", "engagement_id": "E1", "previous_hash": "d5d2e9ff902f7f87", "hash": "854cb0385f196099"}
{"timestamp": "2026-02-24T07:08:39.850418+00:00", "level": "INFO", "action": "ROE_VALIDATED", "details": "RoE E1 validated successfully", "operator": "system", "plugin": "", "engagement_id": "E1", "previous_hash": "854cb0385f196099", "hash": "6df2fc7a4988b187"}
{"timestamp": "2026-02-24T07:08:39.850418+00:00", "level": "INFO", "action": "ENGAGEMENT_LOADED", "details": "RoE validated, authorizer: admin", "operator": "system", "plugin": "", "engagement_id": "E1", "previous_hash": "6df2fc7a4988b187", "hash": "200dea67a2e9d33c"}
{"timestamp": "2026-02-24T07:08:39.860944+00:00", "level": "INFO", "action": "REPORT_GENERATED", "details": "Report for test_report_valid_dir0", "operator": "system", "plugin": "", "engagement_id": "", "previous_hash": "200dea67a2e9d33c", "hash": "230eb4e329105c7e"}
{"timestamp": "2026-02-24T07:08:39.862886+00:00", "level": "INFO", "action": "REPORT_GENERATED", "details": "Report for test_report_json_format0", "operator": "system", "plugin": "", "engagement_id": "", "previous_hash": "230eb4e329105c7e", "hash": "e5b6a7273d7e4da5"}
{"timestamp": "2026-02-24T07:08:39.875650+00:00", "level": "INFO", "action": "ROE_VALIDATED", "details": "RoE E1 validated successfully", "operator": "system", "plugin": "", "engagement_id": "E1", "previous_hash": "e5b6a7273d7e4da5", "hash": "fce90378338e1fa5"}
{"timestamp": "2026-02-24T07:08:39.875650+00:00", "level": "INFO", "action": "ENGAGEMENT_LOADED", "details": "RoE validated, authorizer: admin", "operator": "system", "plugin": "", "engagement_id": "E1", "previous_hash": "fce90378338e1fa5", "hash": "10f71f72db4d4681"}
{"timestamp": "2026-02-24T07:08:39.875650+00:00", "level": "INFO", "action": "PLUGIN_DRY_RUN", "details": "Dry run: passive-recon", "operator": "system", "plugin": "passive-recon", "engagement_id": "E1", "previous_hash": "10f71f72db4d4681", "hash": "dadb3721c026a5ba"}
{"timestamp": "2026-02-24T07:08:39.875650+00:00", "level": "INFO", "action": "ENGAGEMENT_SHUTDOWN", "details": "", "operator": "system", "plugin": "", "engagement_id": "E1", "previous_hash": "dadb3721c026a5ba", "hash": "e3e29bf6354cabda"}
{"timestamp": "2026-02-24T07:08:39.887412+00:00", "level": "INFO", "action": "ROE_VALIDATED", "details": "RoE E1 validated successfully", "operator": "system", "plugin": "", "engagement_id": "E1", "previous_hash": "e3e29bf6354cabda", "hash": "c430f7fd060735fb"}
{"timestamp": "2026-02-24T07:08:39.890299+00:00", "level": "INFO", "action": "ENGAGEMENT_LOADED", "details": "RoE validated, authorizer: admin", "operator": "system", "plugin": "", "engagement_id": "E1", "previous_hash": "c430f7fd060735fb", "hash": "de58cd6b73356f30"}
{"timestamp": "2026-02-24T07:08:39.890299+00:00", "level": "INFO", "action": "PLUGIN_DRY_RUN", "details": "Dry run: passive-recon", "operator": "system", "plugin": "passive-recon", "engagement_id": "E1", "previous_hash": "de58cd6b73356f30", "hash": "81fdad641d6feb49"}
{"timestamp": "2026-02-24T07:08:39.890299+00:00", "level": "INFO", "action": "ENGAGEMENT_SHUTDOWN", "details": "", "operator": "system", "plugin": "", "engagement_id": "E1", "previous_hash": "81fdad641d6feb49", "hash": "f3c18660d92f733d"}
{"timestamp": "2026-02-24T07:08:53.958139+00:00", "level": "INFO", "action": "ACTIVATION_CODE_SET", "details": "New activation code configured", "operator": "system", "plugin": "", "engagement_id": "", "previous_hash": "f3c18660d92f733d", "hash": "dc0f8fa8ab205c23"}
{"timestamp": "2026-02-24T07:08:54.051085+00:00", "level": "INFO", "action": "ACTIVATION_CODE_SET", "details": "New activation code configured", "operator": "system", "plugin": "", "engagement_id": "", "previous_hash": "dc0f8fa8ab205c23", "hash": "f2733788866ad70b"}
{"timestamp": "2026-02-24T07:08:54.091826+00:00", "level": "WARN", "action": "ACTIVATION_SET_FAILED", "details": "Code must contain letters, digits, and special characters", "operator": "system", "plugin": "", "engagement_id": "", "previous_hash": "f2733788866ad70b", "hash": "52d7436ef3fa9f28"}
{"timestamp": "2026-02-24T07:08:54.093832+00:00", "level": "WARN", "action": "ACTIVATION_SET_FAILED", "details": "Code must contain letters, digits, and special characters", "operator": "system", "plugin": "", "engagement_id": "", "previous_hash": "52d7436ef3fa9f28", "hash": "2b1b015e92b7e992"}
{"timestamp": "2026-02-24T07:08:54.093832+00:00", "level": "WARN", "action": "ACTIVATION_SET_FAILED", "details": "Code must contain letters, digits, and special characters", "operator": "system", "plugin": "", "engagement_id": "", "previous_hash": "2b1b015e92b7e992", "hash": "dd4b31fa54b3f75e"}
{"timestamp": "2026-02-24T07:08:54.097497+00:00", "level": "WARN", "action": "ACTIVATION_SET_FAILED", "details": "Code too short \u2014 minimum 8 characters required", "operator": "system", "plugin": "", "engagement_id": "", "previous_hash": "dd4b31fa54b3f75e", "hash": "cdb74742eac01432"}
{"timestamp": "2026-02-24T07:08:54.130158+00:00", "level": "INFO", "action": "ACTIVATION_CODE_SET", "details": "New activation code configured", "operator": "system", "plugin": "", "engagement_id": "", "previous_hash": "cdb74742eac01432", "hash": "e9bb73f35754b238"}
{"timestamp": "2026-02-24T07:08:54.130158+00:00", "level": "INFO", "action": "ACTIVATION_CODE_CLEARED", "details": "Activation code removed", "operator": "system", "plugin": "", "engagement_id": "", "previous_hash": "e9bb73f35754b238", "hash": "c0a3c4087a26b7ad"}
{"timestamp": "2026-02-24T07:08:54.166890+00:00", "level": "INFO", "action": "ACTIVATION_CODE_SET", "details": "New activation code configured", "operator": "system", "plugin": "", "engagement_id": "", "previous_hash": "c0a3c4087a26b7ad", "hash": "a0054f92380bcc85"}
{"timestamp": "2026-02-24T07:08:54.203838+00:00", "level": "INFO", "action": "ACTIVATION_CODE_SET", "details": "New activation code configured", "operator": "system", "plugin": "", "engagement_id": "", "previous_hash": "a0054f92380bcc85", "hash": "d2f2a785e879d462"}
{"timestamp": "2026-02-24T07:08:54.222173+00:00", "level": "INFO", "action": "ENGAGEMENT_INIT", "details": "Created engagement: ENG-001", "operator": "system", "plugin": "", "engagement_id": "", "previous_hash": "d2f2a785e879d462", "hash": "ad656b76d914d384"}
{"timestamp": "2026-02-24T07:08:54.234202+00:00", "level": "INFO", "action": "ENGAGEMENT_INIT", "details": "Created engagement: TMPL", "operator": "system", "plugin": "", "engagement_id": "", "previous_hash": "ad656b76d914d384", "hash": "6bc72256a884933f"}
{"timestamp": "2026-02-24T07:15:00.125639+00:00", "level": "INFO", "action": "ROE_VALIDATED", "details": "RoE TEST-001 validated successfully", "operator": "system", "plugin": "", "engagement_id": "TEST-001", "previous_hash": "6bc72256a884933f", "hash": "720d8bfa1a278f5a"}
{"timestamp": "2026-02-24T07:15:00.126639+00:00", "level": "INFO", "action": "ENGAGEMENT_LOADED", "details": "RoE validated, authorizer: Test Admin", "operator": "system", "plugin": "", "engagement_id": "TEST-001", "previous_hash": "720d8bfa1a278f5a", "hash": "5e72cecbfa8a2a8f"}
{"timestamp": "2026-02-24T07:15:00.128639+00:00", "level": "ERROR", "action": "ENGAGEMENT_LOAD_FAILED", "details": "Missing required RoE fields: authorizer, authorized_targets, allowed_tests, start_time_utc, end_time_utc", "operator": "system", "plugin": "", "engagement_id": "", "previous_hash": "5e72cecbfa8a2a8f", "hash": "dc9d771f761449f8"}
{"timestamp": "2026-02-24T07:15:00.138623+00:00", "level": "ERROR", "action": "ENGAGEMENT_LOAD_FAILED", "details": "RoE has expired (end_time: 2026-02-23T07:15:00+00:00)", "operator": "system", "plugin": "", "engagement_id": "", "previous_hash": "dc9d771f761449f8", "hash": "39c8332d8de117d2"}
{"timestamp": "2026-02-24T07:15:00.138623+00:00", "level": "ERROR", "action": "ENGAGEMENT_LOAD_FAILED", "details": "RoE file not found: \\nonexistent\\roe.yaml", "operator": "system", "plugin": "", "engagement_id": "", "previous_hash": "39c8332d8de117d2", "hash": "00e76be0a5044559"}
{"timestamp": "2026-02-24T07:15:00.138623+00:00", "level": "INFO", "action": "ROE_VALIDATED", "details": "RoE TEST-001 validated successfully", "operator": "system", "plugin": "", "engagement_id": "TEST-001", "previous_hash": "00e76be0a5044559", "hash": "3e584cf5eb0a2372"}
{"timestamp": "2026-02-24T07:15:00.138623+00:00", "level": "INFO", "action": "ENGAGEMENT_LOADED", "details": "RoE validated, authorizer: Test Admin", "operator": "system", "plugin": "", "engagement_id": "TEST-001", "previous_hash": "3e584cf5eb0a2372", "hash": "118099853e4ebed2"}
{"timestamp": "2026-02-24T07:15:00.147754+00:00", "level": "INFO", "action": "PLUGIN_DRY_RUN", "details": "Dry run: stub-test", "operator": "system", "plugin": "stub-test", "engagement_id": "TEST-001", "previous_hash": "118099853e4ebed2", "hash": "f52294e20fe619f3"}
{"timestamp": "2026-02-24T07:15:00.153080+00:00", "level": "INFO", "action": "ROE_VALIDATED", "details": "RoE TEST-001 validated successfully", "operator": "system", "plugin": "", "engagement_id": "TEST-001", "previous_hash": "f52294e20fe619f3", "hash": "3e0b793166b34659"}
{"timestamp": "2026-02-24T07:15:00.153080+00:00", "level": "INFO", "action": "ENGAGEMENT_LOADED", "details": "RoE validated, authorizer: Test Admin", "operator": "system", "plugin": "", "engagement_id": "TEST-001", "previous_hash": "3e0b793166b34659", "hash": "58cb019f81d0dad4"}
{"timestamp": "2026-02-24T07:15:00.157686+00:00", "level": "INFO", "action": "ROE_VALIDATED", "details": "RoE TEST-001 validated successfully", "operator": "system", "plugin": "", "engagement_id": "TEST-001", "previous_hash": "58cb019f81d0dad4", "hash": "dcb8511bf4a6249b"}
{"timestamp": "2026-02-24T07:15:00.158754+00:00", "level": "INFO", "action": "ENGAGEMENT_LOADED", "details": "RoE validated, authorizer: Test Admin", "operator": "system", "plugin": "", "engagement_id": "TEST-001", "previous_hash": "dcb8511bf4a6249b", "hash": "fdbdd42e04682d45"}
{"timestamp": "2026-02-24T07:15:00.158754+00:00", "level": "INFO", "action": "PLUGIN_EXECUTE", "details": "Executing: stub-test", "operator": "system", "plugin": "stub-test", "engagement_id": "TEST-001", "previous_hash": "fdbdd42e04682d45", "hash": "fef9a40e672ce89d"}
{"timestamp": "2026-02-24T07:15:00.158754+00:00", "level": "INFO", "action": "PLUGIN_COMPLETE", "details": "stub-test: success=True, findings=1, 0ms", "operator": "system", "plugin": "stub-test", "engagement_id": "TEST-001", "previous_hash": "fef9a40e672ce89d", "hash": "a54b526e848be129"}
{"timestamp": "2026-02-24T07:15:00.163761+00:00", "level": "INFO", "action": "ROE_VALIDATED", "details": "RoE TEST-001 validated successfully", "operator": "system", "plugin": "", "engagement_id": "TEST-001", "previous_hash": "a54b526e848be129", "hash": "ffe3c8487697ef73"}
{"timestamp": "2026-02-24T07:15:00.163761+00:00", "level": "INFO", "action": "ENGAGEMENT_LOADED", "details": "RoE validated, authorizer: Test Admin", "operator": "system", "plugin": "", "engagement_id": "TEST-001", "previous_hash": "ffe3c8487697ef73", "hash": "c437cc49af93b4e9"}
{"timestamp": "2026-02-24T07:15:00.164753+00:00", "level": "INFO", "action": "PLUGIN_EXECUTE", "details": "Executing: fail-test", "operator": "system", "plugin": "fail-test", "engagement_id": "TEST-001", "previous_hash": "c437cc49af93b4e9", "hash": "5546c03b931679a6"}
{"timestamp": "2026-02-24T07:15:00.164753+00:00", "level": "INFO", "action": "PLUGIN_COMPLETE", "details": "fail-test: success=False, findings=0, 0ms", "operator": "system", "plugin": "fail-test", "engagement_id": "TEST-001", "previous_hash": "5546c03b931679a6", "hash": "b2705d891bcaeb9b"}
{"timestamp": "2026-02-24T07:15:00.168310+00:00", "level": "INFO", "action": "ROE_VALIDATED", "details": "RoE TEST-001 validated successfully", "operator": "system", "plugin": "", "engagement_id": "TEST-001", "previous_hash": "b2705d891bcaeb9b", "hash": "a127c6e6c7e572b0"}
{"timestamp": "2026-02-24T07:15:00.168310+00:00", "level": "INFO", "action": "ENGAGEMENT_LOADED", "details": "RoE validated, authorizer: Test Admin", "operator": "system", "plugin": "", "engagement_id": "TEST-001", "previous_hash": "a127c6e6c7e572b0", "hash": "9d36454980308f78"}
{"timestamp": "2026-02-24T07:15:00.168310+00:00", "level": "INFO", "action": "ENGAGEMENT_SHUTDOWN", "details": "", "operator": "system", "plugin": "", "engagement_id": "TEST-001", "previous_hash": "9d36454980308f78", "hash": "9bf484391b393911"}
{"timestamp": "2026-02-24T07:15:00.168310+00:00", "level": "WARN", "action": "ACTIVATION_FAILED", "details": "No engagement loaded", "operator": "system", "plugin": "", "engagement_id": "", "previous_hash": "9bf484391b393911", "hash": "80e20520bb514fc7"}
{"timestamp": "2026-02-24T07:15:00.181106+00:00", "level": "INFO", "action": "ROE_VALIDATED", "details": "RoE TEST-001 validated successfully", "operator": "system", "plugin": "", "engagement_id": "TEST-001", "previous_hash": "80e20520bb514fc7", "hash": "e675b39aa1a5843f"}
{"timestamp": "2026-02-24T07:15:00.181106+00:00", "level": "INFO", "action": "ENGAGEMENT_LOADED", "details": "RoE validated, authorizer: Test Admin", "operator": "system", "plugin": "", "engagement_id": "TEST-001", "previous_hash": "e675b39aa1a5843f", "hash": "074b542f60d65ae9"}
{"timestamp": "2026-02-24T07:15:00.200771+00:00", "level": "INFO", "action": "ASYNC_PLUGIN_EXECUTE", "details": "Async executing: active-test", "operator": "system", "plugin": "active-test", "engagement_id": "ASYNC-001", "previous_hash": "074b542f60d65ae9", "hash": "c26954fb375bc544"}
{"timestamp": "2026-02-24T07:15:00.201778+00:00", "level": "INFO", "action": "ASYNC_PLUGIN_COMPLETE", "details": "active-test: success=True, findings=0, 0ms", "operator": "system", "plugin": "active-test", "engagement_id": "ASYNC-001", "previous_hash": "c26954fb375bc544", "hash": "ced204e2c24e8816"}
{"timestamp": "2026-02-24T07:15:00.204771+00:00", "level": "INFO", "action": "ASYNC_PLUGIN_EXECUTE", "details": "Async executing: destructive-test", "operator": "system", "plugin": "destructive-test", "engagement_id": "ASYNC-001", "previous_hash": "ced204e2c24e8816", "hash": "6cda68917f5b536e"}
{"timestamp": "2026-02-24T07:15:00.205771+00:00", "level": "INFO", "action": "ASYNC_PLUGIN_COMPLETE", "details": "destructive-test: success=True, findings=0, 0ms", "operator": "system", "plugin": "destructive-test", "engagement_id": "ASYNC-001", "previous_hash": "6cda68917f5b536e", "hash": "cfa12f90caa0e1ab"}
{"timestamp": "2026-02-24T07:15:00.207770+00:00", "level": "INFO", "action": "ASYNC_PLUGIN_DRY_RUN", "details": "Async dry run: async-stub", "operator": "system", "plugin": "async-stub", "engagement_id": "ASYNC-001", "previous_hash": "cfa12f90caa0e1ab", "hash": "20359b92cad1b66c"}
{"timestamp": "2026-02-24T07:15:00.209779+00:00", "level": "INFO", "action": "ASYNC_PLUGIN_EXECUTE", "details": "Async executing: async-stub", "operator": "system", "plugin": "async-stub", "engagement_id": "ASYNC-001", "previous_hash": "20359b92cad1b66c", "hash": "95dbf7c7811b3bbb"}
{"timestamp": "2026-02-24T07:15:00.228615+00:00", "level": "INFO", "action": "ASYNC_PLUGIN_COMPLETE", "details": "async-stub: success=True, findings=0, 30ms", "operator": "system", "plugin": "async-stub", "engagement_id": "ASYNC-001", "previous_hash": "95dbf7c7811b3bbb", "hash": "70da15814b53c2f4"}
{"timestamp": "2026-02-24T07:15:00.228615+00:00", "level": "INFO", "action": "ASYNC_PLUGIN_EXECUTE", "details": "Async executing: slow-test", "operator": "system", "plugin": "slow-test", "engagement_id": "ASYNC-001", "previous_hash": "70da15814b53c2f4", "hash": "b87ef66a4d3af8d9"}
{"timestamp": "2026-02-24T07:15:01.238184+00:00", "level": "INFO", "action": "ASYNC_PLUGIN_EXECUTE", "details": "Async executing: active-test", "operator": "system", "plugin": "active-test", "engagement_id": "ASYNC-001", "previous_hash": "b87ef66a4d3af8d9", "hash": "58aff7e4666dd6e6"}
{"timestamp": "2026-02-24T07:15:01.238184+00:00", "level": "INFO", "action": "ASYNC_PLUGIN_COMPLETE", "details": "active-test: success=True, findings=0, 0ms", "operator": "system", "plugin": "active-test", "engagement_id": "ASYNC-001", "previous_hash": "58aff7e4666dd6e6", "hash": "10c6d4f880b79b49"}
{"timestamp": "2026-02-24T07:15:01.278582+00:00", "level": "INFO", "action": "ROE_VALIDATED", "details": "RoE TEST-001 validated successfully", "operator": "system", "plugin": "", "engagement_id": "TEST-001", "previous_hash": "10c6d4f880b79b49", "hash": "38e4e4e4b4ef7f7b"}
{"timestamp": "2026-02-24T07:15:01.304562+00:00", "level": "WARN", "action": "POLICY_DENIED", "details": "test-plugin: RoE has not been validated", "operator": "system", "plugin": "", "engagement_id": "", "previous_hash": "38e4e4e4b4ef7f7b", "hash": "ab11d72ad19de992"}
{"timestamp": "2026-02-24T07:15:01.339536+00:00", "level": "INFO", "action": "ACTIVATION_CODE_SET", "details": "New activation code configured", "operator": "system", "plugin": "", "engagement_id": "", "previous_hash": "ab11d72ad19de992", "hash": "7d4c92dbd6ce676d"}
{"timestamp": "2026-02-24T07:18:36.268972+00:00", "level": "INFO", "action": "ENGAGEMENT_INIT", "details": "Created engagement: test-eng", "operator": "system", "plugin": "", "engagement_id": "", "previous_hash": "7d4c92dbd6ce676d", "hash": "30c2f130180cd69d"}
{"timestamp": "2026-02-24T07:18:36.485495+00:00", "level": "INFO", "action": "ROE_VALIDATED", "details": "RoE E1 validated successfully", "operator": "system", "plugin": "", "engagement_id": "E1", "previous_hash": "30c2f130180cd69d", "hash": "5ad03b4054a32be7"}
{"timestamp": "2026-02-24T07:18:36.485495+00:00", "level": "INFO", "action": "ENGAGEMENT_LOADED", "details": "RoE validated, authorizer: admin", "operator": "system", "plugin": "", "engagement_id": "E1", "previous_hash": "5ad03b4054a32be7", "hash": "e9b3caba1175e9f7"}
{"timestamp": "2026-02-24T07:18:36.486495+00:00", "level": "INFO", "action": "PLUGIN_DRY_RUN", "details": "Dry run: passive-recon", "operator": "system", "plugin": "passive-recon", "engagement_id": "E1", "previous_hash": "e9b3caba1175e9f7", "hash": "2b0f550bfcfd5085"}
{"timestamp": "2026-02-24T07:18:36.488020+00:00", "level": "INFO", "action": "ENGAGEMENT_SHUTDOWN", "details": "", "operator": "system", "plugin": "", "engagement_id": "E1", "previous_hash": "2b0f550bfcfd5085", "hash": "4401297cf368ddbd"}
{"timestamp": "2026-02-24T07:18:36.499942+00:00", "level": "ERROR", "action": "ENGAGEMENT_LOAD_FAILED", "details": "Missing required RoE fields: engagement_id, authorizer, authorized_targets, allowed_tests, start_time_utc, end_time_utc", "operator": "system", "plugin": "", "engagement_id": "", "previous_hash": "4401297cf368ddbd", "hash": "0fb6cf8e989db7d2"}
{"timestamp": "2026-02-24T07:18:36.516089+00:00", "level": "INFO", "action": "ROE_VALIDATED", "details": "RoE E1 validated successfully", "operator": "system", "plugin": "", "engagement_id": "E1", "previous_hash": "0fb6cf8e989db7d2", "hash": "5de6c6063f1e4d48"}
{"timestamp": "2026-02-24T07:18:36.516089+00:00", "level": "INFO", "action": "ENGAGEMENT_LOADED", "details": "RoE validated, authorizer: admin", "operator": "system", "plugin": "", "engagement_id": "E1", "previous_hash": "5de6c6063f1e4d48", "hash": "00a817a00507a92d"}
{"timestamp": "2026-02-24T07:18:36.517088+00:00", "level": "INFO", "action": "PLUGIN_DRY_RUN", "details": "Dry run: sast-scanner", "operator": "system", "plugin": "sast-scanner", "engagement_id": "E1", "previous_hash": "00a817a00507a92d", "hash": "8d845338a4367284"}
{"timestamp": "2026-02-24T07:18:36.518980+00:00", "level": "INFO", "action": "ENGAGEMENT_SHUTDOWN", "details": "", "operator": "system", "plugin": "", "engagement_id": "E1", "previous_hash": "8d845338a4367284", "hash": "5406de662213a17c"}
{"timestamp": "2026-02-24T07:18:36.528903+00:00", "level": "INFO", "action": "ROE_VALIDATED", "details": "RoE E1 validated successfully", "operator": "system", "plugin": "", "engagement_id": "E1", "previous_hash": "5406de662213a17c", "hash": "0a4312fd9ddd14aa"}
{"timestamp": "2026-02-24T07:18:36.528903+00:00", "level": "INFO", "action": "ENGAGEMENT_LOADED", "details": "RoE validated, authorizer: admin", "operator": "system", "plugin": "", "engagement_id": "E1", "previous_hash": "0a4312fd9ddd14aa", "hash": "6b37593f7f01765a"}
{"timestamp": "2026-02-24T07:18:36.548021+00:00", "level": "INFO", "action": "REPORT_GENERATED", "details": "Report for test_report_valid_dir0", "operator": "system", "plugin": "", "engagement_id": "", "previous_hash": "6b37593f7f01765a", "hash": "a9dbd613f1ffb89d"}
{"timestamp": "2026-02-24T07:18:36.562183+00:00", "level": "INFO", "action": "REPORT_GENERATED", "details": "Report for test_report_json_format0", "operator": "system", "plugin": "", "engagement_id": "", "previous_hash": "a9dbd613f1ffb89d", "hash": "769917ed2efa43c0"}
{"timestamp": "2026-02-24T07:18:36.610183+00:00", "level": "INFO", "action": "ROE_VALIDATED", "details": "RoE E1 validated successfully", "operator": "system", "plugin": "", "engagement_id": "E1", "previous_hash": "769917ed2efa43c0", "hash": "328c94cb77fa0564"}
{"timestamp": "2026-02-24T07:18:36.610183+00:00", "level": "INFO", "action": "ENGAGEMENT_LOADED", "details": "RoE validated, authorizer: admin", "operator": "system", "plugin": "", "engagement_id": "E1", "previous_hash": "328c94cb77fa0564", "hash": "5b2ea35fe339e1d9"}
{"timestamp": "2026-02-24T07:18:36.611191+00:00", "level": "INFO", "action": "PLUGIN_DRY_RUN", "details": "Dry run: passive-recon", "operator": "system", "plugin": "passive-recon", "engagement_id": "E1", "previous_hash": "5b2ea35fe339e1d9", "hash": "abdb550370626e70"}
{"timestamp": "2026-02-24T07:18:36.612183+00:00", "level": "INFO", "action": "ENGAGEMENT_SHUTDOWN", "details": "", "operator": "system", "plugin": "", "engagement_id": "E1", "previous_hash": "abdb550370626e70", "hash": "05edc3018af8c4dd"}
{"timestamp": "2026-02-24T07:18:36.619029+00:00", "level": "INFO", "action": "ROE_VALIDATED", "details": "RoE E1 validated successfully", "operator": "system", "plugin": "", "engagement_id": "E1", "previous_hash": "05edc3018af8c4dd", "hash": "c678744a3c1c7524"}
{"timestamp": "2026-02-24T07:18:36.619029+00:00", "level": "INFO", "action": "ENGAGEMENT_LOADED", "details": "RoE validated, authorizer: admin", "operator": "system", "plugin": "", "engagement_id": "E1", "previous_hash": "c678744a3c1c7524", "hash": "dc8f6ee9c54bcee1"}
{"timestamp": "2026-02-24T07:18:36.619029+00:00", "level": "INFO", "action": "PLUGIN_DRY_RUN", "details": "Dry run: passive-recon", "operator": "system", "plugin": "passive-recon", "engagement_id": "E1", "previous_hash": "dc8f6ee9c54bcee1", "hash": "0b6f67bd42de0a4c"}
{"timestamp": "2026-02-24T07:18:36.619029+00:00", "level": "INFO", "action": "ENGAGEMENT_SHUTDOWN", "details": "", "operator": "system", "plugin": "", "engagement_id": "E1", "previous_hash": "0b6f67bd42de0a4c", "hash": "367b05a7dc39139c"}
{"timestamp": "2026-02-24T07:19:06.410949+00:00", "level": "INFO", "action": "ROE_VALIDATED", "details": "RoE ENG-1 validated successfully", "operator": "system", "plugin": "", "engagement_id": "ENG-1", "previous_hash": "367b05a7dc39139c", "hash": "0c39d9397c6740b7"}
{"timestamp": "2026-02-24T07:19:06.478519+00:00", "level": "INFO", "action": "ROE_VALIDATED", "details": "RoE ENG-1 validated successfully", "operator": "system", "plugin": "", "engagement_id": "ENG-1", "previous_hash": "0c39d9397c6740b7", "hash": "1b883db5c4d2d8e7"}
{"timestamp": "2026-02-24T07:19:06.500000+00:00", "level": "WARN", "action": "POLICY_DENIED", "details": "plugin: No engagement context provided", "operator": "system", "plugin": "", "engagement_id": "", "previous_hash": "1b883db5c4d2d8e7", "hash": "96aa4c8ec611b9ed"}
{"timestamp": "2026-02-24T07:19:06.501000+00:00", "level": "WARN", "action": "POLICY_DENIED", "details": "plugin: RoE has not been validated", "operator": "system", "plugin": "", "engagement_id": "", "previous_hash": "96aa4c8ec611b9ed", "hash": "4a05e840b389ec72"}
{"timestamp": "2026-02-24T07:19:06.502999+00:00", "level": "WARN", "action": "POLICY_DENIED", "details": "plugin: Activation code has not been verified", "operator": "system", "plugin": "", "engagement_id": "", "previous_hash": "4a05e840b389ec72", "hash": "47c260f1b6384287"}
{"timestamp": "2026-02-24T07:19:06.503999+00:00", "level": "WARN", "action": "POLICY_DENIED", "details": "exploit: Plugin 'exploit' not in allowed tests: ['recon']", "operator": "system", "plugin": "", "engagement_id": "", "previous_hash": "47c260f1b6384287", "hash": "86a813a841e13332"}
{"timestamp": "2026-02-24T07:19:06.506000+00:00", "level": "WARN", "action": "POLICY_DENIED", "details": "recon: Current time outside engagement window (2026-02-24 08:19:06.506000+00:00 \u2014 2026-02-24 09:19:06.506000+00:00)", "operator": "system", "plugin": "", "engagement_id": "", "previous_hash": "86a813a841e13332", "hash": "76eb3b03e73ab5a6"}
{"timestamp": "2026-02-24T07:19:06.507905+00:00", "level": "WARN", "action": "POLICY_DENIED", "details": "recon: Invalid time format in engagement context", "operator": "system", "plugin": "", "engagement_id": "", "previous_hash": "76eb3b03e73ab5a6", "hash": "1f07afa643e6aa07"}
{"timestamp": "2026-02-24T07:19:33.756711+00:00", "level": "INFO", "action": "ACTIVATION_CODE_SET", "details": "New activation code configured", "operator": "system", "plugin": "", "engagement_id": "", "previous_hash": "1f07afa643e6aa07", "hash": "793276801252712a"}
{"timestamp": "2026-02-24T07:19:33.839672+00:00", "level": "INFO", "action": "ACTIVATION_CODE_SET", "details": "New activation code configured", "operator": "system", "plugin": "", "engagement_id": "", "previous_hash": "793276801252712a", "hash": "951c417c662882e4"}
{"timestamp": "2026-02-24T07:19:33.880370+00:00", "level": "WARN", "action": "ACTIVATION_SET_FAILED", "details": "Code must contain letters, digits, and special characters", "operator": "system", "plugin": "", "engagement_id": "", "previous_hash": "951c417c662882e4", "hash": "36cf2d14efd990f7"}
{"timestamp": "2026-02-24T07:19:33.882370+00:00", "level": "WARN", "action": "ACTIVATION_SET_FAILED", "details": "Code must contain letters, digits, and special characters", "operator": "system", "plugin": "", "engagement_id": "", "previous_hash": "36cf2d14efd990f7", "hash": "4a2f3ff5ef6d9fc6"}
{"timestamp": "2026-02-24T07:19:33.884378+00:00", "level": "WARN", "action": "ACTIVATION_SET_FAILED", "details": "Code must contain letters, digits, and special characters", "operator": "system", "plugin": "", "engagement_id": "", "previous_hash": "4a2f3ff5ef6d9fc6", "hash": "616094076ff4e5df"}
{"timestamp": "2026-02-24T07:19:33.886378+00:00", "level": "WARN", "action": "ACTIVATION_SET_FAILED", "details": "Code too short \u2014 minimum 8 characters required", "operator": "system", "plugin": "", "engagement_id": "", "previous_hash": "616094076ff4e5df", "hash": "44d245251ea48bbe"}
{"timestamp": "2026-02-24T07:19:33.919296+00:00", "level": "INFO", "action": "ACTIVATION_CODE_SET", "details": "New activation code configured", "operator": "system", "plugin": "", "engagement_id": "", "previous_hash": "44d245251ea48bbe", "hash": "5b40553a7a6b250a"}
{"timestamp": "2026-02-24T07:19:33.920296+00:00", "level": "INFO", "action": "ACTIVATION_CODE_CLEARED", "details": "Activation code removed", "operator": "system", "plugin": "", "engagement_id": "", "previous_hash": "5b40553a7a6b250a", "hash": "3946d855feb3efc7"}
{"timestamp": "2026-02-24T07:19:33.953226+00:00", "level": "INFO", "action": "ACTIVATION_CODE_SET", "details": "New activation code configured", "operator": "system", "plugin": "", "engagement_id": "", "previous_hash": "3946d855feb3efc7", "hash": "23719014fdd49af1"}
{"timestamp": "2026-02-24T07:19:33.988024+00:00", "level": "INFO", "action": "ACTIVATION_CODE_SET", "details": "New activation code configured", "operator": "system", "plugin": "", "engagement_id": "", "previous_hash": "23719014fdd49af1", "hash": "e37f7b2d119e1e20"}
{"timestamp": "2026-02-24T07:19:34.003327+00:00", "level": "INFO", "action": "ENGAGEMENT_INIT", "details": "Created engagement: ENG-001", "operator": "system", "plugin": "", "engagement_id": "", "previous_hash": "e37f7b2d119e1e20", "hash": "cfecac1ec11c7c7b"}
{"timestamp": "2026-02-24T07:19:34.030329+00:00", "level": "INFO", "action": "ENGAGEMENT_INIT", "details": "Created engagement: TMPL", "operator": "system", "plugin": "", "engagement_id": "", "previous_hash": "cfecac1ec11c7c7b", "hash": "c7e60506321af5ab"}
{"timestamp": "2026-02-24T07:25:39.953757+00:00", "level": "INFO", "action": "ROE_VALIDATED", "details": "RoE TEST-001 validated successfully", "operator": "system", "plugin": "", "engagement_id": "TEST-001", "previous_hash": "c7e60506321af5ab", "hash": "80d30850769acefe"}
{"timestamp": "2026-02-24T07:25:39.964813+00:00", "level": "INFO", "action": "ENGAGEMENT_LOADED", "details": "RoE validated, authorizer: Test Admin", "operator": "system", "plugin": "", "engagement_id": "TEST-001", "previous_hash": "80d30850769acefe", "hash": "0a5bef2377f8e9eb"}
{"timestamp": "2026-02-24T07:25:39.968348+00:00", "level": "ERROR", "action": "ENGAGEMENT_LOAD_FAILED", "details": "Missing required RoE fields: authorizer, authorized_targets, allowed_tests, start_time_utc, end_time_utc", "operator": "system", "plugin": "", "engagement_id": "", "previous_hash": "0a5bef2377f8e9eb", "hash": "a83ae4a448bd91d0"}
{"timestamp": "2026-02-24T07:25:39.978346+00:00", "level": "ERROR", "action": "ENGAGEMENT_LOAD_FAILED", "details": "RoE has expired (end_time: 2026-02-23T07:25:39+00:00)", "operator": "system", "plugin": "", "engagement_id": "", "previous_hash": "a83ae4a448bd91d0", "hash": "45024dce9ac0bed2"}
{"timestamp": "2026-02-24T07:25:39.979631+00:00", "level": "ERROR", "action": "ENGAGEMENT_LOAD_FAILED", "details": "RoE file not found: \\nonexistent\\roe.yaml", "operator": "system", "plugin": "", "engagement_id": "", "previous_hash": "45024dce9ac0bed2", "hash": "bdd7623524bba2bf"}
{"timestamp": "2026-02-24T07:25:39.985162+00:00", "level": "INFO", "action": "ROE_VALIDATED", "details": "RoE TEST-001 validated successfully", "operator": "system", "plugin": "", "engagement_id": "TEST-001", "previous_hash": "bdd7623524bba2bf", "hash": "f11b471e364631a0"}
{"timestamp": "2026-02-24T07:25:39.985162+00:00", "level": "INFO", "action": "ENGAGEMENT_LOADED", "details": "RoE validated, authorizer: Test Admin", "operator": "system", "plugin": "", "engagement_id": "TEST-001", "previous_hash": "f11b471e364631a0", "hash": "a8c7b2c4d1e2243a"}
{"timestamp": "2026-02-24T07:25:39.985162+00:00", "level": "INFO", "action": "PLUGIN_DRY_RUN", "details": "Dry run: stub-test", "operator": "system", "plugin": "stub-test", "engagement_id": "TEST-001", "previous_hash": "a8c7b2c4d1e2243a", "hash": "910bd1eac5d9511b"}
{"timestamp": "2026-02-24T07:25:39.997007+00:00", "level": "INFO", "action": "ROE_VALIDATED", "details": "RoE TEST-001 validated successfully", "operator": "system", "plugin": "", "engagement_id": "TEST-001", "previous_hash": "910bd1eac5d9511b", "hash": "ade9eb56c29c1c3d"}
{"timestamp": "2026-02-24T07:25:39.997007+00:00", "level": "INFO", "action": "ENGAGEMENT_LOADED", "details": "RoE validated, authorizer: Test Admin", "operator": "system", "plugin": "", "engagement_id": "TEST-001", "previous_hash": "ade9eb56c29c1c3d", "hash": "c98ed3d811b6b9fc"}
{"timestamp": "2026-02-24T07:25:40.009371+00:00", "level": "INFO", "action": "ROE_VALIDATED", "details": "RoE TEST-001 validated successfully", "operator": "system", "plugin": "", "engagement_id": "TEST-001", "previous_hash": "c98ed3d811b6b9fc", "hash": "bdcfe515d72e80c1"}
{"timestamp": "2026-02-24T07:25:40.009371+00:00", "level": "INFO", "action": "ENGAGEMENT_LOADED", "details": "RoE validated, authorizer: Test Admin", "operator": "system", "plugin": "", "engagement_id": "TEST-001", "previous_hash": "bdcfe515d72e80c1", "hash": "1a4dcd6a586094d8"}
{"timestamp": "2026-02-24T07:25:40.009371+00:00", "level": "INFO", "action": "PLUGIN_EXECUTE", "details": "Executing: stub-test", "operator": "system", "plugin": "stub-test", "engagement_id": "TEST-001", "previous_hash": "1a4dcd6a586094d8", "hash": "288a99e332256f5e"}
{"timestamp": "2026-02-24T07:25:40.009371+00:00", "level": "INFO", "action": "PLUGIN_COMPLETE", "details": "stub-test: success=True, findings=1, 0ms", "operator": "system", "plugin": "stub-test", "engagement_id": "TEST-001", "previous_hash": "288a99e332256f5e", "hash": "db5f3e65a1ebffab"}
{"timestamp": "2026-02-24T07:25:40.019510+00:00", "level": "INFO", "action": "ROE_VALIDATED", "details": "RoE TEST-001 validated successfully", "operator": "system", "plugin": "", "engagement_id": "TEST-001", "previous_hash": "db5f3e65a1ebffab", "hash": "927d95e34f948dd0"}
{"timestamp": "2026-02-24T07:25:40.019510+00:00", "level": "INFO", "action": "ENGAGEMENT_LOADED", "details": "RoE validated, authorizer: Test Admin", "operator": "system", "plugin": "", "engagement_id": "TEST-001", "previous_hash": "927d95e34f948dd0", "hash": "948d7c6fbf578521"}
{"timestamp": "2026-02-24T07:25:40.019510+00:00", "level": "INFO", "action": "PLUGIN_EXECUTE", "details": "Executing: fail-test", "operator": "system", "plugin": "fail-test", "engagement_id": "TEST-001", "previous_hash": "948d7c6fbf578521", "hash": "1caafadd07fc5389"}
{"timestamp": "2026-02-24T07:25:40.019510+00:00", "level": "INFO", "action": "PLUGIN_COMPLETE", "details": "fail-test: success=False, findings=0, 0ms", "operator": "system", "plugin": "fail-test", "engagement_id": "TEST-001", "previous_hash": "1caafadd07fc5389", "hash": "e0947c708d3dfa0f"}
{"timestamp": "2026-02-24T07:25:40.024495+00:00", "level": "INFO", "action": "ROE_VALIDATED", "details": "RoE TEST-001 validated successfully", "operator": "system", "plugin": "", "engagement_id": "TEST-001", "previous_hash": "e0947c708d3dfa0f", "hash": "508ca2ff85157ca7"}
{"timestamp": "2026-02-24T07:25:40.024495+00:00", "level": "INFO", "action": "ENGAGEMENT_LOADED", "details": "RoE validated, authorizer: Test Admin", "operator": "system", "plugin": "", "engagement_id": "TEST-001", "previous_hash": "508ca2ff85157ca7", "hash": "2021aebb6472afbf"}
{"timestamp": "2026-02-24T07:25:40.024495+00:00", "level": "INFO", "action": "ENGAGEMENT_SHUTDOWN", "details": "", "operator": "system", "plugin": "", "engagement_id": "TEST-001", "previous_hash": "2021aebb6472afbf", "hash": "355819f51e656ae2"}
{"timestamp": "2026-02-24T07:25:40.025994+00:00", "level": "WARN", "action": "ACTIVATION_FAILED", "details": "No engagement loaded", "operator": "system", "plugin": "", "engagement_id": "", "previous_hash": "355819f51e656ae2", "hash": "fcdbe9c52c6f1561"}
{"timestamp": "2026-02-24T07:25:40.031205+00:00", "level": "INFO", "action": "ROE_VALIDATED", "details": "RoE TEST-001 validated successfully", "operator": "system", "plugin": "", "engagement_id": "TEST-001", "previous_hash": "fcdbe9c52c6f1561", "hash": "e2277ef2fbb1ddf9"}
{"timestamp": "2026-02-24T07:25:40.031205+00:00", "level": "INFO", "action": "ENGAGEMENT_LOADED", "details": "RoE validated, authorizer: Test Admin", "operator": "system", "plugin": "", "engagement_id": "TEST-001", "previous_hash": "e2277ef2fbb1ddf9", "hash": "6ef3392d33b27635"}
{"timestamp": "2026-02-24T07:25:40.050173+00:00", "level": "INFO", "action": "ASYNC_PLUGIN_EXECUTE", "details": "Async executing: active-test", "operator": "system", "plugin": "active-test", "engagement_id": "ASYNC-001", "previous_hash": "6ef3392d33b27635", "hash": "95001b83913e78ac"}
{"timestamp": "2026-02-24T07:25:40.050684+00:00", "level": "INFO", "action": "ASYNC_PLUGIN_COMPLETE", "details": "active-test: success=True, findings=0, 0ms", "operator": "system", "plugin": "active-test", "engagement_id": "ASYNC-001", "previous_hash": "95001b83913e78ac", "hash": "1715b63d430a9958"}
{"timestamp": "2026-02-24T07:25:40.054840+00:00", "level": "INFO", "action": "ASYNC_PLUGIN_EXECUTE", "details": "Async executing: destructive-test", "operator": "system", "plugin": "destructive-test", "engagement_id": "ASYNC-001", "previous_hash": "1715b63d430a9958", "hash": "c75868605aa4c182"}
{"timestamp": "2026-02-24T07:25:40.055362+00:00", "level": "INFO", "action": "ASYNC_PLUGIN_COMPLETE", "details": "destructive-test: success=True, findings=0, 0ms", "operator": "system", "plugin": "destructive-test", "engagement_id": "ASYNC-001", "previous_hash": "c75868605aa4c182", "hash": "70e41cac6e37af1c"}
{"timestamp": "2026-02-24T07:25:40.058443+00:00", "level": "INFO", "action": "ASYNC_PLUGIN_DRY_RUN", "details": "Async dry run: async-stub", "operator": "system", "plugin": "async-stub", "engagement_id": "ASYNC-001", "previous_hash": "70e41cac6e37af1c", "hash": "ba2cc862953eb69b"}
{"timestamp": "2026-02-24T07:25:40.061583+00:00", "level": "INFO", "action": "ASYNC_PLUGIN_EXECUTE", "details": "Async executing: async-stub", "operator": "system", "plugin": "async-stub", "engagement_id": "ASYNC-001", "previous_hash": "ba2cc862953eb69b", "hash": "ea6fae5fad270277"}
{"timestamp": "2026-02-24T07:25:40.078639+00:00", "level": "INFO", "action": "ASYNC_PLUGIN_COMPLETE", "details": "async-stub: success=True, findings=0, 16ms", "operator": "system", "plugin": "async-stub", "engagement_id": "ASYNC-001", "previous_hash": "ea6fae5fad270277", "hash": "51b30da423e8e39d"}
{"timestamp": "2026-02-24T07:25:40.080651+00:00", "level": "INFO", "action": "ASYNC_PLUGIN_EXECUTE", "details": "Async executing: slow-test", "operator": "system", "plugin": "slow-test", "engagement_id": "ASYNC-001", "previous_hash": "51b30da423e8e39d", "hash": "cb6e47df064e4b8b"}
{"timestamp": "2026-02-24T07:25:41.088345+00:00", "level": "INFO", "action": "ASYNC_PLUGIN_EXECUTE", "details": "Async executing: active-test", "operator": "system", "plugin": "active-test", "engagement_id": "ASYNC-001", "previous_hash": "cb6e47df064e4b8b", "hash": "884dbf0d7e40bd18"}
{"timestamp": "2026-02-24T07:25:41.088345+00:00", "level": "INFO", "action": "ASYNC_PLUGIN_COMPLETE", "details": "active-test: success=True, findings=0, 0ms", "operator": "system", "plugin": "active-test", "engagement_id": "ASYNC-001", "previous_hash": "884dbf0d7e40bd18", "hash": "7f4b2cf4922e38cd"}
{"timestamp": "2026-02-24T07:25:41.133467+00:00", "level": "INFO", "action": "ROE_VALIDATED", "details": "RoE TEST-001 validated successfully", "operator": "system", "plugin": "", "engagement_id": "TEST-001", "previous_hash": "7f4b2cf4922e38cd", "hash": "b14b201a994d2df6"}
{"timestamp": "2026-02-24T07:25:41.148839+00:00", "level": "WARN", "action": "POLICY_DENIED", "details": "test-plugin: RoE has not been validated", "operator": "system", "plugin": "", "engagement_id": "", "previous_hash": "b14b201a994d2df6", "hash": "7d050a12a3adf0c7"}
{"timestamp": "2026-02-24T07:25:41.184931+00:00", "level": "INFO", "action": "ACTIVATION_CODE_SET", "details": "New activation code configured", "operator": "system", "plugin": "", "engagement_id": "", "previous_hash": "7d050a12a3adf0c7", "hash": "490cf795b3b7b0d2"}
{"timestamp": "2026-02-24T07:29:14.451302+00:00", "level": "INFO", "action": "ENGAGEMENT_INIT", "details": "Created engagement: test-eng", "operator": "system", "plugin": "", "engagement_id": "", "previous_hash": "490cf795b3b7b0d2", "hash": "79f497d51f071643"}
{"timestamp": "2026-02-24T07:29:14.604984+00:00", "level": "INFO", "action": "ROE_VALIDATED", "details": "RoE E1 validated successfully", "operator": "system", "plugin": "", "engagement_id": "E1", "previous_hash": "79f497d51f071643", "hash": "64f8ad0562d52b46"}
{"timestamp": "2026-02-24T07:29:14.604984+00:00", "level": "INFO", "action": "ENGAGEMENT_LOADED", "details": "RoE validated, authorizer: admin", "operator": "system", "plugin": "", "engagement_id": "E1", "previous_hash": "64f8ad0562d52b46", "hash": "456bf6c4ba0d8f6f"}
{"timestamp": "2026-02-24T07:29:14.604984+00:00", "level": "INFO", "action": "PLUGIN_DRY_RUN", "details": "Dry run: passive-recon", "operator": "system", "plugin": "passive-recon", "engagement_id": "E1", "previous_hash": "456bf6c4ba0d8f6f", "hash": "e40e9b5ad4b43c27"}
{"timestamp": "2026-02-24T07:29:14.604984+00:00", "level": "INFO", "action": "ENGAGEMENT_SHUTDOWN", "details": "", "operator": "system", "plugin": "", "engagement_id": "E1", "previous_hash": "e40e9b5ad4b43c27", "hash": "8bff0acdcec6b52a"}
{"timestamp": "2026-02-24T07:29:14.604984+00:00", "level": "ERROR", "action": "ENGAGEMENT_LOAD_FAILED", "details": "Missing required RoE fields: engagement_id, authorizer, authorized_targets, allowed_tests, start_time_utc, end_time_utc", "operator": "system", "plugin": "", "engagement_id": "", "previous_hash": "8bff0acdcec6b52a", "hash": "03593522b93b0572"}
{"timestamp": "2026-02-24T07:29:14.629624+00:00", "level": "INFO", "action": "ROE_VALIDATED", "details": "RoE E1 validated successfully", "operator": "system", "plugin": "", "engagement_id": "E1", "previous_hash": "03593522b93b0572", "hash": "0fe5ecc1ab5d97e6"}
{"timestamp": "2026-02-24T07:29:14.629624+00:00", "level": "INFO", "action": "ENGAGEMENT_LOADED", "details": "RoE validated, authorizer: admin", "operator": "system", "plugin": "", "engagement_id": "E1", "previous_hash": "0fe5ecc1ab5d97e6", "hash": "69b313fbbd89317c"}
{"timestamp": "2026-02-24T07:29:14.629624+00:00", "level": "INFO", "action": "PLUGIN_DRY_RUN", "details": "Dry run: sast-scanner", "operator": "system", "plugin": "sast-scanner", "engagement_id": "E1", "previous_hash": "69b313fbbd89317c", "hash": "ebffc6254d994ebe"}
{"timestamp": "2026-02-24T07:29:14.631110+00:00", "level": "INFO", "action": "ENGAGEMENT_SHUTDOWN", "details": "", "operator": "system", "plugin": "", "engagement_id": "E1", "previous_hash": "ebffc6254d994ebe", "hash": "0091e0839335028c"}
{"timestamp": "2026-02-24T07:29:14.638518+00:00", "level": "INFO", "action": "ROE_VALIDATED", "details": "RoE E1 validated successfully", "operator": "system", "plugin": "", "engagement_id": "E1", "previous_hash": "0091e0839335028c", "hash": "623d09e2dd847822"}
{"timestamp": "2026-02-24T07:29:14.641007+00:00", "level": "INFO", "action": "ENGAGEMENT_LOADED", "details": "RoE validated, authorizer: admin", "operator": "system", "plugin": "", "engagement_id": "E1", "previous_hash": "623d09e2dd847822", "hash": "8929da795627307e"}
{"timestamp": "2026-02-24T07:29:14.648906+00:00", "level": "INFO", "action": "REPORT_GENERATED", "details": "Report for test_report_valid_dir0", "operator": "system", "plugin": "", "engagement_id": "", "previous_hash": "8929da795627307e", "hash": "873703b60a698f6f"}
{"timestamp": "2026-02-24T07:29:14.648906+00:00", "level": "INFO", "action": "REPORT_GENERATED", "details": "Report for test_report_json_format0", "operator": "system", "plugin": "", "engagement_id": "", "previous_hash": "873703b60a698f6f", "hash": "3795fe0a11c756fc"}
{"timestamp": "2026-02-24T07:29:14.683959+00:00", "level": "INFO", "action": "ROE_VALIDATED", "details": "RoE E1 validated successfully", "operator": "system", "plugin": "", "engagement_id": "E1", "previous_hash": "3795fe0a11c756fc", "hash": "f2e0503fa6ec2da0"}
{"timestamp": "2026-02-24T07:29:14.684967+00:00", "level": "INFO", "action": "ENGAGEMENT_LOADED", "details": "RoE validated, authorizer: admin", "operator": "system", "plugin": "", "engagement_id": "E1", "previous_hash": "f2e0503fa6ec2da0", "hash": "5fad98e3d3b73f8b"}
{"timestamp": "2026-02-24T07:29:14.684967+00:00", "level": "INFO", "action": "PLUGIN_DRY_RUN", "details": "Dry run: passive-recon", "operator": "system", "plugin": "passive-recon", "engagement_id": "E1", "previous_hash": "5fad98e3d3b73f8b", "hash": "d0536d22970310da"}
{"timestamp": "2026-02-24T07:29:14.685959+00:00", "level": "INFO", "action": "ENGAGEMENT_SHUTDOWN", "details": "", "operator": "system", "plugin": "", "engagement_id": "E1", "previous_hash": "d0536d22970310da", "hash": "b1acc57539f5b217"}
{"timestamp": "2026-02-24T07:29:14.688519+00:00", "level": "INFO", "action": "ROE_VALIDATED", "details": "RoE E1 validated successfully", "operator": "system", "plugin": "", "engagement_id": "E1", "previous_hash": "b1acc57539f5b217", "hash": "f26034c73b610986"}
{"timestamp": "2026-02-24T07:29:14.688519+00:00", "level": "INFO", "action": "ENGAGEMENT_LOADED", "details": "RoE validated, authorizer: admin", "operator": "system", "plugin": "", "engagement_id": "E1", "previous_hash": "f26034c73b610986", "hash": "07f134bab53a7281"}
{"timestamp": "2026-02-24T07:29:14.688519+00:00", "level": "INFO", "action": "PLUGIN_DRY_RUN", "details": "Dry run: passive-recon", "operator": "system", "plugin": "passive-recon", "engagement_id": "E1", "previous_hash": "07f134bab53a7281", "hash": "933c814453bc97d6"}
{"timestamp": "2026-02-24T07:29:14.688519+00:00", "level": "INFO", "action": "ENGAGEMENT_SHUTDOWN", "details": "", "operator": "system", "plugin": "", "engagement_id": "E1", "previous_hash": "933c814453bc97d6", "hash": "623720e9c293ad6b"}
{"timestamp": "2026-02-24T07:29:45.745861+00:00", "level": "INFO", "action": "ROE_VALIDATED", "details": "RoE ENG-1 validated successfully", "operator": "system", "plugin": "", "engagement_id": "ENG-1", "previous_hash": "623720e9c293ad6b", "hash": "5e0466b06c93875a"}
{"timestamp": "2026-02-24T07:29:45.803984+00:00", "level": "INFO", "action": "ROE_VALIDATED", "details": "RoE ENG-1 validated successfully", "operator": "system", "plugin": "", "engagement_id": "ENG-1", "previous_hash": "5e0466b06c93875a", "hash": "36b1e84fc7ae605d"}
{"timestamp": "2026-02-24T07:29:45.824845+00:00", "level": "WARN", "action": "POLICY_DENIED", "details": "plugin: No engagement context provided", "operator": "system", "plugin": "", "engagement_id": "", "previous_hash": "36b1e84fc7ae605d", "hash": "2d04a3a9e4ca513e"}
{"timestamp": "2026-02-24T07:29:45.825845+00:00", "level": "WARN", "action": "POLICY_DENIED", "details": "plugin: RoE has not been validated", "operator": "system", "plugin": "", "engagement_id": "", "previous_hash": "2d04a3a9e4ca513e", "hash": "e325d5e37b19c3ac"}
{"timestamp": "2026-02-24T07:29:45.826844+00:00", "level": "WARN", "action": "POLICY_DENIED", "details": "plugin: Activation code has not been verified", "operator": "system", "plugin": "", "engagement_id": "", "previous_hash": "e325d5e37b19c3ac", "hash": "f1192be6808ac64e"}
{"timestamp": "2026-02-24T07:29:45.828887+00:00", "level": "WARN", "action": "POLICY_DENIED", "details": "exploit: Plugin 'exploit' not in allowed tests: ['recon']", "operator": "system", "plugin": "", "engagement_id": "", "previous_hash": "f1192be6808ac64e", "hash": "ba9d3512971a0721"}
{"timestamp": "2026-02-24T07:29:45.831906+00:00", "level": "WARN", "action": "POLICY_DENIED", "details": "recon: Current time outside engagement window (2026-02-24 08:29:45.830906+00:00 \u2014 2026-02-24 09:29:45.830906+00:00)", "operator": "system", "plugin": "", "engagement_id": "", "previous_hash": "ba9d3512971a0721", "hash": "1149cd3b2a92f86c"}
{"timestamp": "2026-02-24T07:29:45.832906+00:00", "level": "WARN", "action": "POLICY_DENIED", "details": "recon: Invalid time format in engagement context", "operator": "system", "plugin": "", "engagement_id": "", "previous_hash": "1149cd3b2a92f86c", "hash": "287630c917163f1a"}
{"timestamp": "2026-02-24T07:31:39.341174+00:00", "level": "INFO", "action": "ACTIVATION_CODE_SET", "details": "New activation code configured", "operator": "system", "plugin": "", "engagement_id": "", "previous_hash": "287630c917163f1a", "hash": "77a0db1538612b0d"}
{"timestamp": "2026-02-24T07:31:39.422764+00:00", "level": "INFO", "action": "ACTIVATION_CODE_SET", "details": "New activation code configured", "operator": "system", "plugin": "", "engagement_id": "", "previous_hash": "77a0db1538612b0d", "hash": "4b07549a7df48230"}
{"timestamp": "2026-02-24T07:31:39.459167+00:00", "level": "WARN", "action": "ACTIVATION_SET_FAILED", "details": "Code must contain letters, digits, and special characters", "operator": "system", "plugin": "", "engagement_id": "", "previous_hash": "4b07549a7df48230", "hash": "e0253e6bc0576fcd"}
{"timestamp": "2026-02-24T07:31:39.467579+00:00", "level": "WARN", "action": "ACTIVATION_SET_FAILED", "details": "Code must contain letters, digits, and special characters", "operator": "system", "plugin": "", "engagement_id": "", "previous_hash": "e0253e6bc0576fcd", "hash": "c56ce22203c66eb1"}
{"timestamp": "2026-02-24T07:31:39.469560+00:00", "level": "WARN", "action": "ACTIVATION_SET_FAILED", "details": "Code must contain letters, digits, and special characters", "operator": "system", "plugin": "", "engagement_id": "", "previous_hash": "c56ce22203c66eb1", "hash": "d771bccc1dec0da3"}
{"timestamp": "2026-02-24T07:31:39.469560+00:00", "level": "WARN", "action": "ACTIVATION_SET_FAILED", "details": "Code too short \u2014 minimum 8 characters required", "operator": "system", "plugin": "", "engagement_id": "", "previous_hash": "d771bccc1dec0da3", "hash": "58c1c030c40c32f5"}
{"timestamp": "2026-02-24T07:31:39.504030+00:00", "level": "INFO", "action": "ACTIVATION_CODE_SET", "details": "New activation code configured", "operator": "system", "plugin": "", "engagement_id": "", "previous_hash": "58c1c030c40c32f5", "hash": "30fee4144ab92809"}
{"timestamp": "2026-02-24T07:31:39.504030+00:00", "level": "INFO", "action": "ACTIVATION_CODE_CLEARED", "details": "Activation code removed", "operator": "system", "plugin": "", "engagement_id": "", "previous_hash": "30fee4144ab92809", "hash": "398235cc0bfeb7f2"}
{"timestamp": "2026-02-24T07:31:39.539995+00:00", "level": "INFO", "action": "ACTIVATION_CODE_SET", "details": "New activation code configured", "operator": "system", "plugin": "", "engagement_id": "", "previous_hash": "398235cc0bfeb7f2", "hash": "d4a41935294efed8"}
{"timestamp": "2026-02-24T07:31:39.581006+00:00", "level": "INFO", "action": "ACTIVATION_CODE_SET", "details": "New activation code configured", "operator": "system", "plugin": "", "engagement_id": "", "previous_hash": "d4a41935294efed8", "hash": "4a9063b1d05d5b0c"}
{"timestamp": "2026-02-24T07:31:39.609184+00:00", "level": "INFO", "action": "ENGAGEMENT_INIT", "details": "Created engagement: ENG-001", "operator": "system", "plugin": "", "engagement_id": "", "previous_hash": "4a9063b1d05d5b0c", "hash": "f41e060ac47942be"}
{"timestamp": "2026-02-24T07:31:39.628684+00:00", "level": "INFO", "action": "ENGAGEMENT_INIT", "details": "Created engagement: TMPL", "operator": "system", "plugin": "", "engagement_id": "", "previous_hash": "f41e060ac47942be", "hash": "02dc07b80cd88f7e"}
{"timestamp": "2026-02-24T07:37:43.257004+00:00", "level": "INFO", "action": "ROE_VALIDATED", "details": "RoE TEST-001 validated successfully", "operator": "system", "plugin": "", "engagement_id": "TEST-001", "previous_hash": "02dc07b80cd88f7e", "hash": "ef843b8fcbb2c910"}
{"timestamp": "2026-02-24T07:37:43.257004+00:00", "level": "INFO", "action": "ENGAGEMENT_LOADED", "details": "RoE validated, authorizer: Test Admin", "operator": "system", "plugin": "", "engagement_id": "TEST-001", "previous_hash": "ef843b8fcbb2c910", "hash": "dc5617e17967e085"}
{"timestamp": "2026-02-24T07:37:43.269362+00:00", "level": "ERROR", "action": "ENGAGEMENT_LOAD_FAILED", "details": "Missing required RoE fields: authorizer, authorized_targets, allowed_tests, start_time_utc, end_time_utc", "operator": "system", "plugin": "", "engagement_id": "", "previous_hash": "dc5617e17967e085", "hash": "ed6e9801b9475818"}
{"timestamp": "2026-02-24T07:37:43.279265+00:00", "level": "ERROR", "action": "ENGAGEMENT_LOAD_FAILED", "details": "RoE has expired (end_time: 2026-02-23T07:37:43+00:00)", "operator": "system", "plugin": "", "engagement_id": "", "previous_hash": "ed6e9801b9475818", "hash": "347a689cf5d23e56"}
{"timestamp": "2026-02-24T07:37:43.280279+00:00", "level": "ERROR", "action": "ENGAGEMENT_LOAD_FAILED", "details": "RoE file not found: \\nonexistent\\roe.yaml", "operator": "system", "plugin": "", "engagement_id": "", "previous_hash": "347a689cf5d23e56", "hash": "892b89dafed85940"}
{"timestamp": "2026-02-24T07:37:43.285288+00:00", "level": "INFO", "action": "ROE_VALIDATED", "details": "RoE TEST-001 validated successfully", "operator": "system", "plugin": "", "engagement_id": "TEST-001", "previous_hash": "892b89dafed85940", "hash": "cd50d75e49817cdd"}
{"timestamp": "2026-02-24T07:37:43.285288+00:00", "level": "INFO", "action": "ENGAGEMENT_LOADED", "details": "RoE validated, authorizer: Test Admin", "operator": "system", "plugin": "", "engagement_id": "TEST-001", "previous_hash": "cd50d75e49817cdd", "hash": "05d2f472d0c7de99"}
{"timestamp": "2026-02-24T07:37:43.285288+00:00", "level": "INFO", "action": "PLUGIN_DRY_RUN", "details": "Dry run: stub-test", "operator": "system", "plugin": "stub-test", "engagement_id": "TEST-001", "previous_hash": "05d2f472d0c7de99", "hash": "41e045021915c618"}
{"timestamp": "2026-02-24T07:37:43.296229+00:00", "level": "INFO", "action": "ROE_VALIDATED", "details": "RoE TEST-001 validated successfully", "operator": "system", "plugin": "", "engagement_id": "TEST-001", "previous_hash": "41e045021915c618", "hash": "b1b833d20d43b554"}
{"timestamp": "2026-02-24T07:37:43.296229+00:00", "level": "INFO", "action": "ENGAGEMENT_LOADED", "details": "RoE validated, authorizer: Test Admin", "operator": "system", "plugin": "", "engagement_id": "TEST-001", "previous_hash": "b1b833d20d43b554", "hash": "dcdbea71b52be1c4"}
{"timestamp": "2026-02-24T07:37:43.304910+00:00", "level": "INFO", "action": "ROE_VALIDATED", "details": "RoE TEST-001 validated successfully", "operator": "system", "plugin": "", "engagement_id": "TEST-001", "previous_hash": "dcdbea71b52be1c4", "hash": "b6806e540ec01aa4"}
{"timestamp": "2026-02-24T07:37:43.304910+00:00", "level": "INFO", "action": "ENGAGEMENT_LOADED", "details": "RoE validated, authorizer: Test Admin", "operator": "system", "plugin": "", "engagement_id": "TEST-001", "previous_hash": "b6806e540ec01aa4", "hash": "78868b15433df65f"}
{"timestamp": "2026-02-24T07:37:43.304910+00:00", "level": "INFO", "action": "PLUGIN_EXECUTE", "details": "Executing: stub-test", "operator": "system", "plugin": "stub-test", "engagement_id": "TEST-001", "previous_hash": "78868b15433df65f", "hash": "4e444c35e3582edc"}
{"timestamp": "2026-02-24T07:37:43.304910+00:00", "level": "INFO", "action": "PLUGIN_COMPLETE", "details": "stub-test: success=True, findings=1, 0ms", "operator": "system", "plugin": "stub-test", "engagement_id": "TEST-001", "previous_hash": "4e444c35e3582edc", "hash": "368762d67ca326d6"}
{"timestamp": "2026-02-24T07:37:43.304910+00:00", "level": "INFO", "action": "ROE_VALIDATED", "details": "RoE TEST-001 validated successfully", "operator": "system", "plugin": "", "engagement_id": "TEST-001", "previous_hash": "368762d67ca326d6", "hash": "b3d6c0f2615e1583"}
{"timestamp": "2026-02-24T07:37:43.304910+00:00", "level": "INFO", "action": "ENGAGEMENT_LOADED", "details": "RoE validated, authorizer: Test Admin", "operator": "system", "plugin": "", "engagement_id": "TEST-001", "previous_hash": "b3d6c0f2615e1583", "hash": "a5f081b8ce714b9e"}
{"timestamp": "2026-02-24T07:37:43.304910+00:00", "level": "INFO", "action": "PLUGIN_EXECUTE", "details": "Executing: fail-test", "operator": "system", "plugin": "fail-test", "engagement_id": "TEST-001", "previous_hash": "a5f081b8ce714b9e", "hash": "071fca16ea2b1035"}
{"timestamp": "2026-02-24T07:37:43.304910+00:00", "level": "INFO", "action": "PLUGIN_COMPLETE", "details": "fail-test: success=False, findings=0, 0ms", "operator": "system", "plugin": "fail-test", "engagement_id": "TEST-001", "previous_hash": "071fca16ea2b1035", "hash": "e2086e096c38a531"}
{"timestamp": "2026-02-24T07:37:43.304910+00:00", "level": "INFO", "action": "ROE_VALIDATED", "details": "RoE TEST-001 validated successfully", "operator": "system", "plugin": "", "engagement_id": "TEST-001", "previous_hash": "e2086e096c38a531", "hash": "9f283ac097c3b230"}
{"timestamp": "2026-02-24T07:37:43.319086+00:00", "level": "INFO", "action": "ENGAGEMENT_LOADED", "details": "RoE validated, authorizer: Test Admin", "operator": "system", "plugin": "", "engagement_id": "TEST-001", "previous_hash": "9f283ac097c3b230", "hash": "354bd8720e1ac7da"}
{"timestamp": "2026-02-24T07:37:43.319086+00:00", "level": "INFO", "action": "ENGAGEMENT_SHUTDOWN", "details": "", "operator": "system", "plugin": "", "engagement_id": "TEST-001", "previous_hash": "354bd8720e1ac7da", "hash": "b16b631cc3931159"}
{"timestamp": "2026-02-24T07:37:43.322087+00:00", "level": "WARN", "action": "ACTIVATION_FAILED", "details": "No engagement loaded", "operator": "system", "plugin": "", "engagement_id": "", "previous_hash": "b16b631cc3931159", "hash": "47ee35f4cd474e6a"}
{"timestamp": "2026-02-24T07:37:43.326682+00:00", "level": "INFO", "action": "ROE_VALIDATED", "details": "RoE TEST-001 validated successfully", "operator": "system", "plugin": "", "engagement_id": "TEST-001", "previous_hash": "47ee35f4cd474e6a", "hash": "60d4ff66d485bce8"}
{"timestamp": "2026-02-24T07:37:43.326682+00:00", "level": "INFO", "action": "ENGAGEMENT_LOADED", "details": "RoE validated, authorizer: Test Admin", "operator": "system", "plugin": "", "engagement_id": "TEST-001", "previous_hash": "60d4ff66d485bce8", "hash": "e167e7ce49855732"}
{"timestamp": "2026-02-24T07:37:43.348193+00:00", "level": "INFO", "action": "ASYNC_PLUGIN_EXECUTE", "details": "Async executing: active-test", "operator": "system", "plugin": "active-test", "engagement_id": "ASYNC-001", "previous_hash": "e167e7ce49855732", "hash": "046eaac2eb69005f"}
{"timestamp": "2026-02-24T07:37:43.348193+00:00", "level": "INFO", "action": "ASYNC_PLUGIN_COMPLETE", "details": "active-test: success=True, findings=0, 0ms", "operator": "system", "plugin": "active-test", "engagement_id": "ASYNC-001", "previous_hash": "046eaac2eb69005f", "hash": "691cdd1c3b677d0d"}
{"timestamp": "2026-02-24T07:37:43.348193+00:00", "level": "INFO", "action": "ASYNC_PLUGIN_EXECUTE", "details": "Async executing: destructive-test", "operator": "system", "plugin": "destructive-test", "engagement_id": "ASYNC-001", "previous_hash": "691cdd1c3b677d0d", "hash": "44576cc783ac9dac"}
{"timestamp": "2026-02-24T07:37:43.348193+00:00", "level": "INFO", "action": "ASYNC_PLUGIN_COMPLETE", "details": "destructive-test: success=True, findings=0, 0ms", "operator": "system", "plugin": "destructive-test", "engagement_id": "ASYNC-001", "previous_hash": "44576cc783ac9dac", "hash": "392cc7c8939e95d8"}
{"timestamp": "2026-02-24T07:37:43.348193+00:00", "level": "INFO", "action": "ASYNC_PLUGIN_DRY_RUN", "details": "Async dry run: async-stub", "operator": "system", "plugin": "async-stub", "engagement_id": "ASYNC-001", "previous_hash": "392cc7c8939e95d8", "hash": "4e79bbf091640caf"}
{"timestamp": "2026-02-24T07:37:43.348193+00:00", "level": "INFO", "action": "ASYNC_PLUGIN_EXECUTE", "details": "Async executing: async-stub", "operator": "system", "plugin": "async-stub", "engagement_id": "ASYNC-001", "previous_hash": "4e79bbf091640caf", "hash": "f3a1107df959c3df"}
{"timestamp": "2026-02-24T07:37:43.369102+00:00", "level": "INFO", "action": "ASYNC_PLUGIN_COMPLETE", "details": "async-stub: success=True, findings=0, 31ms", "operator": "system", "plugin": "async-stub", "engagement_id": "ASYNC-001", "previous_hash": "f3a1107df959c3df", "hash": "aa5292905f00d4a5"}
{"timestamp": "2026-02-24T07:37:43.371336+00:00", "level": "INFO", "action": "ASYNC_PLUGIN_EXECUTE", "details": "Async executing: slow-test", "operator": "system", "plugin": "slow-test", "engagement_id": "ASYNC-001", "previous_hash": "aa5292905f00d4a5", "hash": "32f285922422b9f0"}
{"timestamp": "2026-02-24T07:37:44.404129+00:00", "level": "INFO", "action": "ASYNC_PLUGIN_EXECUTE", "details": "Async executing: active-test", "operator": "system", "plugin": "active-test", "engagement_id": "ASYNC-001", "previous_hash": "32f285922422b9f0", "hash": "a7b2e1a5cfdb1938"}
{"timestamp": "2026-02-24T07:37:44.404129+00:00", "level": "INFO", "action": "ASYNC_PLUGIN_COMPLETE", "details": "active-test: success=True, findings=0, 0ms", "operator": "system", "plugin": "active-test", "engagement_id": "ASYNC-001", "previous_hash": "a7b2e1a5cfdb1938", "hash": "0784b9cf120e09b3"}
{"timestamp": "2026-02-24T07:37:44.443549+00:00", "level": "INFO", "action": "ROE_VALIDATED", "details": "RoE TEST-001 validated successfully", "operator": "system", "plugin": "", "engagement_id": "TEST-001", "previous_hash": "0784b9cf120e09b3", "hash": "8992fd0579990d58"}
{"timestamp": "2026-02-24T07:37:44.457636+00:00", "level": "WARN", "action": "POLICY_DENIED", "details": "test-plugin: RoE has not been validated", "operator": "system", "plugin": "", "engagement_id": "", "previous_hash": "8992fd0579990d58", "hash": "f46c45456e0ec1f4"}
{"timestamp": "2026-02-24T07:37:44.489105+00:00", "level": "INFO", "action": "ACTIVATION_CODE_SET", "details": "New activation code configured", "operator": "system", "plugin": "", "engagement_id": "", "previous_hash": "f46c45456e0ec1f4", "hash": "d57ae56f2ea585a5"}
{"timestamp": "2026-02-24T07:41:30.592301+00:00", "level": "INFO", "action": "ENGAGEMENT_INIT", "details": "Created engagement: test-eng", "operator": "system", "plugin": "", "engagement_id": "", "previous_hash": "d57ae56f2ea585a5", "hash": "dbdf6f11346ce797"}
{"timestamp": "2026-02-24T07:41:30.705033+00:00", "level": "INFO", "action": "ROE_VALIDATED", "details": "RoE E1 validated successfully", "operator": "system", "plugin": "", "engagement_id": "E1", "previous_hash": "dbdf6f11346ce797", "hash": "6c60c8b3fe44f7df"}
{"timestamp": "2026-02-24T07:41:30.705033+00:00", "level": "INFO", "action": "ENGAGEMENT_LOADED", "details": "RoE validated, authorizer: admin", "operator": "system", "plugin": "", "engagement_id": "E1", "previous_hash": "6c60c8b3fe44f7df", "hash": "8c49a3d3b62e7346"}
{"timestamp": "2026-02-24T07:41:30.719281+00:00", "level": "INFO", "action": "PLUGIN_DRY_RUN", "details": "Dry run: passive-recon", "operator": "system", "plugin": "passive-recon", "engagement_id": "E1", "previous_hash": "8c49a3d3b62e7346", "hash": "42cfd3c092130c28"}
{"timestamp": "2026-02-24T07:41:30.720555+00:00", "level": "INFO", "action": "ENGAGEMENT_SHUTDOWN", "details": "", "operator": "system", "plugin": "", "engagement_id": "E1", "previous_hash": "42cfd3c092130c28", "hash": "9f43d93d65bd9b35"}
{"timestamp": "2026-02-24T07:41:30.726556+00:00", "level": "ERROR", "action": "ENGAGEMENT_LOAD_FAILED", "details": "Missing required RoE fields: engagement_id, authorizer, authorized_targets, allowed_tests, start_time_utc, end_time_utc", "operator": "system", "plugin": "", "engagement_id": "", "previous_hash": "9f43d93d65bd9b35", "hash": "b01e81d7e1d9786a"}
{"timestamp": "2026-02-24T07:41:30.734688+00:00", "level": "INFO", "action": "ROE_VALIDATED", "details": "RoE E1 validated successfully", "operator": "system", "plugin": "", "engagement_id": "E1", "previous_hash": "b01e81d7e1d9786a", "hash": "bcf0523b2fe5dec6"}
{"timestamp": "2026-02-24T07:41:30.734688+00:00", "level": "INFO", "action": "ENGAGEMENT_LOADED", "details": "RoE validated, authorizer: admin", "operator": "system", "plugin": "", "engagement_id": "E1", "previous_hash": "bcf0523b2fe5dec6", "hash": "b6ef5fe0eff072d9"}
{"timestamp": "2026-02-24T07:41:30.734688+00:00", "level": "INFO", "action": "PLUGIN_DRY_RUN", "details": "Dry run: sast-scanner", "operator": "system", "plugin": "sast-scanner", "engagement_id": "E1", "previous_hash": "b6ef5fe0eff072d9", "hash": "d1a161344ad312e7"}
{"timestamp": "2026-02-24T07:41:30.736013+00:00", "level": "INFO", "action": "ENGAGEMENT_SHUTDOWN", "details": "", "operator": "system", "plugin": "", "engagement_id": "E1", "previous_hash": "d1a161344ad312e7", "hash": "7e96e5d55f097d38"}
{"timestamp": "2026-02-24T07:41:30.739022+00:00", "level": "INFO", "action": "ROE_VALIDATED", "details": "RoE E1 validated successfully", "operator": "system", "plugin": "", "engagement_id": "E1", "previous_hash": "7e96e5d55f097d38", "hash": "df4372c9e85ce347"}
{"timestamp": "2026-02-24T07:41:30.739022+00:00", "level": "INFO", "action": "ENGAGEMENT_LOADED", "details": "RoE validated, authorizer: admin", "operator": "system", "plugin": "", "engagement_id": "E1", "previous_hash": "df4372c9e85ce347", "hash": "e70dd2267466c562"}
{"timestamp": "2026-02-24T07:41:30.739022+00:00", "level": "INFO", "action": "REPORT_GENERATED", "details": "Report for test_report_valid_dir0", "operator": "system", "plugin": "", "engagement_id": "", "previous_hash": "e70dd2267466c562", "hash": "f98f23dc8d340fc3"}
{"timestamp": "2026-02-24T07:41:30.754702+00:00", "level": "INFO", "action": "REPORT_GENERATED", "details": "Report for test_report_json_format0", "operator": "system", "plugin": "", "engagement_id": "", "previous_hash": "f98f23dc8d340fc3", "hash": "16080a5a61ca3abb"}
{"timestamp": "2026-02-24T07:41:30.781728+00:00", "level": "INFO", "action": "ROE_VALIDATED", "details": "RoE E1 validated successfully", "operator": "system", "plugin": "", "engagement_id": "E1", "previous_hash": "16080a5a61ca3abb", "hash": "e7af22e101740d7e"}
{"timestamp": "2026-02-24T07:41:30.782734+00:00", "level": "INFO", "action": "ENGAGEMENT_LOADED", "details": "RoE validated, authorizer: admin", "operator": "system", "plugin": "", "engagement_id": "E1", "previous_hash": "e7af22e101740d7e", "hash": "3e783bf9e87da2c0"}
{"timestamp": "2026-02-24T07:41:30.782734+00:00", "level": "INFO", "action": "PLUGIN_DRY_RUN", "details": "Dry run: passive-recon", "operator": "system", "plugin": "passive-recon", "engagement_id": "E1", "previous_hash": "3e783bf9e87da2c0", "hash": "2f2988d66a512339"}
{"timestamp": "2026-02-24T07:41:30.783728+00:00", "level": "INFO", "action": "ENGAGEMENT_SHUTDOWN", "details": "", "operator": "system", "plugin": "", "engagement_id": "E1", "previous_hash": "2f2988d66a512339", "hash": "f4ad481dd2a668ca"}
{"timestamp": "2026-02-24T07:41:30.788993+00:00", "level": "INFO", "action": "ROE_VALIDATED", "details": "RoE E1 validated successfully", "operator": "system", "plugin": "", "engagement_id": "E1", "previous_hash": "f4ad481dd2a668ca", "hash": "6c5098c9b0493165"}
{"timestamp": "2026-02-24T07:41:30.788993+00:00", "level": "INFO", "action": "ENGAGEMENT_LOADED", "details": "RoE validated, authorizer: admin", "operator": "system", "plugin": "", "engagement_id": "E1", "previous_hash": "6c5098c9b0493165", "hash": "079f0e5818fc8df7"}
{"timestamp": "2026-02-24T07:41:30.788993+00:00", "level": "INFO", "action": "PLUGIN_DRY_RUN", "details": "Dry run: passive-recon", "operator": "system", "plugin": "passive-recon", "engagement_id": "E1", "previous_hash": "079f0e5818fc8df7", "hash": "d2787fcc27902f76"}
{"timestamp": "2026-02-24T07:41:30.788993+00:00", "level": "INFO", "action": "ENGAGEMENT_SHUTDOWN", "details": "", "operator": "system", "plugin": "", "engagement_id": "E1", "previous_hash": "d2787fcc27902f76", "hash": "a4029e9de5c04bbf"}
{"timestamp": "2026-02-24T07:42:05.910910+00:00", "level": "INFO", "action": "ROE_VALIDATED", "details": "RoE ENG-1 validated successfully", "operator": "system", "plugin": "", "engagement_id": "ENG-1", "previous_hash": "a4029e9de5c04bbf", "hash": "2363e70e75c88a1a"}
{"timestamp": "2026-02-24T07:42:05.986826+00:00", "level": "INFO", "action": "ROE_VALIDATED", "details": "RoE ENG-1 validated successfully", "operator": "system", "plugin": "", "engagement_id": "ENG-1", "previous_hash": "2363e70e75c88a1a", "hash": "5e74d366f0213b7f"}
{"timestamp": "2026-02-24T07:42:05.996338+00:00", "level": "WARN", "action": "POLICY_DENIED", "details": "plugin: No engagement context provided", "operator": "system", "plugin": "", "engagement_id": "", "previous_hash": "5e74d366f0213b7f", "hash": "f8343bf6f66bb17f"}
{"timestamp": "2026-02-24T07:42:06.004595+00:00", "level": "WARN", "action": "POLICY_DENIED", "details": "plugin: RoE has not been validated", "operator": "system", "plugin": "", "engagement_id": "", "previous_hash": "f8343bf6f66bb17f", "hash": "6feb46d3fcf3ae0b"}
{"timestamp": "2026-02-24T07:42:06.004595+00:00", "level": "WARN", "action": "POLICY_DENIED", "details": "plugin: Activation code has not been verified", "operator": "system", "plugin": "", "engagement_id": "", "previous_hash": "6feb46d3fcf3ae0b", "hash": "790800dd267cf277"}
{"timestamp": "2026-02-24T07:42:06.004595+00:00", "level": "WARN", "action": "POLICY_DENIED", "details": "exploit: Plugin 'exploit' not in allowed tests: ['recon']", "operator": "system", "plugin": "", "engagement_id": "", "previous_hash": "790800dd267cf277", "hash": "6b8ee330645e218b"}
{"timestamp": "2026-02-24T07:42:06.004595+00:00", "level": "WARN", "action": "POLICY_DENIED", "details": "recon: Current time outside engagement window (2026-02-24 08:42:06.004595+00:00 \u2014 2026-02-24 09:42:06.004595+00:00)", "operator": "system", "plugin": "", "engagement_id": "", "previous_hash": "6b8ee330645e218b", "hash": "70ca70cc12229a21"}
{"timestamp": "2026-02-24T07:42:06.004595+00:00", "level": "WARN", "action": "POLICY_DENIED", "details": "recon: Invalid time format in engagement context", "operator": "system", "plugin": "", "engagement_id": "", "previous_hash": "70ca70cc12229a21", "hash": "334fd3118aae3af2"}
{"timestamp": "2026-02-24T07:49:33.526814+00:00", "level": "INFO", "action": "ROE_VALIDATED", "details": "RoE ENG-1 validated successfully", "operator": "system", "plugin": "", "engagement_id": "ENG-1", "previous_hash": "334fd3118aae3af2", "hash": "5910c78bdf7f8b6d"}
{"timestamp": "2026-02-24T07:49:33.570153+00:00", "level": "INFO", "action": "ROE_VALIDATED", "details": "RoE ENG-1 validated successfully", "operator": "system", "plugin": "", "engagement_id": "ENG-1", "previous_hash": "5910c78bdf7f8b6d", "hash": "2652803adea17f29"}
{"timestamp": "2026-02-24T07:52:45.610954+00:00", "level": "INFO", "action": "ROE_VALIDATED", "details": "RoE ENG-1 validated successfully", "operator": "system", "plugin": "", "engagement_id": "ENG-1", "previous_hash": "2652803adea17f29", "hash": "17e038eed134dfe0"}
{"timestamp": "2026-02-24T07:52:45.660936+00:00", "level": "INFO", "action": "ROE_VALIDATED", "details": "RoE ENG-1 validated successfully", "operator": "system", "plugin": "", "engagement_id": "ENG-1", "previous_hash": "17e038eed134dfe0", "hash": "d5b6208050870218"}
{"timestamp": "2026-02-24T07:52:45.723779+00:00", "level": "WARN", "action": "POLICY_DENIED", "details": "plugin: No engagement context provided", "operator": "system", "plugin": "", "engagement_id": "", "previous_hash": "d5b6208050870218", "hash": "35d7abae52980871"}
{"timestamp": "2026-02-24T07:52:45.723779+00:00", "level": "WARN", "action": "POLICY_DENIED", "details": "plugin: RoE has not been validated", "operator": "system", "plugin": "", "engagement_id": "", "previous_hash": "35d7abae52980871", "hash": "5721c3bea695079b"}
{"timestamp": "2026-02-24T07:52:45.731686+00:00", "level": "WARN", "action": "POLICY_DENIED", "details": "plugin: Activation code has not been verified", "operator": "system", "plugin": "", "engagement_id": "", "previous_hash": "5721c3bea695079b", "hash": "496a5c851bc92f51"}
{"timestamp": "2026-02-24T07:52:45.731686+00:00", "level": "WARN", "action": "POLICY_DENIED", "details": "exploit: Plugin 'exploit' not in allowed tests: ['recon']", "operator": "system", "plugin": "", "engagement_id": "", "previous_hash": "496a5c851bc92f51", "hash": "fcd9fd754721ec6c"}
{"timestamp": "2026-02-24T07:52:45.731686+00:00", "level": "WARN", "action": "POLICY_DENIED", "details": "recon: Current time outside engagement window (2026-02-24 08:52:45.731686+00:00 \u2014 2026-02-24 09:52:45.731686+00:00)", "operator": "system", "plugin": "", "engagement_id": "", "previous_hash": "fcd9fd754721ec6c", "hash": "076538e0644e4010"}
{"timestamp": "2026-02-24T07:52:45.731686+00:00", "level": "WARN", "action": "POLICY_DENIED", "details": "recon: Invalid time format in engagement context", "operator": "system", "plugin": "", "engagement_id": "", "previous_hash": "076538e0644e4010", "hash": "bd7ff759695e9fd2"}
{"timestamp": "2026-02-24T07:53:17.592253+00:00", "level": "INFO", "action": "ROE_VALIDATED", "details": "RoE ENG-1 validated successfully", "operator": "system", "plugin": "", "engagement_id": "ENG-1", "previous_hash": "bd7ff759695e9fd2", "hash": "c4d51f21a59def20"}
{"timestamp": "2026-02-24T07:53:17.637040+00:00", "level": "INFO", "action": "ROE_VALIDATED", "details": "RoE ENG-1 validated successfully", "operator": "system", "plugin": "", "engagement_id": "ENG-1", "previous_hash": "c4d51f21a59def20", "hash": "191a78b02602e171"}
{"timestamp": "2026-02-24T07:53:17.645302+00:00", "level": "INFO", "action": "ACTIVATION_ATTEMPT", "details": "success=True", "operator": "user", "plugin": "", "engagement_id": "", "previous_hash": "191a78b02602e171", "hash": "fd42308c6d193821"}
{"timestamp": "2026-02-24T07:53:17.646303+00:00", "level": "WARN", "action": "ACTIVATION_ATTEMPT", "details": "success=False", "operator": "user", "plugin": "", "engagement_id": "", "previous_hash": "fd42308c6d193821", "hash": "97a8356abb634e34"}
{"timestamp": "2026-02-24T07:53:17.647303+00:00", "level": "WARN", "action": "POLICY_DENIED", "details": "plugin: No engagement context provided", "operator": "system", "plugin": "", "engagement_id": "", "previous_hash": "97a8356abb634e34", "hash": "44efd4257d135dd4"}
{"timestamp": "2026-02-24T07:53:17.648335+00:00", "level": "WARN", "action": "POLICY_DENIED", "details": "plugin: RoE has not been validated", "operator": "system", "plugin": "", "engagement_id": "", "previous_hash": "44efd4257d135dd4", "hash": "2125782e3b0b9d3b"}
{"timestamp": "2026-02-24T07:53:17.648335+00:00", "level": "WARN", "action": "POLICY_DENIED", "details": "plugin: Activation code has not been verified", "operator": "system", "plugin": "", "engagement_id": "", "previous_hash": "2125782e3b0b9d3b", "hash": "e34dff00b88de073"}
{"timestamp": "2026-02-24T07:53:17.648335+00:00", "level": "WARN", "action": "POLICY_DENIED", "details": "exploit: Plugin 'exploit' not in allowed tests: ['recon']", "operator": "system", "plugin": "", "engagement_id": "", "previous_hash": "e34dff00b88de073", "hash": "271cae4372c38173"}
{"timestamp": "2026-02-24T07:53:17.648335+00:00", "level": "WARN", "action": "POLICY_DENIED", "details": "recon: Current time outside engagement window (2026-02-24 08:53:17.648335+00:00 \u2014 2026-02-24 09:53:17.648335+00:00)", "operator": "system", "plugin": "", "engagement_id": "", "previous_hash": "271cae4372c38173", "hash": "b1410ac792935af3"}
{"timestamp": "2026-02-24T07:53:17.652543+00:00", "level": "WARN", "action": "POLICY_DENIED", "details": "recon: Invalid time format in engagement context", "operator": "system", "plugin": "", "engagement_id": "", "previous_hash": "b1410ac792935af3", "hash": "36a0359889f06154"}
{"timestamp": "2026-02-24T07:53:25.696599+00:00", "level": "INFO", "action": "ACTIVATION_CODE_SET", "details": "New activation code configured", "operator": "system", "plugin": "", "engagement_id": "", "previous_hash": "36a0359889f06154", "hash": "72e2e5d50da9378d"}
{"timestamp": "2026-02-24T07:53:25.768458+00:00", "level": "INFO", "action": "ACTIVATION_CODE_SET", "details": "New activation code configured", "operator": "system", "plugin": "", "engagement_id": "", "previous_hash": "72e2e5d50da9378d", "hash": "8426720094205999"}
{"timestamp": "2026-02-24T07:53:25.809421+00:00", "level": "WARN", "action": "ACTIVATION_SET_FAILED", "details": "Code must contain letters, digits, and special characters", "operator": "system", "plugin": "", "engagement_id": "", "previous_hash": "8426720094205999", "hash": "8dae2449e08ac1c1"}
{"timestamp": "2026-02-24T07:53:25.820278+00:00", "level": "WARN", "action": "ACTIVATION_SET_FAILED", "details": "Code must contain letters, digits, and special characters", "operator": "system", "plugin": "", "engagement_id": "", "previous_hash": "8dae2449e08ac1c1", "hash": "1395090f22cb83b0"}
{"timestamp": "2026-02-24T07:53:25.820278+00:00", "level": "WARN", "action": "ACTIVATION_SET_FAILED", "details": "Code must contain letters, digits, and special characters", "operator": "system", "plugin": "", "engagement_id": "", "previous_hash": "1395090f22cb83b0", "hash": "97491c139d4f300b"}
{"timestamp": "2026-02-24T07:53:25.820278+00:00", "level": "WARN", "action": "ACTIVATION_SET_FAILED", "details": "Code too short \u2014 minimum 8 characters required", "operator": "system", "plugin": "", "engagement_id": "", "previous_hash": "97491c139d4f300b", "hash": "3bd7acfddb05eeda"}
{"timestamp": "2026-02-24T07:53:25.859371+00:00", "level": "INFO", "action": "ACTIVATION_CODE_SET", "details": "New activation code configured", "operator": "system", "plugin": "", "engagement_id": "", "previous_hash": "3bd7acfddb05eeda", "hash": "f8342938b4e90755"}
{"timestamp": "2026-02-24T07:53:25.859371+00:00", "level": "INFO", "action": "ACTIVATION_CODE_CLEARED", "details": "Activation code removed", "operator": "system", "plugin": "", "engagement_id": "", "previous_hash": "f8342938b4e90755", "hash": "71e0754b5d79c07f"}
{"timestamp": "2026-02-24T07:53:25.896616+00:00", "level": "INFO", "action": "ACTIVATION_CODE_SET", "details": "New activation code configured", "operator": "system", "plugin": "", "engagement_id": "", "previous_hash": "71e0754b5d79c07f", "hash": "626a15385a898c58"}
{"timestamp": "2026-02-24T07:53:25.936422+00:00", "level": "INFO", "action": "ACTIVATION_CODE_SET", "details": "New activation code configured", "operator": "system", "plugin": "", "engagement_id": "", "previous_hash": "626a15385a898c58", "hash": "7191f3b343b4d20c"}
{"timestamp": "2026-02-24T07:53:25.952017+00:00", "level": "INFO", "action": "ENGAGEMENT_INIT", "details": "Created engagement: ENG-001", "operator": "system", "plugin": "", "engagement_id": "", "previous_hash": "7191f3b343b4d20c", "hash": "10f117384a08ac2d"}
{"timestamp": "2026-02-24T07:53:25.964938+00:00", "level": "INFO", "action": "ENGAGEMENT_INIT", "details": "Created engagement: TMPL", "operator": "system", "plugin": "", "engagement_id": "", "previous_hash": "10f117384a08ac2d", "hash": "a35617b31d9f8a2c"}
{"timestamp": "2026-02-24T07:59:34.257067+00:00", "level": "INFO", "action": "ROE_VALIDATED", "details": "RoE TEST-001 validated successfully", "operator": "system", "plugin": "", "engagement_id": "TEST-001", "previous_hash": "a35617b31d9f8a2c", "hash": "db0e27a251df523b"}
{"timestamp": "2026-02-24T07:59:34.257067+00:00", "level": "INFO", "action": "ENGAGEMENT_LOADED", "details": "RoE validated, authorizer: Test Admin", "operator": "system", "plugin": "", "engagement_id": "TEST-001", "previous_hash": "db0e27a251df523b", "hash": "2b8a114800a77557"}
{"timestamp": "2026-02-24T07:59:34.260768+00:00", "level": "ERROR", "action": "ENGAGEMENT_LOAD_FAILED", "details": "Missing required RoE fields: authorizer, authorized_targets, allowed_tests, start_time_utc, end_time_utc", "operator": "system", "plugin": "", "engagement_id": "", "previous_hash": "2b8a114800a77557", "hash": "5b980883ebc14595"}
{"timestamp": "2026-02-24T07:59:34.270526+00:00", "level": "ERROR", "action": "ENGAGEMENT_LOAD_FAILED", "details": "RoE has expired (end_time: 2026-02-23T07:59:34+00:00)", "operator": "system", "plugin": "", "engagement_id": "", "previous_hash": "5b980883ebc14595", "hash": "d0c62e3cddc078b6"}
{"timestamp": "2026-02-24T07:59:34.272065+00:00", "level": "ERROR", "action": "ENGAGEMENT_LOAD_FAILED", "details": "RoE file not found: \\nonexistent\\roe.yaml", "operator": "system", "plugin": "", "engagement_id": "", "previous_hash": "d0c62e3cddc078b6", "hash": "2c1dcb58e31f82c3"}
{"timestamp": "2026-02-24T07:59:34.277720+00:00", "level": "INFO", "action": "ROE_VALIDATED", "details": "RoE TEST-001 validated successfully", "operator": "system", "plugin": "", "engagement_id": "TEST-001", "previous_hash": "2c1dcb58e31f82c3", "hash": "e8ff63e15e89111c"}
{"timestamp": "2026-02-24T07:59:34.277720+00:00", "level": "INFO", "action": "ENGAGEMENT_LOADED", "details": "RoE validated, authorizer: Test Admin", "operator": "system", "plugin": "", "engagement_id": "TEST-001", "previous_hash": "e8ff63e15e89111c", "hash": "c60f74e54dc80ac4"}
{"timestamp": "2026-02-24T07:59:34.277720+00:00", "level": "INFO", "action": "PLUGIN_DRY_RUN", "details": "Dry run: stub-test", "operator": "system", "plugin": "stub-test", "engagement_id": "TEST-001", "previous_hash": "c60f74e54dc80ac4", "hash": "bb4592d6fccdde07"}
{"timestamp": "2026-02-24T07:59:34.283161+00:00", "level": "INFO", "action": "ROE_VALIDATED", "details": "RoE TEST-001 validated successfully", "operator": "system", "plugin": "", "engagement_id": "TEST-001", "previous_hash": "bb4592d6fccdde07", "hash": "bce8a6561bfffd6a"}
{"timestamp": "2026-02-24T07:59:34.284162+00:00", "level": "INFO", "action": "ENGAGEMENT_LOADED", "details": "RoE validated, authorizer: Test Admin", "operator": "system", "plugin": "", "engagement_id": "TEST-001", "previous_hash": "bce8a6561bfffd6a", "hash": "4ae94ddc3c9a09ca"}
{"timestamp": "2026-02-24T07:59:34.289206+00:00", "level": "INFO", "action": "ROE_VALIDATED", "details": "RoE TEST-001 validated successfully", "operator": "system", "plugin": "", "engagement_id": "TEST-001", "previous_hash": "4ae94ddc3c9a09ca", "hash": "10a37dbe0bf75610"}
{"timestamp": "2026-02-24T07:59:34.289742+00:00", "level": "INFO", "action": "ENGAGEMENT_LOADED", "details": "RoE validated, authorizer: Test Admin", "operator": "system", "plugin": "", "engagement_id": "TEST-001", "previous_hash": "10a37dbe0bf75610", "hash": "d37bfa8aa826a011"}
{"timestamp": "2026-02-24T07:59:34.289742+00:00", "level": "INFO", "action": "PLUGIN_EXECUTE", "details": "Executing: stub-test", "operator": "system", "plugin": "stub-test", "engagement_id": "TEST-001", "previous_hash": "d37bfa8aa826a011", "hash": "34b954a09d709f3a"}
{"timestamp": "2026-02-24T07:59:34.289742+00:00", "level": "INFO", "action": "PLUGIN_COMPLETE", "details": "stub-test: success=True, findings=1, 0ms", "operator": "system", "plugin": "stub-test", "engagement_id": "TEST-001", "previous_hash": "34b954a09d709f3a", "hash": "dcd8d77c4d61ccea"}
{"timestamp": "2026-02-24T07:59:34.295264+00:00", "level": "INFO", "action": "ROE_VALIDATED", "details": "RoE TEST-001 validated successfully", "operator": "system", "plugin": "", "engagement_id": "TEST-001", "previous_hash": "dcd8d77c4d61ccea", "hash": "d2e60058116a40fc"}
{"timestamp": "2026-02-24T07:59:34.295264+00:00", "level": "INFO", "action": "ENGAGEMENT_LOADED", "details": "RoE validated, authorizer: Test Admin", "operator": "system", "plugin": "", "engagement_id": "TEST-001", "previous_hash": "d2e60058116a40fc", "hash": "cd0a9d96b4fd14f2"}
{"timestamp": "2026-02-24T07:59:34.295264+00:00", "level": "INFO", "action": "PLUGIN_EXECUTE", "details": "Executing: fail-test", "operator": "system", "plugin": "fail-test", "engagement_id": "TEST-001", "previous_hash": "cd0a9d96b4fd14f2", "hash": "9bbcc4b850d20562"}
{"timestamp": "2026-02-24T07:59:34.296266+00:00", "level": "INFO", "action": "PLUGIN_COMPLETE", "details": "fail-test: success=False, findings=0, 0ms", "operator": "system", "plugin": "fail-test", "engagement_id": "TEST-001", "previous_hash": "9bbcc4b850d20562", "hash": "9f888e85edf649cf"}
{"timestamp": "2026-02-24T07:59:34.300323+00:00", "level": "INFO", "action": "ROE_VALIDATED", "details": "RoE TEST-001 validated successfully", "operator": "system", "plugin": "", "engagement_id": "TEST-001", "previous_hash": "9f888e85edf649cf", "hash": "8db62a09ca7d9d34"}
{"timestamp": "2026-02-24T07:59:34.300323+00:00", "level": "INFO", "action": "ENGAGEMENT_LOADED", "details": "RoE validated, authorizer: Test Admin", "operator": "system", "plugin": "", "engagement_id": "TEST-001", "previous_hash": "8db62a09ca7d9d34", "hash": "1cd9a11698d82d49"}
{"timestamp": "2026-02-24T07:59:34.300323+00:00", "level": "INFO", "action": "ENGAGEMENT_SHUTDOWN", "details": "", "operator": "system", "plugin": "", "engagement_id": "TEST-001", "previous_hash": "1cd9a11698d82d49", "hash": "f2c3470800f1ed0a"}
{"timestamp": "2026-02-24T07:59:34.303274+00:00", "level": "WARN", "action": "ACTIVATION_FAILED", "details": "No engagement loaded", "operator": "system", "plugin": "", "engagement_id": "", "previous_hash": "f2c3470800f1ed0a", "hash": "9ac917c44bd4572e"}
{"timestamp": "2026-02-24T07:59:34.305278+00:00", "level": "INFO", "action": "ROE_VALIDATED", "details": "RoE TEST-001 validated successfully", "operator": "system", "plugin": "", "engagement_id": "TEST-001", "previous_hash": "9ac917c44bd4572e", "hash": "a40c137bf872c4aa"}
{"timestamp": "2026-02-24T07:59:34.305278+00:00", "level": "INFO", "action": "ENGAGEMENT_LOADED", "details": "RoE validated, authorizer: Test Admin", "operator": "system", "plugin": "", "engagement_id": "TEST-001", "previous_hash": "a40c137bf872c4aa", "hash": "addd63d2e5f4d594"}
{"timestamp": "2026-02-24T07:59:34.324728+00:00", "level": "INFO", "action": "ASYNC_PLUGIN_EXECUTE", "details": "Async executing: active-test", "operator": "system", "plugin": "active-test", "engagement_id": "ASYNC-001", "previous_hash": "addd63d2e5f4d594", "hash": "763f3cf477dec68d"}
{"timestamp": "2026-02-24T07:59:34.324728+00:00", "level": "INFO", "action": "ASYNC_PLUGIN_COMPLETE", "details": "active-test: success=True, findings=0, 0ms", "operator": "system", "plugin": "active-test", "engagement_id": "ASYNC-001", "previous_hash": "763f3cf477dec68d", "hash": "f5c1a6d7790fbde9"}
{"timestamp": "2026-02-24T07:59:34.328737+00:00", "level": "INFO", "action": "ASYNC_PLUGIN_EXECUTE", "details": "Async executing: destructive-test", "operator": "system", "plugin": "destructive-test", "engagement_id": "ASYNC-001", "previous_hash": "f5c1a6d7790fbde9", "hash": "234e053ba7c916cc"}
{"timestamp": "2026-02-24T07:59:34.328737+00:00", "level": "INFO", "action": "ASYNC_PLUGIN_COMPLETE", "details": "destructive-test: success=True, findings=0, 0ms", "operator": "system", "plugin": "destructive-test", "engagement_id": "ASYNC-001", "previous_hash": "234e053ba7c916cc", "hash": "caca083b5e803746"}
{"timestamp": "2026-02-24T07:59:34.331493+00:00", "level": "INFO", "action": "ASYNC_PLUGIN_DRY_RUN", "details": "Async dry run: async-stub", "operator": "system", "plugin": "async-stub", "engagement_id": "ASYNC-001", "previous_hash": "caca083b5e803746", "hash": "44c022b0c390f52a"}
{"timestamp": "2026-02-24T07:59:34.333492+00:00", "level": "INFO", "action": "ASYNC_PLUGIN_EXECUTE", "details": "Async executing: async-stub", "operator": "system", "plugin": "async-stub", "engagement_id": "ASYNC-001", "previous_hash": "44c022b0c390f52a", "hash": "7d245a3cd335c90c"}
{"timestamp": "2026-02-24T07:59:34.350372+00:00", "level": "INFO", "action": "ASYNC_PLUGIN_COMPLETE", "details": "async-stub: success=True, findings=0, 14ms", "operator": "system", "plugin": "async-stub", "engagement_id": "ASYNC-001", "previous_hash": "7d245a3cd335c90c", "hash": "a214537df7a72ebb"}
{"timestamp": "2026-02-24T07:59:34.352374+00:00", "level": "INFO", "action": "ASYNC_PLUGIN_EXECUTE", "details": "Async executing: slow-test", "operator": "system", "plugin": "slow-test", "engagement_id": "ASYNC-001", "previous_hash": "a214537df7a72ebb", "hash": "8491c8f13ed1249e"}
{"timestamp": "2026-02-24T07:59:35.365421+00:00", "level": "INFO", "action": "ASYNC_PLUGIN_EXECUTE", "details": "Async executing: active-test", "operator": "system", "plugin": "active-test", "engagement_id": "ASYNC-001", "previous_hash": "8491c8f13ed1249e", "hash": "eb54c01def0694b0"}
{"timestamp": "2026-02-24T07:59:35.365421+00:00", "level": "INFO", "action": "ASYNC_PLUGIN_COMPLETE", "details": "active-test: success=True, findings=0, 0ms", "operator": "system", "plugin": "active-test", "engagement_id": "ASYNC-001", "previous_hash": "eb54c01def0694b0", "hash": "354cbf48514a88ae"}
{"timestamp": "2026-02-24T07:59:35.400282+00:00", "level": "INFO", "action": "ROE_VALIDATED", "details": "RoE TEST-001 validated successfully", "operator": "system", "plugin": "", "engagement_id": "TEST-001", "previous_hash": "354cbf48514a88ae", "hash": "ef2631a982129ab8"}
{"timestamp": "2026-02-24T07:59:35.421309+00:00", "level": "WARN", "action": "POLICY_DENIED", "details": "test-plugin: RoE has not been validated", "operator": "system", "plugin": "", "engagement_id": "", "previous_hash": "ef2631a982129ab8", "hash": "5895becedf0ebbd2"}
{"timestamp": "2026-02-24T07:59:35.450406+00:00", "level": "INFO", "action": "ACTIVATION_CODE_SET", "details": "New activation code configured", "operator": "system", "plugin": "", "engagement_id": "", "previous_hash": "5895becedf0ebbd2", "hash": "b82d943d4d6f8b34"}
{"timestamp": "2026-02-24T08:03:13.297697+00:00", "level": "INFO", "action": "ENGAGEMENT_INIT", "details": "Created engagement: test-eng", "operator": "system", "plugin": "", "engagement_id": "", "previous_hash": "b82d943d4d6f8b34", "hash": "df75c4beb96dae7c"}
{"timestamp": "2026-02-24T08:03:13.412123+00:00", "level": "INFO", "action": "ROE_VALIDATED", "details": "RoE E1 validated successfully", "operator": "system", "plugin": "", "engagement_id": "E1", "previous_hash": "df75c4beb96dae7c", "hash": "be46641581e91e9a"}
{"timestamp": "2026-02-24T08:03:13.412123+00:00", "level": "INFO", "action": "ENGAGEMENT_LOADED", "details": "RoE validated, authorizer: admin", "operator": "system", "plugin": "", "engagement_id": "E1", "previous_hash": "be46641581e91e9a", "hash": "36dd8d3e1595fa70"}
{"timestamp": "2026-02-24T08:03:13.412123+00:00", "level": "INFO", "action": "PLUGIN_DRY_RUN", "details": "Dry run: passive-recon", "operator": "system", "plugin": "passive-recon", "engagement_id": "E1", "previous_hash": "36dd8d3e1595fa70", "hash": "8e523e9c99ee6e7e"}
{"timestamp": "2026-02-24T08:03:13.412123+00:00", "level": "INFO", "action": "ENGAGEMENT_SHUTDOWN", "details": "", "operator": "system", "plugin": "", "engagement_id": "E1", "previous_hash": "8e523e9c99ee6e7e", "hash": "c451f3be1e48c564"}
{"timestamp": "2026-02-24T08:03:13.419520+00:00", "level": "ERROR", "action": "ENGAGEMENT_LOAD_FAILED", "details": "Missing required RoE fields: engagement_id, authorizer, authorized_targets, allowed_tests, start_time_utc, end_time_utc", "operator": "system", "plugin": "", "engagement_id": "", "previous_hash": "c451f3be1e48c564", "hash": "5e119acf35a092e9"}
{"timestamp": "2026-02-24T08:03:13.424007+00:00", "level": "INFO", "action": "ROE_VALIDATED", "details": "RoE E1 validated successfully", "operator": "system", "plugin": "", "engagement_id": "E1", "previous_hash": "5e119acf35a092e9", "hash": "0a4bb3e3e3206584"}
{"timestamp": "2026-02-24T08:03:13.424007+00:00", "level": "INFO", "action": "ENGAGEMENT_LOADED", "details": "RoE validated, authorizer: admin", "operator": "system", "plugin": "", "engagement_id": "E1", "previous_hash": "0a4bb3e3e3206584", "hash": "304aa42229cbcd3b"}
{"timestamp": "2026-02-24T08:03:13.424007+00:00", "level": "INFO", "action": "PLUGIN_DRY_RUN", "details": "Dry run: sast-scanner", "operator": "system", "plugin": "sast-scanner", "engagement_id": "E1", "previous_hash": "304aa42229cbcd3b", "hash": "0d83848d1916f130"}
{"timestamp": "2026-02-24T08:03:13.428872+00:00", "level": "INFO", "action": "ENGAGEMENT_SHUTDOWN", "details": "", "operator": "system", "plugin": "", "engagement_id": "E1", "previous_hash": "0d83848d1916f130", "hash": "dc7b911920afc855"}
{"timestamp": "2026-02-24T08:03:13.437803+00:00", "level": "INFO", "action": "ROE_VALIDATED", "details": "RoE E1 validated successfully", "operator": "system", "plugin": "", "engagement_id": "E1", "previous_hash": "dc7b911920afc855", "hash": "9bf6987f803a8a58"}
{"timestamp": "2026-02-24T08:03:13.437803+00:00", "level": "INFO", "action": "ENGAGEMENT_LOADED", "details": "RoE validated, authorizer: admin", "operator": "system", "plugin": "", "engagement_id": "E1", "previous_hash": "9bf6987f803a8a58", "hash": "a5b17413e68e1fae"}
{"timestamp": "2026-02-24T08:03:13.445476+00:00", "level": "INFO", "action": "REPORT_GENERATED", "details": "Report for test_report_valid_dir0", "operator": "system", "plugin": "", "engagement_id": "", "previous_hash": "a5b17413e68e1fae", "hash": "0398b1a3385aaf3c"}
{"timestamp": "2026-02-24T08:03:13.450475+00:00", "level": "INFO", "action": "REPORT_GENERATED", "details": "Report for test_report_json_format0", "operator": "system", "plugin": "", "engagement_id": "", "previous_hash": "0398b1a3385aaf3c", "hash": "e98c1d731209324d"}
{"timestamp": "2026-02-24T08:03:13.480545+00:00", "level": "INFO", "action": "ROE_VALIDATED", "details": "RoE E1 validated successfully", "operator": "system", "plugin": "", "engagement_id": "E1", "previous_hash": "e98c1d731209324d", "hash": "838f13af5629089e"}
{"timestamp": "2026-02-24T08:03:13.480545+00:00", "level": "INFO", "action": "ENGAGEMENT_LOADED", "details": "RoE validated, authorizer: admin", "operator": "system", "plugin": "", "engagement_id": "E1", "previous_hash": "838f13af5629089e", "hash": "6d5d536b2fcf8bb9"}
{"timestamp": "2026-02-24T08:03:13.481675+00:00", "level": "INFO", "action": "PLUGIN_DRY_RUN", "details": "Dry run: passive-recon", "operator": "system", "plugin": "passive-recon", "engagement_id": "E1", "previous_hash": "6d5d536b2fcf8bb9", "hash": "1f79edd8b6edf78c"}
{"timestamp": "2026-02-24T08:03:13.482674+00:00", "level": "INFO", "action": "ENGAGEMENT_SHUTDOWN", "details": "", "operator": "system", "plugin": "", "engagement_id": "E1", "previous_hash": "1f79edd8b6edf78c", "hash": "6d32d6cf2b8c89ef"}
{"timestamp": "2026-02-24T08:03:13.489674+00:00", "level": "INFO", "action": "ROE_VALIDATED", "details": "RoE E1 validated successfully", "operator": "system", "plugin": "", "engagement_id": "E1", "previous_hash": "6d32d6cf2b8c89ef", "hash": "ef8913261979e6c0"}
{"timestamp": "2026-02-24T08:03:13.489674+00:00", "level": "INFO", "action": "ENGAGEMENT_LOADED", "details": "RoE validated, authorizer: admin", "operator": "system", "plugin": "", "engagement_id": "E1", "previous_hash": "ef8913261979e6c0", "hash": "d7f79e52f7bb16c2"}
{"timestamp": "2026-02-24T08:03:13.490511+00:00", "level": "INFO", "action": "PLUGIN_DRY_RUN", "details": "Dry run: passive-recon", "operator": "system", "plugin": "passive-recon", "engagement_id": "E1", "previous_hash": "d7f79e52f7bb16c2", "hash": "d04971636fef2f32"}
{"timestamp": "2026-02-24T08:03:13.491764+00:00", "level": "INFO", "action": "ENGAGEMENT_SHUTDOWN", "details": "", "operator": "system", "plugin": "", "engagement_id": "E1", "previous_hash": "d04971636fef2f32", "hash": "d28864060331311a"}
{"timestamp": "2026-02-24T08:03:44.201636+00:00", "level": "INFO", "action": "ROE_VALIDATED", "details": "RoE ENG-1 validated successfully", "operator": "system", "plugin": "", "engagement_id": "ENG-1", "previous_hash": "d28864060331311a", "hash": "0ffbe3c3bf47b8eb"}
{"timestamp": "2026-02-24T08:03:44.281838+00:00", "level": "INFO", "action": "ROE_VALIDATED", "details": "RoE ENG-1 validated successfully", "operator": "system", "plugin": "", "engagement_id": "ENG-1", "previous_hash": "0ffbe3c3bf47b8eb", "hash": "36a94504c730af8a"}
{"timestamp": "2026-02-24T08:03:44.293778+00:00", "level": "INFO", "action": "ACTIVATION_ATTEMPT", "details": "success=True", "operator": "user", "plugin": "", "engagement_id": "", "previous_hash": "36a94504c730af8a", "hash": "6248bc4b70b67fef"}
{"timestamp": "2026-02-24T08:03:44.295771+00:00", "level": "WARN", "action": "ACTIVATION_ATTEMPT", "details": "success=False", "operator": "user", "plugin": "", "engagement_id": "", "previous_hash": "6248bc4b70b67fef", "hash": "a9a5558f5e6a8d6e"}
{"timestamp": "2026-02-24T08:03:44.297771+00:00", "level": "WARN", "action": "POLICY_DENIED", "details": "plugin: No engagement context provided", "operator": "system", "plugin": "", "engagement_id": "", "previous_hash": "a9a5558f5e6a8d6e", "hash": "221398af9e2b274c"}
{"timestamp": "2026-02-24T08:03:44.298770+00:00", "level": "WARN", "action": "POLICY_DENIED", "details": "plugin: RoE has not been validated", "operator": "system", "plugin": "", "engagement_id": "", "previous_hash": "221398af9e2b274c", "hash": "738c122619b4f79b"}
{"timestamp": "2026-02-24T08:03:44.300737+00:00", "level": "WARN", "action": "POLICY_DENIED", "details": "plugin: Activation code has not been verified", "operator": "system", "plugin": "", "engagement_id": "", "previous_hash": "738c122619b4f79b", "hash": "4611acb2a79ba646"}
{"timestamp": "2026-02-24T08:03:44.300737+00:00", "level": "WARN", "action": "POLICY_DENIED", "details": "exploit: Plugin 'exploit' not in allowed tests: ['recon']", "operator": "system", "plugin": "", "engagement_id": "", "previous_hash": "4611acb2a79ba646", "hash": "a94b5cb6305a288b"}
{"timestamp": "2026-02-24T08:03:44.300737+00:00", "level": "WARN", "action": "POLICY_DENIED", "details": "recon: Current time outside engagement window (2026-02-24 09:03:44.300737+00:00 \u2014 2026-02-24 10:03:44.300737+00:00)", "operator": "system", "plugin": "", "engagement_id": "", "previous_hash": "a94b5cb6305a288b", "hash": "f0e6caf4d454e7c6"}
{"timestamp": "2026-02-24T08:03:44.300737+00:00", "level": "WARN", "action": "POLICY_DENIED", "details": "recon: Invalid time format in engagement context", "operator": "system", "plugin": "", "engagement_id": "", "previous_hash": "f0e6caf4d454e7c6", "hash": "fdcb37a183f00707"}
{"timestamp": "2026-02-24T08:06:38.023989+00:00", "level": "INFO", "action": "ACTIVATION_CODE_SET", "details": "New activation code configured", "operator": "system", "plugin": "", "engagement_id": "", "previous_hash": "fdcb37a183f00707", "hash": "5ede786d30e0cbbf"}
{"timestamp": "2026-02-24T08:06:38.091448+00:00", "level": "INFO", "action": "ACTIVATION_CODE_SET", "details": "New activation code configured", "operator": "system", "plugin": "", "engagement_id": "", "previous_hash": "5ede786d30e0cbbf", "hash": "c264eba8195b66be"}
{"timestamp": "2026-02-24T08:06:38.136431+00:00", "level": "WARN", "action": "ACTIVATION_SET_FAILED", "details": "Code must contain letters, digits, and special characters", "operator": "system", "plugin": "", "engagement_id": "", "previous_hash": "c264eba8195b66be", "hash": "9d978741e9e38e23"}
{"timestamp": "2026-02-24T08:06:38.136431+00:00", "level": "WARN", "action": "ACTIVATION_SET_FAILED", "details": "Code must contain letters, digits, and special characters", "operator": "system", "plugin": "", "engagement_id": "", "previous_hash": "9d978741e9e38e23", "hash": "e1d2610d9fd8d994"}
{"timestamp": "2026-02-24T08:06:38.136431+00:00", "level": "WARN", "action": "ACTIVATION_SET_FAILED", "details": "Code must contain letters, digits, and special characters", "operator": "system", "plugin": "", "engagement_id": "", "previous_hash": "e1d2610d9fd8d994", "hash": "443999cc1ac6477b"}
{"timestamp": "2026-02-24T08:06:38.136431+00:00", "level": "WARN", "action": "ACTIVATION_SET_FAILED", "details": "Code too short \u2014 minimum 8 characters required", "operator": "system", "plugin": "", "engagement_id": "", "previous_hash": "443999cc1ac6477b", "hash": "dd905af1f5cf3b26"}
{"timestamp": "2026-02-24T08:06:38.170766+00:00", "level": "INFO", "action": "ACTIVATION_CODE_SET", "details": "New activation code configured", "operator": "system", "plugin": "", "engagement_id": "", "previous_hash": "dd905af1f5cf3b26", "hash": "72a959ab473177fb"}
{"timestamp": "2026-02-24T08:06:38.170766+00:00", "level": "INFO", "action": "ACTIVATION_CODE_CLEARED", "details": "Activation code removed", "operator": "system", "plugin": "", "engagement_id": "", "previous_hash": "72a959ab473177fb", "hash": "c181a0f1b4022813"}
{"timestamp": "2026-02-24T08:06:38.214216+00:00", "level": "INFO", "action": "ACTIVATION_CODE_SET", "details": "New activation code configured", "operator": "system", "plugin": "", "engagement_id": "", "previous_hash": "c181a0f1b4022813", "hash": "f2cee78492269f94"}
{"timestamp": "2026-02-24T08:06:38.251376+00:00", "level": "INFO", "action": "ACTIVATION_CODE_SET", "details": "New activation code configured", "operator": "system", "plugin": "", "engagement_id": "", "previous_hash": "f2cee78492269f94", "hash": "ee89cf975ad2fe97"}
{"timestamp": "2026-02-24T08:06:38.270361+00:00", "level": "INFO", "action": "ENGAGEMENT_INIT", "details": "Created engagement: ENG-001", "operator": "system", "plugin": "", "engagement_id": "", "previous_hash": "ee89cf975ad2fe97", "hash": "26adc5c89f065051"}
{"timestamp": "2026-02-24T08:06:38.270765+00:00", "level": "INFO", "action": "ENGAGEMENT_INIT", "details": "Created engagement: TMPL", "operator": "system", "plugin": "", "engagement_id": "", "previous_hash": "26adc5c89f065051", "hash": "98073d8e655adadd"}
{"timestamp": "2026-02-24T08:13:08.903442+00:00", "level": "INFO", "action": "ROE_VALIDATED", "details": "RoE TEST-001 validated successfully", "operator": "system", "plugin": "", "engagement_id": "TEST-001", "previous_hash": "98073d8e655adadd", "hash": "e9ff9f087d211a5d"}
{"timestamp": "2026-02-24T08:13:08.904443+00:00", "level": "INFO", "action": "ENGAGEMENT_LOADED", "details": "RoE validated, authorizer: Test Admin", "operator": "system", "plugin": "", "engagement_id": "TEST-001", "previous_hash": "e9ff9f087d211a5d", "hash": "657fa5e84a1269b3"}
{"timestamp": "2026-02-24T08:13:08.907442+00:00", "level": "ERROR", "action": "ENGAGEMENT_LOAD_FAILED", "details": "Missing required RoE fields: authorizer, authorized_targets, allowed_tests, start_time_utc, end_time_utc", "operator": "system", "plugin": "", "engagement_id": "", "previous_hash": "657fa5e84a1269b3", "hash": "2d37effb911fc71d"}
{"timestamp": "2026-02-24T08:13:08.916391+00:00", "level": "ERROR", "action": "ENGAGEMENT_LOAD_FAILED", "details": "RoE has expired (end_time: 2026-02-23T08:13:08+00:00)", "operator": "system", "plugin": "", "engagement_id": "", "previous_hash": "2d37effb911fc71d", "hash": "44ba6dc7b2df26e5"}
{"timestamp": "2026-02-24T08:13:08.918390+00:00", "level": "ERROR", "action": "ENGAGEMENT_LOAD_FAILED", "details": "RoE file not found: \\nonexistent\\roe.yaml", "operator": "system", "plugin": "", "engagement_id": "", "previous_hash": "44ba6dc7b2df26e5", "hash": "f16bfaf24f799c3b"}
{"timestamp": "2026-02-24T08:13:08.921109+00:00", "level": "INFO", "action": "ROE_VALIDATED", "details": "RoE TEST-001 validated successfully", "operator": "system", "plugin": "", "engagement_id": "TEST-001", "previous_hash": "f16bfaf24f799c3b", "hash": "687cc0f00fcb03dc"}
{"timestamp": "2026-02-24T08:13:08.921109+00:00", "level": "INFO", "action": "ENGAGEMENT_LOADED", "details": "RoE validated, authorizer: Test Admin", "operator": "system", "plugin": "", "engagement_id": "TEST-001", "previous_hash": "687cc0f00fcb03dc", "hash": "e8ef928d13f0db3a"}
{"timestamp": "2026-02-24T08:13:08.921109+00:00", "level": "INFO", "action": "PLUGIN_DRY_RUN", "details": "Dry run: stub-test", "operator": "system", "plugin": "stub-test", "engagement_id": "TEST-001", "previous_hash": "e8ef928d13f0db3a", "hash": "20d2ec43f3bf2cbb"}
{"timestamp": "2026-02-24T08:13:08.921109+00:00", "level": "INFO", "action": "ROE_VALIDATED", "details": "RoE TEST-001 validated successfully", "operator": "system", "plugin": "", "engagement_id": "TEST-001", "previous_hash": "20d2ec43f3bf2cbb", "hash": "7a179d1eaac6b1c2"}
{"timestamp": "2026-02-24T08:13:08.921109+00:00", "level": "INFO", "action": "ENGAGEMENT_LOADED", "details": "RoE validated, authorizer: Test Admin", "operator": "system", "plugin": "", "engagement_id": "TEST-001", "previous_hash": "7a179d1eaac6b1c2", "hash": "c11ebd213b3f6ca1"}
{"timestamp": "2026-02-24T08:13:08.921109+00:00", "level": "INFO", "action": "ROE_VALIDATED", "details": "RoE TEST-001 validated successfully", "operator": "system", "plugin": "", "engagement_id": "TEST-001", "previous_hash": "c11ebd213b3f6ca1", "hash": "ee8339b53bfde1ce"}
{"timestamp": "2026-02-24T08:13:08.936299+00:00", "level": "INFO", "action": "ENGAGEMENT_LOADED", "details": "RoE validated, authorizer: Test Admin", "operator": "system", "plugin": "", "engagement_id": "TEST-001", "previous_hash": "ee8339b53bfde1ce", "hash": "9508cef8298dcebc"}
{"timestamp": "2026-02-24T08:13:08.936299+00:00", "level": "INFO", "action": "PLUGIN_EXECUTE", "details": "Executing: stub-test", "operator": "system", "plugin": "stub-test", "engagement_id": "TEST-001", "previous_hash": "9508cef8298dcebc", "hash": "d341645df88ec162"}
{"timestamp": "2026-02-24T08:13:08.936299+00:00", "level": "INFO", "action": "PLUGIN_COMPLETE", "details": "stub-test: success=True, findings=1, 0ms", "operator": "system", "plugin": "stub-test", "engagement_id": "TEST-001", "previous_hash": "d341645df88ec162", "hash": "55a10c51cbe74429"}
{"timestamp": "2026-02-24T08:13:08.937455+00:00", "level": "INFO", "action": "ROE_VALIDATED", "details": "RoE TEST-001 validated successfully", "operator": "system", "plugin": "", "engagement_id": "TEST-001", "previous_hash": "55a10c51cbe74429", "hash": "48d7a0caf40bb429"}
{"timestamp": "2026-02-24T08:13:08.937455+00:00", "level": "INFO", "action": "ENGAGEMENT_LOADED", "details": "RoE validated, authorizer: Test Admin", "operator": "system", "plugin": "", "engagement_id": "TEST-001", "previous_hash": "48d7a0caf40bb429", "hash": "4a7925e08611f131"}
{"timestamp": "2026-02-24T08:13:08.937455+00:00", "level": "INFO", "action": "PLUGIN_EXECUTE", "details": "Executing: fail-test", "operator": "system", "plugin": "fail-test", "engagement_id": "TEST-001", "previous_hash": "4a7925e08611f131", "hash": "6906639a8d31bd7c"}
{"timestamp": "2026-02-24T08:13:08.937455+00:00", "level": "INFO", "action": "PLUGIN_COMPLETE", "details": "fail-test: success=False, findings=0, 0ms", "operator": "system", "plugin": "fail-test", "engagement_id": "TEST-001", "previous_hash": "6906639a8d31bd7c", "hash": "11aeb3053545e75e"}
{"timestamp": "2026-02-24T08:13:08.937455+00:00", "level": "INFO", "action": "ROE_VALIDATED", "details": "RoE TEST-001 validated successfully", "operator": "system", "plugin": "", "engagement_id": "TEST-001", "previous_hash": "11aeb3053545e75e", "hash": "4ad094b9db8eb5d3"}
{"timestamp": "2026-02-24T08:13:08.937455+00:00", "level": "INFO", "action": "ENGAGEMENT_LOADED", "details": "RoE validated, authorizer: Test Admin", "operator": "system", "plugin": "", "engagement_id": "TEST-001", "previous_hash": "4ad094b9db8eb5d3", "hash": "9a271023ddb5faee"}
{"timestamp": "2026-02-24T08:13:08.937455+00:00", "level": "INFO", "action": "ENGAGEMENT_SHUTDOWN", "details": "", "operator": "system", "plugin": "", "engagement_id": "TEST-001", "previous_hash": "9a271023ddb5faee", "hash": "65c081e58f3aa379"}
{"timestamp": "2026-02-24T08:13:08.937455+00:00", "level": "WARN", "action": "ACTIVATION_FAILED", "details": "No engagement loaded", "operator": "system", "plugin": "", "engagement_id": "", "previous_hash": "65c081e58f3aa379", "hash": "d13fd79a2b18a0e1"}
{"timestamp": "2026-02-24T08:13:08.955456+00:00", "level": "INFO", "action": "ROE_VALIDATED", "details": "RoE TEST-001 validated successfully", "operator": "system", "plugin": "", "engagement_id": "TEST-001", "previous_hash": "d13fd79a2b18a0e1", "hash": "0ef6d0350872413d"}
{"timestamp": "2026-02-24T08:13:08.956457+00:00", "level": "INFO", "action": "ENGAGEMENT_LOADED", "details": "RoE validated, authorizer: Test Admin", "operator": "system", "plugin": "", "engagement_id": "TEST-001", "previous_hash": "0ef6d0350872413d", "hash": "7e0869d880e59a12"}
{"timestamp": "2026-02-24T08:13:08.971105+00:00", "level": "INFO", "action": "ASYNC_PLUGIN_EXECUTE", "details": "Async executing: active-test", "operator": "system", "plugin": "active-test", "engagement_id": "ASYNC-001", "previous_hash": "7e0869d880e59a12", "hash": "5132a58dbe6d75ba"}
{"timestamp": "2026-02-24T08:13:08.971105+00:00", "level": "INFO", "action": "ASYNC_PLUGIN_COMPLETE", "details": "active-test: success=True, findings=0, 0ms", "operator": "system", "plugin": "active-test", "engagement_id": "ASYNC-001", "previous_hash": "5132a58dbe6d75ba", "hash": "9ff3296dd0543307"}
{"timestamp": "2026-02-24T08:13:08.971105+00:00", "level": "INFO", "action": "ASYNC_PLUGIN_EXECUTE", "details": "Async executing: destructive-test", "operator": "system", "plugin": "destructive-test", "engagement_id": "ASYNC-001", "previous_hash": "9ff3296dd0543307", "hash": "f2e011bbdee1c178"}
{"timestamp": "2026-02-24T08:13:08.971105+00:00", "level": "INFO", "action": "ASYNC_PLUGIN_COMPLETE", "details": "destructive-test: success=True, findings=0, 0ms", "operator": "system", "plugin": "destructive-test", "engagement_id": "ASYNC-001", "previous_hash": "f2e011bbdee1c178", "hash": "5fd6beacb772ff17"}
{"timestamp": "2026-02-24T08:13:08.982218+00:00", "level": "INFO", "action": "ASYNC_PLUGIN_DRY_RUN", "details": "Async dry run: async-stub", "operator": "system", "plugin": "async-stub", "engagement_id": "ASYNC-001", "previous_hash": "5fd6beacb772ff17", "hash": "771466a5459885ff"}
{"timestamp": "2026-02-24T08:13:08.984225+00:00", "level": "INFO", "action": "ASYNC_PLUGIN_EXECUTE", "details": "Async executing: async-stub", "operator": "system", "plugin": "async-stub", "engagement_id": "ASYNC-001", "previous_hash": "771466a5459885ff", "hash": "1fa536f398ea052a"}
{"timestamp": "2026-02-24T08:13:08.995595+00:00", "level": "INFO", "action": "ASYNC_PLUGIN_COMPLETE", "details": "async-stub: success=True, findings=0, 15ms", "operator": "system", "plugin": "async-stub", "engagement_id": "ASYNC-001", "previous_hash": "1fa536f398ea052a", "hash": "7f60d4745a2616ae"}
{"timestamp": "2026-02-24T08:13:08.997389+00:00", "level": "INFO", "action": "ASYNC_PLUGIN_EXECUTE", "details": "Async executing: slow-test", "operator": "system", "plugin": "slow-test", "engagement_id": "ASYNC-001", "previous_hash": "7f60d4745a2616ae", "hash": "c27c11cc56ba17a3"}
{"timestamp": "2026-02-24T08:13:10.021133+00:00", "level": "INFO", "action": "ASYNC_PLUGIN_EXECUTE", "details": "Async executing: active-test", "operator": "system", "plugin": "active-test", "engagement_id": "ASYNC-001", "previous_hash": "c27c11cc56ba17a3", "hash": "805c8befe99ef729"}
{"timestamp": "2026-02-24T08:13:10.021133+00:00", "level": "INFO", "action": "ASYNC_PLUGIN_COMPLETE", "details": "active-test: success=True, findings=0, 0ms", "operator": "system", "plugin": "active-test", "engagement_id": "ASYNC-001", "previous_hash": "805c8befe99ef729", "hash": "a8140ea1fdc864a3"}
{"timestamp": "2026-02-24T08:13:10.061663+00:00", "level": "INFO", "action": "ROE_VALIDATED", "details": "RoE TEST-001 validated successfully", "operator": "system", "plugin": "", "engagement_id": "TEST-001", "previous_hash": "a8140ea1fdc864a3", "hash": "f12bf8f3c995a09d"}
{"timestamp": "2026-02-24T08:13:10.079335+00:00", "level": "WARN", "action": "POLICY_DENIED", "details": "test-plugin: RoE has not been validated", "operator": "system", "plugin": "", "engagement_id": "", "previous_hash": "f12bf8f3c995a09d", "hash": "e1c516a11050bb02"}
{"timestamp": "2026-02-24T08:13:10.113668+00:00", "level": "INFO", "action": "ACTIVATION_CODE_SET", "details": "New activation code configured", "operator": "system", "plugin": "", "engagement_id": "", "previous_hash": "e1c516a11050bb02", "hash": "15ca66e61d1ebb33"}
{"timestamp": "2026-02-24T08:16:44.356857+00:00", "level": "INFO", "action": "ENGAGEMENT_INIT", "details": "Created engagement: test-eng", "operator": "system", "plugin": "", "engagement_id": "", "previous_hash": "15ca66e61d1ebb33", "hash": "47d606f1703e35a2"}
{"timestamp": "2026-02-24T08:16:44.489082+00:00", "level": "INFO", "action": "ROE_VALIDATED", "details": "RoE E1 validated successfully", "operator": "system", "plugin": "", "engagement_id": "E1", "previous_hash": "47d606f1703e35a2", "hash": "f8d407dcf38486be"}
{"timestamp": "2026-02-24T08:16:44.489082+00:00", "level": "INFO", "action": "ENGAGEMENT_LOADED", "details": "RoE validated, authorizer: admin", "operator": "system", "plugin": "", "engagement_id": "E1", "previous_hash": "f8d407dcf38486be", "hash": "044da4f666c88d9a"}
{"timestamp": "2026-02-24T08:16:44.489082+00:00", "level": "INFO", "action": "PLUGIN_DRY_RUN", "details": "Dry run: passive-recon", "operator": "system", "plugin": "passive-recon", "engagement_id": "E1", "previous_hash": "044da4f666c88d9a", "hash": "899f5986bb528f2b"}
{"timestamp": "2026-02-24T08:16:44.489082+00:00", "level": "INFO", "action": "ENGAGEMENT_SHUTDOWN", "details": "", "operator": "system", "plugin": "", "engagement_id": "E1", "previous_hash": "899f5986bb528f2b", "hash": "7f25531413490227"}
{"timestamp": "2026-02-24T08:16:44.506529+00:00", "level": "ERROR", "action": "ENGAGEMENT_LOAD_FAILED", "details": "Missing required RoE fields: engagement_id, authorizer, authorized_targets, allowed_tests, start_time_utc, end_time_utc", "operator": "system", "plugin": "", "engagement_id": "", "previous_hash": "7f25531413490227", "hash": "d7fb3f4f401a4c66"}
{"timestamp": "2026-02-24T08:16:44.512886+00:00", "level": "INFO", "action": "ROE_VALIDATED", "details": "RoE E1 validated successfully", "operator": "system", "plugin": "", "engagement_id": "E1", "previous_hash": "d7fb3f4f401a4c66", "hash": "9b26ba4856758b28"}
{"timestamp": "2026-02-24T08:16:44.512886+00:00", "level": "INFO", "action": "ENGAGEMENT_LOADED", "details": "RoE validated, authorizer: admin", "operator": "system", "plugin": "", "engagement_id": "E1", "previous_hash": "9b26ba4856758b28", "hash": "bbdc25e0c68004d5"}
{"timestamp": "2026-02-24T08:16:44.512886+00:00", "level": "INFO", "action": "PLUGIN_DRY_RUN", "details": "Dry run: sast-scanner", "operator": "system", "plugin": "sast-scanner", "engagement_id": "E1", "previous_hash": "bbdc25e0c68004d5", "hash": "e6c6bf78ab436ebd"}
{"timestamp": "2026-02-24T08:16:44.512886+00:00", "level": "INFO", "action": "ENGAGEMENT_SHUTDOWN", "details": "", "operator": "system", "plugin": "", "engagement_id": "E1", "previous_hash": "e6c6bf78ab436ebd", "hash": "6a31aee7df8fb709"}
{"timestamp": "2026-02-24T08:16:44.525530+00:00", "level": "INFO", "action": "ROE_VALIDATED", "details": "RoE E1 validated successfully", "operator": "system", "plugin": "", "engagement_id": "E1", "previous_hash": "6a31aee7df8fb709", "hash": "b878bb37afc6fc79"}
{"timestamp": "2026-02-24T08:16:44.525530+00:00", "level": "INFO", "action": "ENGAGEMENT_LOADED", "details": "RoE validated, authorizer: admin", "operator": "system", "plugin": "", "engagement_id": "E1", "previous_hash": "b878bb37afc6fc79", "hash": "5eab8549cb4b31c6"}
{"timestamp": "2026-02-24T08:16:44.532716+00:00", "level": "INFO", "action": "REPORT_GENERATED", "details": "Report for test_report_valid_dir0", "operator": "system", "plugin": "", "engagement_id": "", "previous_hash": "5eab8549cb4b31c6", "hash": "c9852c90a4cdad7b"}
{"timestamp": "2026-02-24T08:16:44.537724+00:00", "level": "INFO", "action": "REPORT_GENERATED", "details": "Report for test_report_json_format0", "operator": "system", "plugin": "", "engagement_id": "", "previous_hash": "c9852c90a4cdad7b", "hash": "460bb30083f99de2"}
{"timestamp": "2026-02-24T08:16:44.564490+00:00", "level": "INFO", "action": "ROE_VALIDATED", "details": "RoE E1 validated successfully", "operator": "system", "plugin": "", "engagement_id": "E1", "previous_hash": "460bb30083f99de2", "hash": "d7f61c1aa157e781"}
{"timestamp": "2026-02-24T08:16:44.564490+00:00", "level": "INFO", "action": "ENGAGEMENT_LOADED", "details": "RoE validated, authorizer: admin", "operator": "system", "plugin": "", "engagement_id": "E1", "previous_hash": "d7f61c1aa157e781", "hash": "2c84de587426e747"}
{"timestamp": "2026-02-24T08:16:44.565498+00:00", "level": "INFO", "action": "PLUGIN_DRY_RUN", "details": "Dry run: passive-recon", "operator": "system", "plugin": "passive-recon", "engagement_id": "E1", "previous_hash": "2c84de587426e747", "hash": "708baf7340bc529a"}
{"timestamp": "2026-02-24T08:16:44.566490+00:00", "level": "INFO", "action": "ENGAGEMENT_SHUTDOWN", "details": "", "operator": "system", "plugin": "", "engagement_id": "E1", "previous_hash": "708baf7340bc529a", "hash": "1e75cb4f6c85da1b"}
{"timestamp": "2026-02-24T08:16:44.571421+00:00", "level": "INFO", "action": "ROE_VALIDATED", "details": "RoE E1 validated successfully", "operator": "system", "plugin": "", "engagement_id": "E1", "previous_hash": "1e75cb4f6c85da1b", "hash": "38f6388a470b28e7"}
{"timestamp": "2026-02-24T08:16:44.571421+00:00", "level": "INFO", "action": "ENGAGEMENT_LOADED", "details": "RoE validated, authorizer: admin", "operator": "system", "plugin": "", "engagement_id": "E1", "previous_hash": "38f6388a470b28e7", "hash": "825ab6e733dc2397"}
{"timestamp": "2026-02-24T08:16:44.571421+00:00", "level": "INFO", "action": "PLUGIN_DRY_RUN", "details": "Dry run: passive-recon", "operator": "system", "plugin": "passive-recon", "engagement_id": "E1", "previous_hash": "825ab6e733dc2397", "hash": "93d5939a2a611c86"}
{"timestamp": "2026-02-24T08:16:44.571421+00:00", "level": "INFO", "action": "ENGAGEMENT_SHUTDOWN", "details": "", "operator": "system", "plugin": "", "engagement_id": "E1", "previous_hash": "93d5939a2a611c86", "hash": "61bbf66dc4871bef"}
{"timestamp": "2026-02-24T08:17:14.636528+00:00", "level": "INFO", "action": "ROE_VALIDATED", "details": "RoE ENG-1 validated successfully", "operator": "system", "plugin": "", "engagement_id": "ENG-1", "previous_hash": "61bbf66dc4871bef", "hash": "4c9201d37accdc81"}
{"timestamp": "2026-02-24T08:17:14.719799+00:00", "level": "INFO", "action": "ROE_VALIDATED", "details": "RoE ENG-1 validated successfully", "operator": "system", "plugin": "", "engagement_id": "ENG-1", "previous_hash": "4c9201d37accdc81", "hash": "96274ba8a727d473"}
{"timestamp": "2026-02-24T08:17:14.730844+00:00", "level": "INFO", "action": "ACTIVATION_ATTEMPT", "details": "success=True", "operator": "user", "plugin": "", "engagement_id": "", "previous_hash": "96274ba8a727d473", "hash": "69f58876804e51a6"}
{"timestamp": "2026-02-24T08:17:14.732282+00:00", "level": "WARN", "action": "ACTIVATION_ATTEMPT", "details": "success=False", "operator": "user", "plugin": "", "engagement_id": "", "previous_hash": "69f58876804e51a6", "hash": "87d51818e345be34"}
{"timestamp": "2026-02-24T08:17:14.735795+00:00", "level": "WARN", "action": "POLICY_DENIED", "details": "plugin: No engagement context provided", "operator": "system", "plugin": "", "engagement_id": "", "previous_hash": "87d51818e345be34", "hash": "0db31cf2ca7a19e7"}
{"timestamp": "2026-02-24T08:17:14.735795+00:00", "level": "WARN", "action": "POLICY_DENIED", "details": "plugin: RoE has not been validated", "operator": "system", "plugin": "", "engagement_id": "", "previous_hash": "0db31cf2ca7a19e7", "hash": "722dcafde7c04144"}
{"timestamp": "2026-02-24T08:17:14.737797+00:00", "level": "WARN", "action": "POLICY_DENIED", "details": "plugin: Activation code has not been verified", "operator": "system", "plugin": "", "engagement_id": "", "previous_hash": "722dcafde7c04144", "hash": "c38831c695a3c522"}
{"timestamp": "2026-02-24T08:17:14.737797+00:00", "level": "WARN", "action": "POLICY_DENIED", "details": "exploit: Plugin 'exploit' not in allowed tests: ['recon']", "operator": "system", "plugin": "", "engagement_id": "", "previous_hash": "c38831c695a3c522", "hash": "04cdd2d720d579bf"}
{"timestamp": "2026-02-24T08:17:14.741483+00:00", "level": "WARN", "action": "POLICY_DENIED", "details": "recon: Current time outside engagement window (2026-02-24 09:17:14.741483+00:00 \u2014 2026-02-24 10:17:14.741483+00:00)", "operator": "system", "plugin": "", "engagement_id": "", "previous_hash": "04cdd2d720d579bf", "hash": "714564249d00dcee"}
{"timestamp": "2026-02-24T08:17:14.741483+00:00", "level": "WARN", "action": "POLICY_DENIED", "details": "recon: Invalid time format in engagement context", "operator": "system", "plugin": "", "engagement_id": "", "previous_hash": "714564249d00dcee", "hash": "3d47b6efb27c497a"}
{"timestamp": "2026-02-24T08:24:48.372312+00:00", "level": "INFO", "action": "ACTIVATION_CODE_SET", "details": "New activation code configured", "operator": "system", "plugin": "", "engagement_id": "", "previous_hash": "3d47b6efb27c497a", "hash": "0d7c28a51d95345a"}
{"timestamp": "2026-02-24T08:24:48.441242+00:00", "level": "INFO", "action": "ACTIVATION_CODE_SET", "details": "New activation code configured", "operator": "system", "plugin": "", "engagement_id": "", "previous_hash": "0d7c28a51d95345a", "hash": "5c302c921579627d"}
{"timestamp": "2026-02-24T08:24:48.486219+00:00", "level": "WARN", "action": "ACTIVATION_SET_FAILED", "details": "Code must contain letters, digits, and special characters", "operator": "system", "plugin": "", "engagement_id": "", "previous_hash": "5c302c921579627d", "hash": "3d3d4ab708c8e290"}
{"timestamp": "2026-02-24T08:24:48.488219+00:00", "level": "WARN", "action": "ACTIVATION_SET_FAILED", "details": "Code must contain letters, digits, and special characters", "operator": "system", "plugin": "", "engagement_id": "", "previous_hash": "3d3d4ab708c8e290", "hash": "8a88cc8e7d5d31b4"}
{"timestamp": "2026-02-24T08:24:48.490219+00:00", "level": "WARN", "action": "ACTIVATION_SET_FAILED", "details": "Code must contain letters, digits, and special characters", "operator": "system", "plugin": "", "engagement_id": "", "previous_hash": "8a88cc8e7d5d31b4", "hash": "c1939a6d775c2fc6"}
{"timestamp": "2026-02-24T08:24:48.492866+00:00", "level": "WARN", "action": "ACTIVATION_SET_FAILED", "details": "Code too short \u2014 minimum 8 characters required", "operator": "system", "plugin": "", "engagement_id": "", "previous_hash": "c1939a6d775c2fc6", "hash": "efd0283bc31bc0cd"}
{"timestamp": "2026-02-24T08:24:48.523936+00:00", "level": "INFO", "action": "ACTIVATION_CODE_SET", "details": "New activation code configured", "operator": "system", "plugin": "", "engagement_id": "", "previous_hash": "efd0283bc31bc0cd", "hash": "d399fccd1917c8ce"}
{"timestamp": "2026-02-24T08:24:48.523936+00:00", "level": "INFO", "action": "ACTIVATION_CODE_CLEARED", "details": "Activation code removed", "operator": "system", "plugin": "", "engagement_id": "", "previous_hash": "d399fccd1917c8ce", "hash": "1b6adb25fe820678"}
{"timestamp": "2026-02-24T08:24:48.562823+00:00", "level": "INFO", "action": "ACTIVATION_CODE_SET", "details": "New activation code configured", "operator": "system", "plugin": "", "engagement_id": "", "previous_hash": "1b6adb25fe820678", "hash": "9626e3e0885833e3"}
{"timestamp": "2026-02-24T08:24:48.600125+00:00", "level": "INFO", "action": "ACTIVATION_CODE_SET", "details": "New activation code configured", "operator": "system", "plugin": "", "engagement_id": "", "previous_hash": "9626e3e0885833e3", "hash": "d5dd5f13c299bf4d"}
{"timestamp": "2026-02-24T08:24:48.617910+00:00", "level": "INFO", "action": "ENGAGEMENT_INIT", "details": "Created engagement: ENG-001", "operator": "system", "plugin": "", "engagement_id": "", "previous_hash": "d5dd5f13c299bf4d", "hash": "aa0920e35ccb4a4c"}
{"timestamp": "2026-02-24T08:24:48.630942+00:00", "level": "INFO", "action": "ENGAGEMENT_INIT", "details": "Created engagement: TMPL", "operator": "system", "plugin": "", "engagement_id": "", "previous_hash": "aa0920e35ccb4a4c", "hash": "17247f0503a18c67"}
{"timestamp": "2026-02-24T08:30:55.799571+00:00", "level": "INFO", "action": "ROE_VALIDATED", "details": "RoE TEST-001 validated successfully", "operator": "system", "plugin": "", "engagement_id": "TEST-001", "previous_hash": "17247f0503a18c67", "hash": "855aa6e62841dc03"}
{"timestamp": "2026-02-24T08:30:55.799571+00:00", "level": "INFO", "action": "ENGAGEMENT_LOADED", "details": "RoE validated, authorizer: Test Admin", "operator": "system", "plugin": "", "engagement_id": "TEST-001", "previous_hash": "855aa6e62841dc03", "hash": "ea509949a89bd914"}
{"timestamp": "2026-02-24T08:30:55.802218+00:00", "level": "ERROR", "action": "ENGAGEMENT_LOAD_FAILED", "details": "Missing required RoE fields: authorizer, authorized_targets, allowed_tests, start_time_utc, end_time_utc", "operator": "system", "plugin": "", "engagement_id": "", "previous_hash": "ea509949a89bd914", "hash": "61fed4eb174b6e93"}
{"timestamp": "2026-02-24T08:30:55.808857+00:00", "level": "ERROR", "action": "ENGAGEMENT_LOAD_FAILED", "details": "RoE has expired (end_time: 2026-02-23T08:30:55+00:00)", "operator": "system", "plugin": "", "engagement_id": "", "previous_hash": "61fed4eb174b6e93", "hash": "b6bd64a1a3e08e99"}
{"timestamp": "2026-02-24T08:30:55.808857+00:00", "level": "ERROR", "action": "ENGAGEMENT_LOAD_FAILED", "details": "RoE file not found: \\nonexistent\\roe.yaml", "operator": "system", "plugin": "", "engagement_id": "", "previous_hash": "b6bd64a1a3e08e99", "hash": "487254f7833f41a5"}
{"timestamp": "2026-02-24T08:30:55.817211+00:00", "level": "INFO", "action": "ROE_VALIDATED", "details": "RoE TEST-001 validated successfully", "operator": "system", "plugin": "", "engagement_id": "TEST-001", "previous_hash": "487254f7833f41a5", "hash": "8a1311ca00185032"}
{"timestamp": "2026-02-24T08:30:55.817211+00:00", "level": "INFO", "action": "ENGAGEMENT_LOADED", "details": "RoE validated, authorizer: Test Admin", "operator": "system", "plugin": "", "engagement_id": "TEST-001", "previous_hash": "8a1311ca00185032", "hash": "389b1fc527884096"}
{"timestamp": "2026-02-24T08:30:55.817211+00:00", "level": "INFO", "action": "PLUGIN_DRY_RUN", "details": "Dry run: stub-test", "operator": "system", "plugin": "stub-test", "engagement_id": "TEST-001", "previous_hash": "389b1fc527884096", "hash": "a5fb13733b08b137"}
{"timestamp": "2026-02-24T08:30:55.836323+00:00", "level": "INFO", "action": "ROE_VALIDATED", "details": "RoE TEST-001 validated successfully", "operator": "system", "plugin": "", "engagement_id": "TEST-001", "previous_hash": "a5fb13733b08b137", "hash": "07b0ea0f43d10d09"}
{"timestamp": "2026-02-24T08:30:55.836323+00:00", "level": "INFO", "action": "ENGAGEMENT_LOADED", "details": "RoE validated, authorizer: Test Admin", "operator": "system", "plugin": "", "engagement_id": "TEST-001", "previous_hash": "07b0ea0f43d10d09", "hash": "8446ab787c5eb2aa"}
{"timestamp": "2026-02-24T08:30:55.841314+00:00", "level": "INFO", "action": "ROE_VALIDATED", "details": "RoE TEST-001 validated successfully", "operator": "system", "plugin": "", "engagement_id": "TEST-001", "previous_hash": "8446ab787c5eb2aa", "hash": "1565d0198e39b255"}
{"timestamp": "2026-02-24T08:30:55.842215+00:00", "level": "INFO", "action": "ENGAGEMENT_LOADED", "details": "RoE validated, authorizer: Test Admin", "operator": "system", "plugin": "", "engagement_id": "TEST-001", "previous_hash": "1565d0198e39b255", "hash": "59a818af83939e8c"}
{"timestamp": "2026-02-24T08:30:55.842215+00:00", "level": "INFO", "action": "PLUGIN_EXECUTE", "details": "Executing: stub-test", "operator": "system", "plugin": "stub-test", "engagement_id": "TEST-001", "previous_hash": "59a818af83939e8c", "hash": "02f842fd77e78ea1"}
{"timestamp": "2026-02-24T08:30:55.842215+00:00", "level": "INFO", "action": "PLUGIN_COMPLETE", "details": "stub-test: success=True, findings=1, 0ms", "operator": "system", "plugin": "stub-test", "engagement_id": "TEST-001", "previous_hash": "02f842fd77e78ea1", "hash": "ead55bf848ad1629"}
{"timestamp": "2026-02-24T08:30:55.848432+00:00", "level": "INFO", "action": "ROE_VALIDATED", "details": "RoE TEST-001 validated successfully", "operator": "system", "plugin": "", "engagement_id": "TEST-001", "previous_hash": "ead55bf848ad1629", "hash": "bb69b4651c50a601"}
{"timestamp": "2026-02-24T08:30:55.848432+00:00", "level": "INFO", "action": "ENGAGEMENT_LOADED", "details": "RoE validated, authorizer: Test Admin", "operator": "system", "plugin": "", "engagement_id": "TEST-001", "previous_hash": "bb69b4651c50a601", "hash": "2fbb97404b9722b3"}
{"timestamp": "2026-02-24T08:30:55.848432+00:00", "level": "INFO", "action": "PLUGIN_EXECUTE", "details": "Executing: fail-test", "operator": "system", "plugin": "fail-test", "engagement_id": "TEST-001", "previous_hash": "2fbb97404b9722b3", "hash": "4b8c4ebb294cc118"}
{"timestamp": "2026-02-24T08:30:55.849432+00:00", "level": "INFO", "action": "PLUGIN_COMPLETE", "details": "fail-test: success=False, findings=0, 0ms", "operator": "system", "plugin": "fail-test", "engagement_id": "TEST-001", "previous_hash": "4b8c4ebb294cc118", "hash": "5a535441747b422c"}
{"timestamp": "2026-02-24T08:30:55.852175+00:00", "level": "INFO", "action": "ROE_VALIDATED", "details": "RoE TEST-001 validated successfully", "operator": "system", "plugin": "", "engagement_id": "TEST-001", "previous_hash": "5a535441747b422c", "hash": "99a640f904593163"}
{"timestamp": "2026-02-24T08:30:55.852175+00:00", "level": "INFO", "action": "ENGAGEMENT_LOADED", "details": "RoE validated, authorizer: Test Admin", "operator": "system", "plugin": "", "engagement_id": "TEST-001", "previous_hash": "99a640f904593163", "hash": "d3e83fc381cf2684"}
{"timestamp": "2026-02-24T08:30:55.854832+00:00", "level": "INFO", "action": "ENGAGEMENT_SHUTDOWN", "details": "", "operator": "system", "plugin": "", "engagement_id": "TEST-001", "previous_hash": "d3e83fc381cf2684", "hash": "6af20f6fc6a19e2e"}
{"timestamp": "2026-02-24T08:30:55.854832+00:00", "level": "WARN", "action": "ACTIVATION_FAILED", "details": "No engagement loaded", "operator": "system", "plugin": "", "engagement_id": "", "previous_hash": "6af20f6fc6a19e2e", "hash": "77e7ab7ab9c10ff2"}
{"timestamp": "2026-02-24T08:30:55.854832+00:00", "level": "INFO", "action": "ROE_VALIDATED", "details": "RoE TEST-001 validated successfully", "operator": "system", "plugin": "", "engagement_id": "TEST-001", "previous_hash": "77e7ab7ab9c10ff2", "hash": "804ee29954c53e57"}
{"timestamp": "2026-02-24T08:30:55.854832+00:00", "level": "INFO", "action": "ENGAGEMENT_LOADED", "details": "RoE validated, authorizer: Test Admin", "operator": "system", "plugin": "", "engagement_id": "TEST-001", "previous_hash": "804ee29954c53e57", "hash": "6f48d439ddc5946b"}
{"timestamp": "2026-02-24T08:30:55.867060+00:00", "level": "INFO", "action": "ASYNC_PLUGIN_EXECUTE", "details": "Async executing: active-test", "operator": "system", "plugin": "active-test", "engagement_id": "ASYNC-001", "previous_hash": "6f48d439ddc5946b", "hash": "3e7f21fe6faf5355"}
{"timestamp": "2026-02-24T08:30:55.867060+00:00", "level": "INFO", "action": "ASYNC_PLUGIN_COMPLETE", "details": "active-test: success=True, findings=0, 0ms", "operator": "system", "plugin": "active-test", "engagement_id": "ASYNC-001", "previous_hash": "3e7f21fe6faf5355", "hash": "513280977356d0da"}
{"timestamp": "2026-02-24T08:30:55.883484+00:00", "level": "INFO", "action": "ASYNC_PLUGIN_EXECUTE", "details": "Async executing: destructive-test", "operator": "system", "plugin": "destructive-test", "engagement_id": "ASYNC-001", "previous_hash": "513280977356d0da", "hash": "efb9c572ad7686ec"}
{"timestamp": "2026-02-24T08:30:55.883484+00:00", "level": "INFO", "action": "ASYNC_PLUGIN_COMPLETE", "details": "destructive-test: success=True, findings=0, 0ms", "operator": "system", "plugin": "destructive-test", "engagement_id": "ASYNC-001", "previous_hash": "efb9c572ad7686ec", "hash": "f50e0513ea50dd34"}
{"timestamp": "2026-02-24T08:30:55.885481+00:00", "level": "INFO", "action": "ASYNC_PLUGIN_DRY_RUN", "details": "Async dry run: async-stub", "operator": "system", "plugin": "async-stub", "engagement_id": "ASYNC-001", "previous_hash": "f50e0513ea50dd34", "hash": "9658f26bbe549425"}
{"timestamp": "2026-02-24T08:30:55.887482+00:00", "level": "INFO", "action": "ASYNC_PLUGIN_EXECUTE", "details": "Async executing: async-stub", "operator": "system", "plugin": "async-stub", "engagement_id": "ASYNC-001", "previous_hash": "9658f26bbe549425", "hash": "8818b7b8f6ce7820"}
{"timestamp": "2026-02-24T08:30:55.902222+00:00", "level": "INFO", "action": "ASYNC_PLUGIN_COMPLETE", "details": "async-stub: success=True, findings=0, 16ms", "operator": "system", "plugin": "async-stub", "engagement_id": "ASYNC-001", "previous_hash": "8818b7b8f6ce7820", "hash": "7fc621c10ea08816"}
{"timestamp": "2026-02-24T08:30:55.902222+00:00", "level": "INFO", "action": "ASYNC_PLUGIN_EXECUTE", "details": "Async executing: slow-test", "operator": "system", "plugin": "slow-test", "engagement_id": "ASYNC-001", "previous_hash": "7fc621c10ea08816", "hash": "2a4a9059a33e44c4"}
{"timestamp": "2026-02-24T08:30:56.917118+00:00", "level": "INFO", "action": "ASYNC_PLUGIN_EXECUTE", "details": "Async executing: active-test", "operator": "system", "plugin": "active-test", "engagement_id": "ASYNC-001", "previous_hash": "2a4a9059a33e44c4", "hash": "88c9ff9c2ca5fd82"}
{"timestamp": "2026-02-24T08:30:56.917118+00:00", "level": "INFO", "action": "ASYNC_PLUGIN_COMPLETE", "details": "active-test: success=True, findings=0, 0ms", "operator": "system", "plugin": "active-test", "engagement_id": "ASYNC-001", "previous_hash": "88c9ff9c2ca5fd82", "hash": "3b0cddaa93340ccf"}
{"timestamp": "2026-02-24T08:30:56.952186+00:00", "level": "INFO", "action": "ROE_VALIDATED", "details": "RoE TEST-001 validated successfully", "operator": "system", "plugin": "", "engagement_id": "TEST-001", "previous_hash": "3b0cddaa93340ccf", "hash": "eaadb56798ed43af"}
{"timestamp": "2026-02-24T08:30:56.967859+00:00", "level": "WARN", "action": "POLICY_DENIED", "details": "test-plugin: RoE has not been validated", "operator": "system", "plugin": "", "engagement_id": "", "previous_hash": "eaadb56798ed43af", "hash": "359c7a234bc5b52b"}
{"timestamp": "2026-02-24T08:30:57.002254+00:00", "level": "INFO", "action": "ACTIVATION_CODE_SET", "details": "New activation code configured", "operator": "system", "plugin": "", "engagement_id": "", "previous_hash": "359c7a234bc5b52b", "hash": "5486deabb14945c9"}
{"timestamp": "2026-02-24T08:34:41.286664+00:00", "level": "INFO", "action": "ENGAGEMENT_INIT", "details": "Created engagement: test-eng", "operator": "system", "plugin": "", "engagement_id": "", "previous_hash": "5486deabb14945c9", "hash": "da523308d38ca598"}
{"timestamp": "2026-02-24T08:34:41.417590+00:00", "level": "INFO", "action": "ROE_VALIDATED", "details": "RoE E1 validated successfully", "operator": "system", "plugin": "", "engagement_id": "E1", "previous_hash": "da523308d38ca598", "hash": "929dbdb2996d55b4"}
{"timestamp": "2026-02-24T08:34:41.417590+00:00", "level": "INFO", "action": "ENGAGEMENT_LOADED", "details": "RoE validated, authorizer: admin", "operator": "system", "plugin": "", "engagement_id": "E1", "previous_hash": "929dbdb2996d55b4", "hash": "b95fb8681679bf08"}
{"timestamp": "2026-02-24T08:34:41.417590+00:00", "level": "INFO", "action": "PLUGIN_DRY_RUN", "details": "Dry run: passive-recon", "operator": "system", "plugin": "passive-recon", "engagement_id": "E1", "previous_hash": "b95fb8681679bf08", "hash": "3957c8ee7c332f1e"}
{"timestamp": "2026-02-24T08:34:41.417590+00:00", "level": "INFO", "action": "ENGAGEMENT_SHUTDOWN", "details": "", "operator": "system", "plugin": "", "engagement_id": "E1", "previous_hash": "3957c8ee7c332f1e", "hash": "f12cb681f71db9dd"}
{"timestamp": "2026-02-24T08:34:41.435424+00:00", "level": "ERROR", "action": "ENGAGEMENT_LOAD_FAILED", "details": "Missing required RoE fields: engagement_id, authorizer, authorized_targets, allowed_tests, start_time_utc, end_time_utc", "operator": "system", "plugin": "", "engagement_id": "", "previous_hash": "f12cb681f71db9dd", "hash": "ffb601b9a581a24b"}
{"timestamp": "2026-02-24T08:34:41.443504+00:00", "level": "INFO", "action": "ROE_VALIDATED", "details": "RoE E1 validated successfully", "operator": "system", "plugin": "", "engagement_id": "E1", "previous_hash": "ffb601b9a581a24b", "hash": "428ed75c731160df"}
{"timestamp": "2026-02-24T08:34:41.443504+00:00", "level": "INFO", "action": "ENGAGEMENT_LOADED", "details": "RoE validated, authorizer: admin", "operator": "system", "plugin": "", "engagement_id": "E1", "previous_hash": "428ed75c731160df", "hash": "b1a27516dd27e39c"}
{"timestamp": "2026-02-24T08:34:41.443504+00:00", "level": "INFO", "action": "PLUGIN_DRY_RUN", "details": "Dry run: sast-scanner", "operator": "system", "plugin": "sast-scanner", "engagement_id": "E1", "previous_hash": "b1a27516dd27e39c", "hash": "181208b41f5c2916"}
{"timestamp": "2026-02-24T08:34:41.446003+00:00", "level": "INFO", "action": "ENGAGEMENT_SHUTDOWN", "details": "", "operator": "system", "plugin": "", "engagement_id": "E1", "previous_hash": "181208b41f5c2916", "hash": "fca7b10c1d30319b"}
{"timestamp": "2026-02-24T08:34:41.453655+00:00", "level": "INFO", "action": "ROE_VALIDATED", "details": "RoE E1 validated successfully", "operator": "system", "plugin": "", "engagement_id": "E1", "previous_hash": "fca7b10c1d30319b", "hash": "8f9c435cf8f92f68"}
{"timestamp": "2026-02-24T08:34:41.453655+00:00", "level": "INFO", "action": "ENGAGEMENT_LOADED", "details": "RoE validated, authorizer: admin", "operator": "system", "plugin": "", "engagement_id": "E1", "previous_hash": "8f9c435cf8f92f68", "hash": "9f4080cb898e5d08"}
{"timestamp": "2026-02-24T08:34:41.464647+00:00", "level": "INFO", "action": "REPORT_GENERATED", "details": "Report for test_report_valid_dir0", "operator": "system", "plugin": "", "engagement_id": "", "previous_hash": "9f4080cb898e5d08", "hash": "9ea01244ccfc4a2d"}
{"timestamp": "2026-02-24T08:34:41.471340+00:00", "level": "INFO", "action": "REPORT_GENERATED", "details": "Report for test_report_json_format0", "operator": "system", "plugin": "", "engagement_id": "", "previous_hash": "9ea01244ccfc4a2d", "hash": "37cb138fdde31eb7"}
{"timestamp": "2026-02-24T08:34:41.493473+00:00", "level": "INFO", "action": "ROE_VALIDATED", "details": "RoE E1 validated successfully", "operator": "system", "plugin": "", "engagement_id": "E1", "previous_hash": "37cb138fdde31eb7", "hash": "d6c4dd86f9e6800e"}
{"timestamp": "2026-02-24T08:34:41.493473+00:00", "level": "INFO", "action": "ENGAGEMENT_LOADED", "details": "RoE validated, authorizer: admin", "operator": "system", "plugin": "", "engagement_id": "E1", "previous_hash": "d6c4dd86f9e6800e", "hash": "4490f64be7c72016"}
{"timestamp": "2026-02-24T08:34:41.502483+00:00", "level": "INFO", "action": "PLUGIN_DRY_RUN", "details": "Dry run: passive-recon", "operator": "system", "plugin": "passive-recon", "engagement_id": "E1", "previous_hash": "4490f64be7c72016", "hash": "7986c0c502df16c1"}
{"timestamp": "2026-02-24T08:34:41.503970+00:00", "level": "INFO", "action": "ENGAGEMENT_SHUTDOWN", "details": "", "operator": "system", "plugin": "", "engagement_id": "E1", "previous_hash": "7986c0c502df16c1", "hash": "253cb9abde914644"}
{"timestamp": "2026-02-24T08:34:41.511975+00:00", "level": "INFO", "action": "ROE_VALIDATED", "details": "RoE E1 validated successfully", "operator": "system", "plugin": "", "engagement_id": "E1", "previous_hash": "253cb9abde914644", "hash": "2812d5cc4596bc8e"}
{"timestamp": "2026-02-24T08:34:41.511975+00:00", "level": "INFO", "action": "ENGAGEMENT_LOADED", "details": "RoE validated, authorizer: admin", "operator": "system", "plugin": "", "engagement_id": "E1", "previous_hash": "2812d5cc4596bc8e", "hash": "083dc3f7f58627ab"}
{"timestamp": "2026-02-24T08:34:41.512387+00:00", "level": "INFO", "action": "PLUGIN_DRY_RUN", "details": "Dry run: passive-recon", "operator": "system", "plugin": "passive-recon", "engagement_id": "E1", "previous_hash": "083dc3f7f58627ab", "hash": "b12f687e0f741f58"}
{"timestamp": "2026-02-24T08:34:41.513599+00:00", "level": "INFO", "action": "ENGAGEMENT_SHUTDOWN", "details": "", "operator": "system", "plugin": "", "engagement_id": "E1", "previous_hash": "b12f687e0f741f58", "hash": "5358e2d4cc388351"}
{"timestamp": "2026-02-24T08:35:12.038803+00:00", "level": "INFO", "action": "ROE_VALIDATED", "details": "RoE ENG-1 validated successfully", "operator": "system", "plugin": "", "engagement_id": "ENG-1", "previous_hash": "5358e2d4cc388351", "hash": "39eb616b3fc643ce"}
{"timestamp": "2026-02-24T08:35:12.113498+00:00", "level": "INFO", "action": "ROE_VALIDATED", "details": "RoE ENG-1 validated successfully", "operator": "system", "plugin": "", "engagement_id": "ENG-1", "previous_hash": "39eb616b3fc643ce", "hash": "38d177457d6e456b"}
{"timestamp": "2026-02-24T08:35:12.132499+00:00", "level": "INFO", "action": "ACTIVATION_ATTEMPT", "details": "success=True", "operator": "user", "plugin": "", "engagement_id": "", "previous_hash": "38d177457d6e456b", "hash": "3fadc34a07ddc02b"}
{"timestamp": "2026-02-24T08:35:12.134795+00:00", "level": "WARN", "action": "ACTIVATION_ATTEMPT", "details": "success=False", "operator": "user", "plugin": "", "engagement_id": "", "previous_hash": "3fadc34a07ddc02b", "hash": "323e0dfd4885bd01"}
{"timestamp": "2026-02-24T08:35:12.137794+00:00", "level": "WARN", "action": "POLICY_DENIED", "details": "plugin: No engagement context provided", "operator": "system", "plugin": "", "engagement_id": "", "previous_hash": "323e0dfd4885bd01", "hash": "a3d7d01d55a2530c"}
{"timestamp": "2026-02-24T08:35:12.138796+00:00", "level": "WARN", "action": "POLICY_DENIED", "details": "plugin: RoE has not been validated", "operator": "system", "plugin": "", "engagement_id": "", "previous_hash": "a3d7d01d55a2530c", "hash": "7edccb492037fe03"}
{"timestamp": "2026-02-24T08:35:12.139796+00:00", "level": "WARN", "action": "POLICY_DENIED", "details": "plugin: Activation code has not been verified", "operator": "system", "plugin": "", "engagement_id": "", "previous_hash": "7edccb492037fe03", "hash": "40ea4e14c9541ae6"}
{"timestamp": "2026-02-24T08:35:12.141802+00:00", "level": "WARN", "action": "POLICY_DENIED", "details": "exploit: Plugin 'exploit' not in allowed tests: ['recon']", "operator": "system", "plugin": "", "engagement_id": "", "previous_hash": "40ea4e14c9541ae6", "hash": "e02a5f2e6ce9bcd5"}
{"timestamp": "2026-02-24T08:35:12.143734+00:00", "level": "WARN", "action": "POLICY_DENIED", "details": "recon: Current time outside engagement window (2026-02-24 09:35:12.143734+00:00 \u2014 2026-02-24 10:35:12.143734+00:00)", "operator": "system", "plugin": "", "engagement_id": "", "previous_hash": "e02a5f2e6ce9bcd5", "hash": "f3f5e303d0a66929"}
{"timestamp": "2026-02-24T08:35:12.144719+00:00", "level": "WARN", "action": "POLICY_DENIED", "details": "recon: Invalid time format in engagement context", "operator": "system", "plugin": "", "engagement_id": "", "previous_hash": "f3f5e303d0a66929", "hash": "15e66bff1d32aeb7"}
{"timestamp": "2026-02-24T08:45:31.141376+00:00", "level": "INFO", "action": "ACTIVATION_CODE_SET", "details": "New activation code configured", "operator": "system", "plugin": "", "engagement_id": "", "previous_hash": "15e66bff1d32aeb7", "hash": "2e7c4829f142b458"}
{"timestamp": "2026-02-24T08:45:31.143057+00:00", "level": "WARN", "action": "ACTIVATION_SET_FAILED", "details": "Code too short \u2014 minimum 8 characters required", "operator": "system", "plugin": "", "engagement_id": "", "previous_hash": "2e7c4829f142b458", "hash": "46d41506adcdc9d1"}
{"timestamp": "2026-02-24T08:45:31.144348+00:00", "level": "WARN", "action": "ACTIVATION_SET_FAILED", "details": "Code must contain letters, digits, and special characters", "operator": "system", "plugin": "", "engagement_id": "", "previous_hash": "46d41506adcdc9d1", "hash": "c71e411a3be4ebf9"}
{"timestamp": "2026-02-24T08:45:31.176745+00:00", "level": "INFO", "action": "ACTIVATION_CODE_SET", "details": "New activation code configured", "operator": "system", "plugin": "", "engagement_id": "", "previous_hash": "c71e411a3be4ebf9", "hash": "69458374f7b10d49"}
{"timestamp": "2026-02-24T08:45:31.247553+00:00", "level": "INFO", "action": "ACTIVATION_CODE_SET", "details": "New activation code configured", "operator": "system", "plugin": "", "engagement_id": "", "previous_hash": "69458374f7b10d49", "hash": "63bbf8fcc796eee8"}
{"timestamp": "2026-02-24T08:45:31.321040+00:00", "level": "INFO", "action": "ACTIVATION_CODE_SET", "details": "New activation code configured", "operator": "system", "plugin": "", "engagement_id": "", "previous_hash": "63bbf8fcc796eee8", "hash": "d96eaecd9848c66c"}
{"timestamp": "2026-02-24T08:45:31.353105+00:00", "level": "INFO", "action": "ACTIVATION_CODE_SET", "details": "New activation code configured", "operator": "system", "plugin": "", "engagement_id": "", "previous_hash": "d96eaecd9848c66c", "hash": "8e3a4031d2c63ee0"}
{"timestamp": "2026-02-24T08:45:31.394499+00:00", "level": "INFO", "action": "ACTIVATION_CODE_SET", "details": "New activation code configured", "operator": "system", "plugin": "", "engagement_id": "", "previous_hash": "8e3a4031d2c63ee0", "hash": "1f04dc9a9925b58a"}
{"timestamp": "2026-02-24T08:45:31.394499+00:00", "level": "INFO", "action": "ACTIVATION_CODE_CLEARED", "details": "Activation code removed", "operator": "system", "plugin": "", "engagement_id": "", "previous_hash": "1f04dc9a9925b58a", "hash": "2f8ba5d335e7b0d4"}
{"timestamp": "2026-02-24T08:45:31.431147+00:00", "level": "INFO", "action": "ACTIVATION_CODE_SET", "details": "New activation code configured", "operator": "system", "plugin": "", "engagement_id": "", "previous_hash": "2f8ba5d335e7b0d4", "hash": "fa8284b7ebf26266"}
{"timestamp": "2026-02-24T08:45:31.590454+00:00", "level": "WARN", "action": "ACTIVATION_LOCKOUT", "details": "", "operator": "system", "plugin": "", "engagement_id": "", "previous_hash": "fa8284b7ebf26266", "hash": "8741188598090c8c"}
{"timestamp": "2026-02-24T08:48:49.943265+00:00", "level": "INFO", "action": "ACTIVATION_CODE_SET", "details": "New activation code configured", "operator": "system", "plugin": "", "engagement_id": "", "previous_hash": "8741188598090c8c", "hash": "a79675231aa9d01f"}
{"timestamp": "2026-02-24T08:48:49.943265+00:00", "level": "WARN", "action": "ACTIVATION_SET_FAILED", "details": "Code too short \u2014 minimum 8 characters required", "operator": "system", "plugin": "", "engagement_id": "", "previous_hash": "a79675231aa9d01f", "hash": "b84bcf95a5be3e7f"}
{"timestamp": "2026-02-24T08:48:49.943265+00:00", "level": "WARN", "action": "ACTIVATION_SET_FAILED", "details": "Code must contain letters, digits, and special characters", "operator": "system", "plugin": "", "engagement_id": "", "previous_hash": "b84bcf95a5be3e7f", "hash": "86e8ca76485dd4c0"}
{"timestamp": "2026-02-24T08:48:49.983693+00:00", "level": "INFO", "action": "ACTIVATION_CODE_SET", "details": "New activation code configured", "operator": "system", "plugin": "", "engagement_id": "", "previous_hash": "86e8ca76485dd4c0", "hash": "1472fb2ebcd2592a"}
{"timestamp": "2026-02-24T08:48:50.048479+00:00", "level": "INFO", "action": "ACTIVATION_CODE_SET", "details": "New activation code configured", "operator": "system", "plugin": "", "engagement_id": "", "previous_hash": "1472fb2ebcd2592a", "hash": "07d8ae0dffd7b743"}
{"timestamp": "2026-02-24T08:48:50.123405+00:00", "level": "INFO", "action": "ACTIVATION_CODE_SET", "details": "New activation code configured", "operator": "system", "plugin": "", "engagement_id": "", "previous_hash": "07d8ae0dffd7b743", "hash": "721940a5b942b4b5"}
{"timestamp": "2026-02-24T08:48:50.153854+00:00", "level": "INFO", "action": "ACTIVATION_CODE_SET", "details": "New activation code configured", "operator": "system", "plugin": "", "engagement_id": "", "previous_hash": "721940a5b942b4b5", "hash": "bc5aa569fd50cb18"}
{"timestamp": "2026-02-24T08:48:50.183274+00:00", "level": "INFO", "action": "ACTIVATION_CODE_SET", "details": "New activation code configured", "operator": "system", "plugin": "", "engagement_id": "", "previous_hash": "bc5aa569fd50cb18", "hash": "9e25aeb4ba963896"}
{"timestamp": "2026-02-24T08:48:50.183274+00:00", "level": "INFO", "action": "ACTIVATION_CODE_CLEARED", "details": "Activation code removed", "operator": "system", "plugin": "", "engagement_id": "", "previous_hash": "9e25aeb4ba963896", "hash": "f5bd0ba6572cca9f"}
{"timestamp": "2026-02-24T08:48:50.227667+00:00", "level": "INFO", "action": "ACTIVATION_CODE_SET", "details": "New activation code configured", "operator": "system", "plugin": "", "engagement_id": "", "previous_hash": "f5bd0ba6572cca9f", "hash": "b9b3a5114eaa6538"}
{"timestamp": "2026-02-24T08:48:50.383683+00:00", "level": "WARN", "action": "ACTIVATION_LOCKOUT", "details": "", "operator": "system", "plugin": "", "engagement_id": "", "previous_hash": "b9b3a5114eaa6538", "hash": "1182abf531e8eb20"}
{"timestamp": "2026-02-24T08:49:59.933314+00:00", "level": "INFO", "action": "ACTIVATION_CODE_SET", "details": "New activation code configured", "operator": "system", "plugin": "", "engagement_id": "", "previous_hash": "1182abf531e8eb20", "hash": "698a23d8cb32401e"}
{"timestamp": "2026-02-24T08:49:59.934461+00:00", "level": "WARN", "action": "ACTIVATION_SET_FAILED", "details": "Code too short \u2014 minimum 8 characters required", "operator": "system", "plugin": "", "engagement_id": "", "previous_hash": "698a23d8cb32401e", "hash": "a7949a434bbaf86d"}
{"timestamp": "2026-02-24T08:49:59.934461+00:00", "level": "WARN", "action": "ACTIVATION_SET_FAILED", "details": "Code must contain letters, digits, and special characters", "operator": "system", "plugin": "", "engagement_id": "", "previous_hash": "a7949a434bbaf86d", "hash": "89f4a8b161019698"}
{"timestamp": "2026-02-24T08:49:59.963286+00:00", "level": "INFO", "action": "ACTIVATION_CODE_SET", "details": "New activation code configured", "operator": "system", "plugin": "", "engagement_id": "", "previous_hash": "89f4a8b161019698", "hash": "d1e9e6c6cf83ed01"}
{"timestamp": "2026-02-24T08:50:00.042014+00:00", "level": "INFO", "action": "ACTIVATION_CODE_SET", "details": "New activation code configured", "operator": "system", "plugin": "", "engagement_id": "", "previous_hash": "d1e9e6c6cf83ed01", "hash": "21283ca197975415"}
{"timestamp": "2026-02-24T08:50:00.109152+00:00", "level": "INFO", "action": "ACTIVATION_CODE_SET", "details": "New activation code configured", "operator": "system", "plugin": "", "engagement_id": "", "previous_hash": "21283ca197975415", "hash": "74eb706112e1485d"}
{"timestamp": "2026-02-24T08:50:00.149029+00:00", "level": "INFO", "action": "ACTIVATION_CODE_SET", "details": "New activation code configured", "operator": "system", "plugin": "", "engagement_id": "", "previous_hash": "74eb706112e1485d", "hash": "e24fa7ca789e4815"}
{"timestamp": "2026-02-24T08:50:00.188652+00:00", "level": "INFO", "action": "ACTIVATION_CODE_SET", "details": "New activation code configured", "operator": "system", "plugin": "", "engagement_id": "", "previous_hash": "e24fa7ca789e4815", "hash": "03b1ad5ed8077ae5"}
{"timestamp": "2026-02-24T08:50:00.188652+00:00", "level": "INFO", "action": "ACTIVATION_CODE_CLEARED", "details": "Activation code removed", "operator": "system", "plugin": "", "engagement_id": "", "previous_hash": "03b1ad5ed8077ae5", "hash": "115cf39393c84982"}
{"timestamp": "2026-02-24T08:50:00.224689+00:00", "level": "INFO", "action": "ACTIVATION_CODE_SET", "details": "New activation code configured", "operator": "system", "plugin": "", "engagement_id": "", "previous_hash": "115cf39393c84982", "hash": "0e03cba6c2ffe566"}
{"timestamp": "2026-02-24T08:50:00.384754+00:00", "level": "WARN", "action": "ACTIVATION_LOCKOUT", "details": "", "operator": "system", "plugin": "", "engagement_id": "", "previous_hash": "0e03cba6c2ffe566", "hash": "0c9f245dbbc084c4"}
{"timestamp": "2026-02-24T08:51:55.607608+00:00", "level": "INFO", "action": "ACTIVATION_CODE_SET", "details": "New activation code configured", "operator": "system", "plugin": "", "engagement_id": "", "previous_hash": "0c9f245dbbc084c4", "hash": "492c5754c551263d"}
{"timestamp": "2026-02-24T08:51:55.607608+00:00", "level": "WARN", "action": "ACTIVATION_SET_FAILED", "details": "Code too short \u2014 minimum 8 characters required", "operator": "system", "plugin": "", "engagement_id": "", "previous_hash": "492c5754c551263d", "hash": "c40e45f8229f0376"}
{"timestamp": "2026-02-24T08:51:55.607608+00:00", "level": "WARN", "action": "ACTIVATION_SET_FAILED", "details": "Code must contain letters, digits, and special characters", "operator": "system", "plugin": "", "engagement_id": "", "previous_hash": "c40e45f8229f0376", "hash": "9d35bfbb58f873be"}
{"timestamp": "2026-02-24T08:51:55.633475+00:00", "level": "INFO", "action": "ACTIVATION_CODE_SET", "details": "New activation code configured", "operator": "system", "plugin": "", "engagement_id": "", "previous_hash": "9d35bfbb58f873be", "hash": "a023f8c6fdbf19d0"}
{"timestamp": "2026-02-24T08:51:55.715868+00:00", "level": "INFO", "action": "ACTIVATION_CODE_SET", "details": "New activation code configured", "operator": "system", "plugin": "", "engagement_id": "", "previous_hash": "a023f8c6fdbf19d0", "hash": "68715e263bf52ef8"}
{"timestamp": "2026-02-24T08:51:55.783541+00:00", "level": "INFO", "action": "ACTIVATION_CODE_SET", "details": "New activation code configured", "operator": "system", "plugin": "", "engagement_id": "", "previous_hash": "68715e263bf52ef8", "hash": "24387e69b5ae9082"}
{"timestamp": "2026-02-24T08:51:55.820820+00:00", "level": "INFO", "action": "ACTIVATION_CODE_SET", "details": "New activation code configured", "operator": "system", "plugin": "", "engagement_id": "", "previous_hash": "24387e69b5ae9082", "hash": "2ba38a64a185d1f0"}
{"timestamp": "2026-02-24T08:51:55.854171+00:00", "level": "INFO", "action": "ACTIVATION_CODE_SET", "details": "New activation code configured", "operator": "system", "plugin": "", "engagement_id": "", "previous_hash": "2ba38a64a185d1f0", "hash": "b35a05b494c9d858"}
{"timestamp": "2026-02-24T08:51:55.854171+00:00", "level": "INFO", "action": "ACTIVATION_CODE_CLEARED", "details": "Activation code removed", "operator": "system", "plugin": "", "engagement_id": "", "previous_hash": "b35a05b494c9d858", "hash": "e96af8ff70f95580"}
{"timestamp": "2026-02-24T08:51:55.883449+00:00", "level": "INFO", "action": "ACTIVATION_CODE_SET", "details": "New activation code configured", "operator": "system", "plugin": "", "engagement_id": "", "previous_hash": "e96af8ff70f95580", "hash": "02f7ac4bc44dccdc"}
{"timestamp": "2026-02-24T08:51:56.051953+00:00", "level": "WARN", "action": "ACTIVATION_LOCKOUT", "details": "", "operator": "system", "plugin": "", "engagement_id": "", "previous_hash": "02f7ac4bc44dccdc", "hash": "2635b2c829a8ec54"}
{"timestamp": "2026-02-24T08:52:11.481376+00:00", "level": "INFO", "action": "ACTIVATION_CODE_SET", "details": "New activation code configured", "operator": "system", "plugin": "", "engagement_id": "", "previous_hash": "2635b2c829a8ec54", "hash": "afd70f207c2dbee8"}
{"timestamp": "2026-02-24T08:52:11.553279+00:00", "level": "INFO", "action": "ACTIVATION_CODE_SET", "details": "New activation code configured", "operator": "system", "plugin": "", "engagement_id": "", "previous_hash": "afd70f207c2dbee8", "hash": "4640af9226a6bf34"}
{"timestamp": "2026-02-24T08:52:11.596998+00:00", "level": "WARN", "action": "ACTIVATION_SET_FAILED", "details": "Code must contain letters, digits, and special characters", "operator": "system", "plugin": "", "engagement_id": "", "previous_hash": "4640af9226a6bf34", "hash": "5602374753136fdb"}
{"timestamp": "2026-02-24T08:52:11.601007+00:00", "level": "WARN", "action": "ACTIVATION_SET_FAILED", "details": "Code must contain letters, digits, and special characters", "operator": "system", "plugin": "", "engagement_id": "", "previous_hash": "5602374753136fdb", "hash": "54a9dd3503a385c2"}
{"timestamp": "2026-02-24T08:52:11.601007+00:00", "level": "WARN", "action": "ACTIVATION_SET_FAILED", "details": "Code must contain letters, digits, and special characters", "operator": "system", "plugin": "", "engagement_id": "", "previous_hash": "54a9dd3503a385c2", "hash": "58fe783b9bb2ea30"}
{"timestamp": "2026-02-24T08:52:11.603796+00:00", "level": "WARN", "action": "ACTIVATION_SET_FAILED", "details": "Code too short \u2014 minimum 8 characters required", "operator": "system", "plugin": "", "engagement_id": "", "previous_hash": "58fe783b9bb2ea30", "hash": "2d3de838c3ae69e1"}
{"timestamp": "2026-02-24T08:52:11.637876+00:00", "level": "INFO", "action": "ACTIVATION_CODE_SET", "details": "New activation code configured", "operator": "system", "plugin": "", "engagement_id": "", "previous_hash": "2d3de838c3ae69e1", "hash": "7ff65103d637323c"}
{"timestamp": "2026-02-24T08:52:11.637876+00:00", "level": "INFO", "action": "ACTIVATION_CODE_CLEARED", "details": "Activation code removed", "operator": "system", "plugin": "", "engagement_id": "", "previous_hash": "7ff65103d637323c", "hash": "32fddc66c7b68811"}
{"timestamp": "2026-02-24T08:52:11.673582+00:00", "level": "INFO", "action": "ACTIVATION_CODE_SET", "details": "New activation code configured", "operator": "system", "plugin": "", "engagement_id": "", "previous_hash": "32fddc66c7b68811", "hash": "cbbc7b258e22b9fa"}
{"timestamp": "2026-02-24T08:52:11.713836+00:00", "level": "INFO", "action": "ACTIVATION_CODE_SET", "details": "New activation code configured", "operator": "system", "plugin": "", "engagement_id": "", "previous_hash": "cbbc7b258e22b9fa", "hash": "aa8677f833952c27"}
{"timestamp": "2026-02-24T08:52:11.741745+00:00", "level": "INFO", "action": "ENGAGEMENT_INIT", "details": "Created engagement: ENG-001", "operator": "system", "plugin": "", "engagement_id": "", "previous_hash": "aa8677f833952c27", "hash": "9616d79977fa4ea8"}
{"timestamp": "2026-02-24T08:52:11.753434+00:00", "level": "INFO", "action": "ENGAGEMENT_INIT", "details": "Created engagement: TMPL", "operator": "system", "plugin": "", "engagement_id": "", "previous_hash": "9616d79977fa4ea8", "hash": "a3cd8d9e7eff885c"}
{"timestamp": "2026-02-24T08:58:24.203330+00:00", "level": "INFO", "action": "ROE_VALIDATED", "details": "RoE TEST-001 validated successfully", "operator": "system", "plugin": "", "engagement_id": "TEST-001", "previous_hash": "a3cd8d9e7eff885c", "hash": "862e37478c276675"}
{"timestamp": "2026-02-24T08:58:24.203330+00:00", "level": "INFO", "action": "ENGAGEMENT_LOADED", "details": "RoE validated, authorizer: Test Admin", "operator": "system", "plugin": "", "engagement_id": "TEST-001", "previous_hash": "862e37478c276675", "hash": "12f2c6bef090f64d"}
{"timestamp": "2026-02-24T08:58:24.205648+00:00", "level": "ERROR", "action": "ENGAGEMENT_LOAD_FAILED", "details": "Missing required RoE fields: authorizer, authorized_targets, allowed_tests, start_time_utc, end_time_utc", "operator": "system", "plugin": "", "engagement_id": "", "previous_hash": "12f2c6bef090f64d", "hash": "49bd6366dccde6ac"}
{"timestamp": "2026-02-24T08:58:24.209137+00:00", "level": "ERROR", "action": "ENGAGEMENT_LOAD_FAILED", "details": "RoE has expired (end_time: 2026-02-23T08:58:24+00:00)", "operator": "system", "plugin": "", "engagement_id": "", "previous_hash": "49bd6366dccde6ac", "hash": "23181415e5e62933"}
{"timestamp": "2026-02-24T08:58:24.218207+00:00", "level": "ERROR", "action": "ENGAGEMENT_LOAD_FAILED", "details": "RoE file not found: \\nonexistent\\roe.yaml", "operator": "system", "plugin": "", "engagement_id": "", "previous_hash": "23181415e5e62933", "hash": "14691830ce27fe50"}
{"timestamp": "2026-02-24T08:58:24.223861+00:00", "level": "INFO", "action": "ROE_VALIDATED", "details": "RoE TEST-001 validated successfully", "operator": "system", "plugin": "", "engagement_id": "TEST-001", "previous_hash": "14691830ce27fe50", "hash": "dd0b2cfd35a684b9"}
{"timestamp": "2026-02-24T08:58:24.223861+00:00", "level": "INFO", "action": "ENGAGEMENT_LOADED", "details": "RoE validated, authorizer: Test Admin", "operator": "system", "plugin": "", "engagement_id": "TEST-001", "previous_hash": "dd0b2cfd35a684b9", "hash": "6d09e4afe27b53a5"}
{"timestamp": "2026-02-24T08:58:24.225127+00:00", "level": "INFO", "action": "PLUGIN_DRY_RUN", "details": "Dry run: stub-test", "operator": "system", "plugin": "stub-test", "engagement_id": "TEST-001", "previous_hash": "6d09e4afe27b53a5", "hash": "8c940d26de71a080"}
{"timestamp": "2026-02-24T08:58:24.239253+00:00", "level": "INFO", "action": "ROE_VALIDATED", "details": "RoE TEST-001 validated successfully", "operator": "system", "plugin": "", "engagement_id": "TEST-001", "previous_hash": "8c940d26de71a080", "hash": "9608d5e7d84f3ec9"}
{"timestamp": "2026-02-24T08:58:24.239253+00:00", "level": "INFO", "action": "ENGAGEMENT_LOADED", "details": "RoE validated, authorizer: Test Admin", "operator": "system", "plugin": "", "engagement_id": "TEST-001", "previous_hash": "9608d5e7d84f3ec9", "hash": "fa68a6fd47c0786d"}
{"timestamp": "2026-02-24T08:58:24.247091+00:00", "level": "INFO", "action": "ROE_VALIDATED", "details": "RoE TEST-001 validated successfully", "operator": "system", "plugin": "", "engagement_id": "TEST-001", "previous_hash": "fa68a6fd47c0786d", "hash": "3b229e0ce7c281c2"}
{"timestamp": "2026-02-24T08:58:24.248099+00:00", "level": "INFO", "action": "ENGAGEMENT_LOADED", "details": "RoE validated, authorizer: Test Admin", "operator": "system", "plugin": "", "engagement_id": "TEST-001", "previous_hash": "3b229e0ce7c281c2", "hash": "c06d3e33ac5f6c3d"}
{"timestamp": "2026-02-24T08:58:24.248099+00:00", "level": "INFO", "action": "PLUGIN_EXECUTE", "details": "Executing: stub-test", "operator": "system", "plugin": "stub-test", "engagement_id": "TEST-001", "previous_hash": "c06d3e33ac5f6c3d", "hash": "eb435b2dbf020fac"}
{"timestamp": "2026-02-24T08:58:24.248099+00:00", "level": "INFO", "action": "PLUGIN_COMPLETE", "details": "stub-test: success=True, findings=1, 0ms", "operator": "system", "plugin": "stub-test", "engagement_id": "TEST-001", "previous_hash": "eb435b2dbf020fac", "hash": "757b0a9101e1e1d3"}
{"timestamp": "2026-02-24T08:58:24.253091+00:00", "level": "INFO", "action": "ROE_VALIDATED", "details": "RoE TEST-001 validated successfully", "operator": "system", "plugin": "", "engagement_id": "TEST-001", "previous_hash": "757b0a9101e1e1d3", "hash": "742f08b9597acf47"}
{"timestamp": "2026-02-24T08:58:24.253091+00:00", "level": "INFO", "action": "ENGAGEMENT_LOADED", "details": "RoE validated, authorizer: Test Admin", "operator": "system", "plugin": "", "engagement_id": "TEST-001", "previous_hash": "742f08b9597acf47", "hash": "2f3ff4adb7ebf543"}
{"timestamp": "2026-02-24T08:58:24.253794+00:00", "level": "INFO", "action": "PLUGIN_EXECUTE", "details": "Executing: fail-test", "operator": "system", "plugin": "fail-test", "engagement_id": "TEST-001", "previous_hash": "2f3ff4adb7ebf543", "hash": "e841070395c14f06"}
{"timestamp": "2026-02-24T08:58:24.254126+00:00", "level": "INFO", "action": "PLUGIN_COMPLETE", "details": "fail-test: success=False, findings=0, 0ms", "operator": "system", "plugin": "fail-test", "engagement_id": "TEST-001", "previous_hash": "e841070395c14f06", "hash": "94b9a93b699ba89f"}
{"timestamp": "2026-02-24T08:58:24.259143+00:00", "level": "INFO", "action": "ROE_VALIDATED", "details": "RoE TEST-001 validated successfully", "operator": "system", "plugin": "", "engagement_id": "TEST-001", "previous_hash": "94b9a93b699ba89f", "hash": "9b6c1464ecab1020"}
{"timestamp": "2026-02-24T08:58:24.259143+00:00", "level": "INFO", "action": "ENGAGEMENT_LOADED", "details": "RoE validated, authorizer: Test Admin", "operator": "system", "plugin": "", "engagement_id": "TEST-001", "previous_hash": "9b6c1464ecab1020", "hash": "a20d9401147dc67d"}
{"timestamp": "2026-02-24T08:58:24.259143+00:00", "level": "INFO", "action": "ENGAGEMENT_SHUTDOWN", "details": "", "operator": "system", "plugin": "", "engagement_id": "TEST-001", "previous_hash": "a20d9401147dc67d", "hash": "6fa3269d122c279c"}
{"timestamp": "2026-02-24T08:58:24.260144+00:00", "level": "WARN", "action": "ACTIVATION_FAILED", "details": "No engagement loaded", "operator": "system", "plugin": "", "engagement_id": "", "previous_hash": "6fa3269d122c279c", "hash": "7f988ee1d6c2a7f9"}
{"timestamp": "2026-02-24T08:58:24.263809+00:00", "level": "INFO", "action": "ROE_VALIDATED", "details": "RoE TEST-001 validated successfully", "operator": "system", "plugin": "", "engagement_id": "TEST-001", "previous_hash": "7f988ee1d6c2a7f9", "hash": "4cfb7ebbd5b54380"}
{"timestamp": "2026-02-24T08:58:24.263809+00:00", "level": "INFO", "action": "ENGAGEMENT_LOADED", "details": "RoE validated, authorizer: Test Admin", "operator": "system", "plugin": "", "engagement_id": "TEST-001", "previous_hash": "4cfb7ebbd5b54380", "hash": "24846fe89be150ac"}
{"timestamp": "2026-02-24T08:58:24.283790+00:00", "level": "INFO", "action": "ASYNC_PLUGIN_EXECUTE", "details": "Async executing: active-test", "operator": "system", "plugin": "active-test", "engagement_id": "ASYNC-001", "previous_hash": "24846fe89be150ac", "hash": "b0bce41078371f4f"}
{"timestamp": "2026-02-24T08:58:24.284108+00:00", "level": "INFO", "action": "ASYNC_PLUGIN_COMPLETE", "details": "active-test: success=True, findings=0, 0ms", "operator": "system", "plugin": "active-test", "engagement_id": "ASYNC-001", "previous_hash": "b0bce41078371f4f", "hash": "47f3a2a3f77382ef"}
{"timestamp": "2026-02-24T08:58:24.287127+00:00", "level": "INFO", "action": "ASYNC_PLUGIN_EXECUTE", "details": "Async executing: destructive-test", "operator": "system", "plugin": "destructive-test", "engagement_id": "ASYNC-001", "previous_hash": "47f3a2a3f77382ef", "hash": "94f339f28fbdbd7e"}
{"timestamp": "2026-02-24T08:58:24.288127+00:00", "level": "INFO", "action": "ASYNC_PLUGIN_COMPLETE", "details": "destructive-test: success=True, findings=0, 0ms", "operator": "system", "plugin": "destructive-test", "engagement_id": "ASYNC-001", "previous_hash": "94f339f28fbdbd7e", "hash": "b130047409e8666d"}
{"timestamp": "2026-02-24T08:58:24.289127+00:00", "level": "INFO", "action": "ASYNC_PLUGIN_DRY_RUN", "details": "Async dry run: async-stub", "operator": "system", "plugin": "async-stub", "engagement_id": "ASYNC-001", "previous_hash": "b130047409e8666d", "hash": "f3d1cde685e45a3a"}
{"timestamp": "2026-02-24T08:58:24.291127+00:00", "level": "INFO", "action": "ASYNC_PLUGIN_EXECUTE", "details": "Async executing: async-stub", "operator": "system", "plugin": "async-stub", "engagement_id": "ASYNC-001", "previous_hash": "f3d1cde685e45a3a", "hash": "26534438e97dcd5a"}
{"timestamp": "2026-02-24T08:58:24.309168+00:00", "level": "INFO", "action": "ASYNC_PLUGIN_COMPLETE", "details": "async-stub: success=True, findings=0, 15ms", "operator": "system", "plugin": "async-stub", "engagement_id": "ASYNC-001", "previous_hash": "26534438e97dcd5a", "hash": "9c9dc1e440afb75d"}
{"timestamp": "2026-02-24T08:58:24.311171+00:00", "level": "INFO", "action": "ASYNC_PLUGIN_EXECUTE", "details": "Async executing: slow-test", "operator": "system", "plugin": "slow-test", "engagement_id": "ASYNC-001", "previous_hash": "9c9dc1e440afb75d", "hash": "9847e9c50a1fba02"}
{"timestamp": "2026-02-24T08:58:25.314342+00:00", "level": "INFO", "action": "ASYNC_PLUGIN_EXECUTE", "details": "Async executing: active-test", "operator": "system", "plugin": "active-test", "engagement_id": "ASYNC-001", "previous_hash": "9847e9c50a1fba02", "hash": "5617d1b54d6b63bb"}
{"timestamp": "2026-02-24T08:58:25.314342+00:00", "level": "INFO", "action": "ASYNC_PLUGIN_COMPLETE", "details": "active-test: success=True, findings=0, 0ms", "operator": "system", "plugin": "active-test", "engagement_id": "ASYNC-001", "previous_hash": "5617d1b54d6b63bb", "hash": "019b0684cd9cc089"}
{"timestamp": "2026-02-24T08:58:25.359020+00:00", "level": "INFO", "action": "ROE_VALIDATED", "details": "RoE TEST-001 validated successfully", "operator": "system", "plugin": "", "engagement_id": "TEST-001", "previous_hash": "019b0684cd9cc089", "hash": "86dd154c03c94441"}
{"timestamp": "2026-02-24T08:58:25.373878+00:00", "level": "WARN", "action": "POLICY_DENIED", "details": "test-plugin: RoE has not been validated", "operator": "system", "plugin": "", "engagement_id": "", "previous_hash": "86dd154c03c94441", "hash": "a4d23887045d18ac"}
{"timestamp": "2026-02-24T08:58:25.393874+00:00", "level": "INFO", "action": "ACTIVATION_CODE_SET", "details": "New activation code configured", "operator": "system", "plugin": "", "engagement_id": "", "previous_hash": "a4d23887045d18ac", "hash": "d2c13ad3560d388b"}
{"timestamp": "2026-02-24T09:02:31.766343+00:00", "level": "INFO", "action": "ACTIVATION_CODE_SET", "details": "New activation code configured", "operator": "system", "plugin": "", "engagement_id": "", "previous_hash": "d2c13ad3560d388b", "hash": "3f8d558013bf16fe"}
{"timestamp": "2026-02-24T09:02:31.769342+00:00", "level": "WARN", "action": "ACTIVATION_SET_FAILED", "details": "Code too short \u2014 minimum 8 characters required", "operator": "system", "plugin": "", "engagement_id": "", "previous_hash": "3f8d558013bf16fe", "hash": "ab656c40a8392968"}
{"timestamp": "2026-02-24T09:02:31.773350+00:00", "level": "WARN", "action": "ACTIVATION_SET_FAILED", "details": "Code must contain letters, digits, and special characters", "operator": "system", "plugin": "", "engagement_id": "", "previous_hash": "ab656c40a8392968", "hash": "a3b0c3f2bb154d29"}
{"timestamp": "2026-02-24T09:02:31.823301+00:00", "level": "INFO", "action": "ACTIVATION_CODE_SET", "details": "New activation code configured", "operator": "system", "plugin": "", "engagement_id": "", "previous_hash": "a3b0c3f2bb154d29", "hash": "9eef33e1ca5a68af"}
{"timestamp": "2026-02-24T09:02:31.916689+00:00", "level": "INFO", "action": "ACTIVATION_CODE_SET", "details": "New activation code configured", "operator": "system", "plugin": "", "engagement_id": "", "previous_hash": "9eef33e1ca5a68af", "hash": "e82b43410cd096af"}
{"timestamp": "2026-02-24T09:02:32.015415+00:00", "level": "INFO", "action": "ACTIVATION_CODE_SET", "details": "New activation code configured", "operator": "system", "plugin": "", "engagement_id": "", "previous_hash": "e82b43410cd096af", "hash": "de57308f2ccbbd52"}
{"timestamp": "2026-02-24T09:02:32.066717+00:00", "level": "INFO", "action": "ACTIVATION_CODE_SET", "details": "New activation code configured", "operator": "system", "plugin": "", "engagement_id": "", "previous_hash": "de57308f2ccbbd52", "hash": "e9a574d58286fe26"}
{"timestamp": "2026-02-24T09:02:32.125257+00:00", "level": "INFO", "action": "ACTIVATION_CODE_SET", "details": "New activation code configured", "operator": "system", "plugin": "", "engagement_id": "", "previous_hash": "e9a574d58286fe26", "hash": "96286c11133de496"}
{"timestamp": "2026-02-24T09:02:32.126257+00:00", "level": "INFO", "action": "ACTIVATION_CODE_CLEARED", "details": "Activation code removed", "operator": "system", "plugin": "", "engagement_id": "", "previous_hash": "96286c11133de496", "hash": "d2cc4dca6d0a3535"}
{"timestamp": "2026-02-24T09:02:32.189786+00:00", "level": "INFO", "action": "ACTIVATION_CODE_SET", "details": "New activation code configured", "operator": "system", "plugin": "", "engagement_id": "", "previous_hash": "d2cc4dca6d0a3535", "hash": "8fdcb5fb37913843"}
{"timestamp": "2026-02-24T09:02:32.409176+00:00", "level": "WARN", "action": "ACTIVATION_LOCKOUT", "details": "", "operator": "system", "plugin": "", "engagement_id": "", "previous_hash": "8fdcb5fb37913843", "hash": "ded461a191c5a163"}
{"timestamp": "2026-02-24T09:02:39.936841+00:00", "level": "INFO", "action": "ENGAGEMENT_INIT", "details": "Created engagement: test-eng", "operator": "system", "plugin": "", "engagement_id": "", "previous_hash": "ded461a191c5a163", "hash": "90a07da7c6ea5cdd"}
{"timestamp": "2026-02-24T09:02:40.186225+00:00", "level": "INFO", "action": "ROE_VALIDATED", "details": "RoE E1 validated successfully", "operator": "system", "plugin": "", "engagement_id": "E1", "previous_hash": "90a07da7c6ea5cdd", "hash": "6f64768a135ab157"}
{"timestamp": "2026-02-24T09:02:40.186225+00:00", "level": "INFO", "action": "ENGAGEMENT_LOADED", "details": "RoE validated, authorizer: admin", "operator": "system", "plugin": "", "engagement_id": "E1", "previous_hash": "6f64768a135ab157", "hash": "fff8c3ee36ea3dd3"}
{"timestamp": "2026-02-24T09:02:40.186225+00:00", "level": "INFO", "action": "PLUGIN_DRY_RUN", "details": "Dry run: passive-recon", "operator": "system", "plugin": "passive-recon", "engagement_id": "E1", "previous_hash": "fff8c3ee36ea3dd3", "hash": "9b705c4672265f20"}
{"timestamp": "2026-02-24T09:02:40.188233+00:00", "level": "INFO", "action": "ENGAGEMENT_SHUTDOWN", "details": "", "operator": "system", "plugin": "", "engagement_id": "E1", "previous_hash": "9b705c4672265f20", "hash": "513b5f37e8a994bd"}
{"timestamp": "2026-02-24T09:02:40.194225+00:00", "level": "ERROR", "action": "ENGAGEMENT_LOAD_FAILED", "details": "Missing required RoE fields: engagement_id, authorizer, authorized_targets, allowed_tests, start_time_utc, end_time_utc", "operator": "system", "plugin": "", "engagement_id": "", "previous_hash": "513b5f37e8a994bd", "hash": "427a5656a25d7c00"}
{"timestamp": "2026-02-24T09:02:40.204225+00:00", "level": "INFO", "action": "ROE_VALIDATED", "details": "RoE E1 validated successfully", "operator": "system", "plugin": "", "engagement_id": "E1", "previous_hash": "427a5656a25d7c00", "hash": "57bc12317ab74d00"}
{"timestamp": "2026-02-24T09:02:40.205225+00:00", "level": "INFO", "action": "ENGAGEMENT_LOADED", "details": "RoE validated, authorizer: admin", "operator": "system", "plugin": "", "engagement_id": "E1", "previous_hash": "57bc12317ab74d00", "hash": "3d2293f55617d4ef"}
{"timestamp": "2026-02-24T09:02:40.205225+00:00", "level": "INFO", "action": "PLUGIN_DRY_RUN", "details": "Dry run: sast-scanner", "operator": "system", "plugin": "sast-scanner", "engagement_id": "E1", "previous_hash": "3d2293f55617d4ef", "hash": "181fbfedc8931d43"}
{"timestamp": "2026-02-24T09:02:40.206225+00:00", "level": "INFO", "action": "ENGAGEMENT_SHUTDOWN", "details": "", "operator": "system", "plugin": "", "engagement_id": "E1", "previous_hash": "181fbfedc8931d43", "hash": "121a7f7da66ff4e5"}
{"timestamp": "2026-02-24T09:02:40.225614+00:00", "level": "INFO", "action": "ROE_VALIDATED", "details": "RoE E1 validated successfully", "operator": "system", "plugin": "", "engagement_id": "E1", "previous_hash": "121a7f7da66ff4e5", "hash": "af73160deab80eb8"}
{"timestamp": "2026-02-24T09:02:40.225614+00:00", "level": "INFO", "action": "ENGAGEMENT_LOADED", "details": "RoE validated, authorizer: admin", "operator": "system", "plugin": "", "engagement_id": "E1", "previous_hash": "af73160deab80eb8", "hash": "f819188240b5278f"}
{"timestamp": "2026-02-24T09:02:40.233613+00:00", "level": "INFO", "action": "REPORT_GENERATED", "details": "Report for test_report_valid_dir0", "operator": "system", "plugin": "", "engagement_id": "", "previous_hash": "f819188240b5278f", "hash": "f2b2b19ca900597b"}
{"timestamp": "2026-02-24T09:02:40.239638+00:00", "level": "INFO", "action": "REPORT_GENERATED", "details": "Report for test_report_json_format0", "operator": "system", "plugin": "", "engagement_id": "", "previous_hash": "f2b2b19ca900597b", "hash": "bf2a5a53398e6bc8"}
{"timestamp": "2026-02-24T09:02:40.269734+00:00", "level": "INFO", "action": "ROE_VALIDATED", "details": "RoE E1 validated successfully", "operator": "system", "plugin": "", "engagement_id": "E1", "previous_hash": "bf2a5a53398e6bc8", "hash": "3dcdd3c14806907e"}
{"timestamp": "2026-02-24T09:02:40.270733+00:00", "level": "INFO", "action": "ENGAGEMENT_LOADED", "details": "RoE validated, authorizer: admin", "operator": "system", "plugin": "", "engagement_id": "E1", "previous_hash": "3dcdd3c14806907e", "hash": "3d14e78c859f0840"}
{"timestamp": "2026-02-24T09:02:40.270733+00:00", "level": "INFO", "action": "PLUGIN_DRY_RUN", "details": "Dry run: passive-recon", "operator": "system", "plugin": "passive-recon", "engagement_id": "E1", "previous_hash": "3d14e78c859f0840", "hash": "290a6329d7a72286"}
{"timestamp": "2026-02-24T09:02:40.273145+00:00", "level": "INFO", "action": "ENGAGEMENT_SHUTDOWN", "details": "", "operator": "system", "plugin": "", "engagement_id": "E1", "previous_hash": "290a6329d7a72286", "hash": "c1d9e3cdbc00a33e"}
{"timestamp": "2026-02-24T09:02:40.285111+00:00", "level": "INFO", "action": "ROE_VALIDATED", "details": "RoE E1 validated successfully", "operator": "system", "plugin": "", "engagement_id": "E1", "previous_hash": "c1d9e3cdbc00a33e", "hash": "d697e6fe33223330"}
{"timestamp": "2026-02-24T09:02:40.285111+00:00", "level": "INFO", "action": "ENGAGEMENT_LOADED", "details": "RoE validated, authorizer: admin", "operator": "system", "plugin": "", "engagement_id": "E1", "previous_hash": "d697e6fe33223330", "hash": "1285bb32067d0fa1"}
{"timestamp": "2026-02-24T09:02:40.286111+00:00", "level": "INFO", "action": "PLUGIN_DRY_RUN", "details": "Dry run: passive-recon", "operator": "system", "plugin": "passive-recon", "engagement_id": "E1", "previous_hash": "1285bb32067d0fa1", "hash": "3494ebb3c3c1f790"}
{"timestamp": "2026-02-24T09:02:40.288112+00:00", "level": "INFO", "action": "ENGAGEMENT_SHUTDOWN", "details": "", "operator": "system", "plugin": "", "engagement_id": "E1", "previous_hash": "3494ebb3c3c1f790", "hash": "58002301b7b50df1"}
{"timestamp": "2026-02-24T09:03:10.455705+00:00", "level": "INFO", "action": "ROE_VALIDATED", "details": "RoE ENG-1 validated successfully", "operator": "system", "plugin": "", "engagement_id": "ENG-1", "previous_hash": "58002301b7b50df1", "hash": "a9ec35b63c5b56f2"}
{"timestamp": "2026-02-24T09:03:10.529187+00:00", "level": "INFO", "action": "ROE_VALIDATED", "details": "RoE ENG-1 validated successfully", "operator": "system", "plugin": "", "engagement_id": "ENG-1", "previous_hash": "a9ec35b63c5b56f2", "hash": "e99ed8fd6b76802f"}
{"timestamp": "2026-02-24T09:03:10.540187+00:00", "level": "INFO", "action": "ACTIVATION_ATTEMPT", "details": "success=True", "operator": "user", "plugin": "", "engagement_id": "", "previous_hash": "e99ed8fd6b76802f", "hash": "72b5978d42295419"}
{"timestamp": "2026-02-24T09:03:10.541187+00:00", "level": "WARN", "action": "ACTIVATION_ATTEMPT", "details": "success=False", "operator": "user", "plugin": "", "engagement_id": "", "previous_hash": "72b5978d42295419", "hash": "a619367e3bbe646b"}
{"timestamp": "2026-02-24T09:03:10.544189+00:00", "level": "WARN", "action": "POLICY_DENIED", "details": "plugin: No engagement context provided", "operator": "system", "plugin": "", "engagement_id": "", "previous_hash": "a619367e3bbe646b", "hash": "ff80b59d12e30807"}
{"timestamp": "2026-02-24T09:03:10.544189+00:00", "level": "WARN", "action": "POLICY_DENIED", "details": "plugin: RoE has not been validated", "operator": "system", "plugin": "", "engagement_id": "", "previous_hash": "ff80b59d12e30807", "hash": "8cb7d2da026a96d2"}
{"timestamp": "2026-02-24T09:03:10.544189+00:00", "level": "WARN", "action": "POLICY_DENIED", "details": "plugin: Activation code has not been verified", "operator": "system", "plugin": "", "engagement_id": "", "previous_hash": "8cb7d2da026a96d2", "hash": "adf8fae6c09ffb16"}
{"timestamp": "2026-02-24T09:03:10.546966+00:00", "level": "WARN", "action": "POLICY_DENIED", "details": "exploit: Plugin 'exploit' not in allowed tests: ['recon']", "operator": "system", "plugin": "", "engagement_id": "", "previous_hash": "adf8fae6c09ffb16", "hash": "cd8167e0a19e9c55"}
{"timestamp": "2026-02-24T09:03:10.548967+00:00", "level": "WARN", "action": "POLICY_DENIED", "details": "recon: Current time outside engagement window (2026-02-24 10:03:10.548967+00:00 \u2014 2026-02-24 11:03:10.548967+00:00)", "operator": "system", "plugin": "", "engagement_id": "", "previous_hash": "cd8167e0a19e9c55", "hash": "d9afc9051fc510e4"}
{"timestamp": "2026-02-24T09:03:10.550969+00:00", "level": "WARN", "action": "POLICY_DENIED", "details": "recon: Invalid time format in engagement context", "operator": "system", "plugin": "", "engagement_id": "", "previous_hash": "d9afc9051fc510e4", "hash": "8ed1e81215e91ec4"}
